Unity Editor version:    6000.0.23f1 (1c4764c07fb4)
Branch:                  6000.0/staging
Build type:              Release
Batch mode:              YES
macOS version:           Version 15.3.1 (Build 24D70)
Darwin version:          24.3.0
Architecture:            arm64
Running under Rosetta:   NO
Available memory:        16384 MB
Using pre-set license
Pro License: YES

COMMAND LINE ARGUMENTS:
/Applications/Unity/Hub/Editor/6000.0.23f1/Unity.app/Contents/MacOS/Unity
-adb2
-batchMode
-noUpm
-name
AssetImportWorker1
-projectPath
/Users/dinhhoang/Downloads/CarRacingGame
-logFile
Logs/AssetImportWorker1.log
-srvPort
61435
-job-worker-count
3
-background-job-worker-count
8
-asset-garbage-collectors
1
Successfully changed project path to: /Users/dinhhoang/Downloads/CarRacingGame
/Users/dinhhoang/Downloads/CarRacingGame
[UnityMemory] Configuration Parameters - Can be set up in boot.config
    "memorysetup-bucket-allocator-granularity=16"
    "memorysetup-bucket-allocator-bucket-count=8"
    "memorysetup-bucket-allocator-block-size=33554432"
    "memorysetup-bucket-allocator-block-count=8"
    "memorysetup-main-allocator-block-size=16777216"
    "memorysetup-thread-allocator-block-size=16777216"
    "memorysetup-gfx-main-allocator-block-size=16777216"
    "memorysetup-gfx-thread-allocator-block-size=16777216"
    "memorysetup-cache-allocator-block-size=4194304"
    "memorysetup-typetree-allocator-block-size=2097152"
    "memorysetup-profiler-bucket-allocator-granularity=16"
    "memorysetup-profiler-bucket-allocator-bucket-count=8"
    "memorysetup-profiler-bucket-allocator-block-size=33554432"
    "memorysetup-profiler-bucket-allocator-block-count=8"
    "memorysetup-profiler-allocator-block-size=16777216"
    "memorysetup-profiler-editor-allocator-block-size=1048576"
    "memorysetup-temp-allocator-size-main=16777216"
    "memorysetup-job-temp-allocator-block-size=2097152"
    "memorysetup-job-temp-allocator-block-size-background=1048576"
    "memorysetup-job-temp-allocator-reduction-small-platforms=262144"
    "memorysetup-allocator-temp-initial-block-size-main=262144"
    "memorysetup-allocator-temp-initial-block-size-worker=262144"
    "memorysetup-temp-allocator-size-background-worker=32768"
    "memorysetup-temp-allocator-size-job-worker=262144"
    "memorysetup-temp-allocator-size-preload-manager=33554432"
    "memorysetup-temp-allocator-size-nav-mesh-worker=65536"
    "memorysetup-temp-allocator-size-audio-worker=65536"
    "memorysetup-temp-allocator-size-cloud-worker=32768"
    "memorysetup-temp-allocator-size-gi-baking-worker=262144"
    "memorysetup-temp-allocator-size-gi-baking-worker=262144"
    "memorysetup-temp-allocator-size-gi-baking-worker=262144"
    "memorysetup-temp-allocator-size-gi-baking-worker=262144"
    "memorysetup-temp-allocator-size-gi-baking-worker=262144"
    "memorysetup-temp-allocator-size-gfx=262144"
Player connection [8720762944]  Target information:

Player connection [8720762944]  * "[IP] 192.168.1.196 [Port] 0 [Flags] 2 [Guid] 2739797591 [EditorId] 2739797591 [Version] 1048832 [Id] OSXEditor(0,MacBookPro) [Debug] 1 [PackageName] OSXEditor [ProjectName] Editor" 

Player connection [8720762944] Host joined multi-casting on [225.0.0.222:54997]...
Player connection [8720762944] Host joined alternative multi-casting on [225.0.0.222:34997]...
JobSystem: Creating JobQueue using job-worker-count value 3
[Physics::Module] Initialized fallback backend.
[Physics::Module] Id: 0xdecafbad
Library Redirect Path: Library/
[Physics::Module] Selected backend.
[Physics::Module] Name: PhysX
[Physics::Module] Id: 0xf2b8ea05
[Physics::Module] SDK Version: 4.1.2
[Physics::Module] Integration Version: 1.0.0
[Physics::Module] Threading Mode: Multi-Threaded
Refreshing native plugins compatible for Editor in 2.79 ms, found 2 plugins.
Preloading 0 native plugins for Editor in 0.00 ms.
Initialize engine version: 6000.0.23f1 (1c4764c07fb4)
[Subsystems] Discovering subsystems at path /Applications/Unity/Hub/Editor/6000.0.23f1/Unity.app/Contents/Resources/UnitySubsystems
[Subsystems] Discovering subsystems at path /Users/dinhhoang/Downloads/CarRacingGame/Assets
GfxDevice: creating device client; kGfxThreadingModeNonThreaded
 preferred device: Apple M1 Pro (high power)
Metal devices available: 1
0: Apple M1 Pro (high power)
Using device Apple M1 Pro (high power)
Initializing Metal device caps: Apple M1 Pro
Initialize mono
Mono path[0] = '/Applications/Unity/Hub/Editor/6000.0.23f1/Unity.app/Contents/Managed'
Mono path[1] = '/Applications/Unity/Hub/Editor/6000.0.23f1/Unity.app/Contents/MonoBleedingEdge/lib/mono/unityjit-macos'
Mono config path = '/Applications/Unity/Hub/Editor/6000.0.23f1/Unity.app/Contents/MonoBleedingEdge/etc'
Using monoOptions --debugger-agent=transport=dt_socket,embedding=1,server=y,suspend=n,address=127.0.0.1:56367
Begin MonoManager ReloadAssembly
Registering precompiled unity dll's ...
Register platform support module: /Applications/Unity/Hub/Editor/6000.0.23f1/Unity.app/Contents/PlaybackEngines/MacStandaloneSupport/UnityEditor.OSXStandalone.Extensions.dll
Registered in 0.001985 seconds.
- Loaded All Assemblies, in  0.289 seconds
Native extension for OSXStandalone target not found
Mono: successfully reloaded assembly
- Finished resetting the current domain, in  0.388 seconds
Domain Reload Profiling: 677ms
	BeginReloadAssembly (107ms)
		ExecutionOrderSort (0ms)
		DisableScriptedObjects (0ms)
		BackupInstance (0ms)
		ReleaseScriptingObjects (0ms)
		CreateAndSetChildDomain (0ms)
	RebuildCommonClasses (27ms)
	RebuildNativeTypeToScriptingClass (9ms)
	initialDomainReloadingComplete (33ms)
	LoadAllAssembliesAndSetupDomain (112ms)
		LoadAssemblies (107ms)
		RebuildTransferFunctionScriptingTraits (0ms)
		AnalyzeDomain (109ms)
			TypeCache.Refresh (108ms)
				TypeCache.ScanAssembly (98ms)
			BuildScriptInfoCaches (0ms)
			ResolveRequiredComponents (0ms)
	FinalizeReload (389ms)
		ReleaseScriptCaches (0ms)
		RebuildScriptCaches (0ms)
		SetupLoadedEditorAssemblies (357ms)
			LogAssemblyErrors (0ms)
			InitializePlatformSupportModulesInManaged (31ms)
			SetLoadedEditorAssemblies (4ms)
			BeforeProcessingInitializeOnLoad (4ms)
			ProcessInitializeOnLoadAttributes (179ms)
			ProcessInitializeOnLoadMethodAttributes (118ms)
			AfterProcessingInitializeOnLoad (21ms)
			EditorAssembliesLoaded (0ms)
		ExecutionOrderSort2 (0ms)
		AwakeInstancesAfterBackupRestoration (0ms)
========================================================================
Worker process is ready to serve import requests
Import Worker Mode flag is 0x00
Begin MonoManager ReloadAssembly
Symbol file LoadedFromMemory is not a mono symbol file
- Loaded All Assemblies, in  0.755 seconds
Refreshing native plugins compatible for Editor in 1.12 ms, found 2 plugins.
Native extension for OSXStandalone target not found
Refreshing native plugins compatible for Editor in 1.16 ms, found 2 plugins.
Mono: successfully reloaded assembly
- Finished resetting the current domain, in  0.746 seconds
Domain Reload Profiling: 1496ms
	BeginReloadAssembly (371ms)
		ExecutionOrderSort (0ms)
		DisableScriptedObjects (4ms)
		BackupInstance (0ms)
		ReleaseScriptingObjects (0ms)
		CreateAndSetChildDomain (29ms)
	RebuildCommonClasses (27ms)
	RebuildNativeTypeToScriptingClass (10ms)
	initialDomainReloadingComplete (22ms)
	LoadAllAssembliesAndSetupDomain (320ms)
		LoadAssemblies (260ms)
		RebuildTransferFunctionScriptingTraits (0ms)
		AnalyzeDomain (97ms)
			TypeCache.Refresh (73ms)
				TypeCache.ScanAssembly (60ms)
			BuildScriptInfoCaches (20ms)
			ResolveRequiredComponents (2ms)
	FinalizeReload (747ms)
		ReleaseScriptCaches (0ms)
		RebuildScriptCaches (0ms)
		SetupLoadedEditorAssemblies (602ms)
			LogAssemblyErrors (0ms)
			InitializePlatformSupportModulesInManaged (2ms)
			SetLoadedEditorAssemblies (3ms)
			BeforeProcessingInitializeOnLoad (35ms)
			ProcessInitializeOnLoadAttributes (444ms)
			ProcessInitializeOnLoadMethodAttributes (114ms)
			AfterProcessingInitializeOnLoad (3ms)
			EditorAssembliesLoaded (0ms)
		ExecutionOrderSort2 (0ms)
		AwakeInstancesAfterBackupRestoration (2ms)
Launching external process: /Applications/Unity/Hub/Editor/6000.0.23f1/Unity.app/Contents/Tools/UnityShaderCompiler
Launched and connected shader compiler UnityShaderCompiler after 0.05 seconds
Refreshing native plugins compatible for Editor in 1.53 ms, found 2 plugins.
Preloading 0 native plugins for Editor in 0.00 ms.
Unloading 11 Unused Serialized files (Serialized files now loaded: 0)
Unloading 2733 unused Assets / (0.5 MB). Loaded Objects now: 3342.
Memory consumption went from 119.6 MB to 119.1 MB.
Total: 8.777208 ms (FindLiveObjects: 0.586958 ms CreateObjectMapping: 0.072583 ms MarkObjects: 7.434750 ms  DeleteObjects: 0.682416 ms)

========================================================================
Received Import Request.
  Time since last request: 2578662.783568 seconds.
  path: Assets/Scenes/RaceArea02.unity
  artifactKey: Guid(2c9ed9fd7a307074881e30ffe168e4ac) Importer(815301076,1909f56bfc062723c751e8b465ee728b)
Start importing Assets/Scenes/RaceArea02.unity using Guid(2c9ed9fd7a307074881e30ffe168e4ac) Importer(815301076,1909f56bfc062723c751e8b465ee728b) (PreviewImporter) -> (artifact id: '821eab2c140633759f0de22cd4de8feb') in 0.003154334 seconds
Number of updated asset objects reloaded before import = 0Number of asset objects unloaded after import = 0

========================================================================
Received Import Request.
  Time since last request: 0.000043 seconds.
  path: Assets/Scenes/TrackSelect.unity
  artifactKey: Guid(1742e2ffb5a689b42b6cc71188681420) Importer(815301076,1909f56bfc062723c751e8b465ee728b)
Start importing Assets/Scenes/TrackSelect.unity using Guid(1742e2ffb5a689b42b6cc71188681420) Importer(815301076,1909f56bfc062723c751e8b465ee728b) (PreviewImporter) -> (artifact id: '8e87400e0afcacfc1e3ccdc7c6f96ad4') in 0.000210209 seconds
Number of updated asset objects reloaded before import = 0Number of asset objects unloaded after import = 0

========================================================================
Received Prepare
Begin MonoManager ReloadAssembly
Thread 0x321887000 may have been prematurely finalized
Symbol file LoadedFromMemory is not a mono symbol file
- Loaded All Assemblies, in  0.438 seconds
Refreshing native plugins compatible for Editor in 1.27 ms, found 2 plugins.
Native extension for OSXStandalone target not found
Refreshing native plugins compatible for Editor in 1.57 ms, found 2 plugins.
Mono: successfully reloaded assembly
- Finished resetting the current domain, in  0.800 seconds
Domain Reload Profiling: 1239ms
	BeginReloadAssembly (135ms)
		ExecutionOrderSort (0ms)
		DisableScriptedObjects (5ms)
		BackupInstance (0ms)
		ReleaseScriptingObjects (0ms)
		CreateAndSetChildDomain (54ms)
	RebuildCommonClasses (29ms)
	RebuildNativeTypeToScriptingClass (11ms)
	initialDomainReloadingComplete (21ms)
	LoadAllAssembliesAndSetupDomain (243ms)
		LoadAssemblies (185ms)
		RebuildTransferFunctionScriptingTraits (0ms)
		AnalyzeDomain (98ms)
			TypeCache.Refresh (8ms)
				TypeCache.ScanAssembly (0ms)
			BuildScriptInfoCaches (86ms)
			ResolveRequiredComponents (2ms)
	FinalizeReload (801ms)
		ReleaseScriptCaches (0ms)
		RebuildScriptCaches (0ms)
		SetupLoadedEditorAssemblies (657ms)
			LogAssemblyErrors (0ms)
			InitializePlatformSupportModulesInManaged (2ms)
			SetLoadedEditorAssemblies (3ms)
			BeforeProcessingInitializeOnLoad (68ms)
			ProcessInitializeOnLoadAttributes (458ms)
			ProcessInitializeOnLoadMethodAttributes (122ms)
			AfterProcessingInitializeOnLoad (3ms)
			EditorAssembliesLoaded (0ms)
		ExecutionOrderSort2 (0ms)
		AwakeInstancesAfterBackupRestoration (3ms)
Refreshing native plugins compatible for Editor in 1.16 ms, found 2 plugins.
Preloading 0 native plugins for Editor in 0.00 ms.
Unloading 0 Unused Serialized files (Serialized files now loaded: 0)
Unloading 2731 unused Assets / (66.0 KB). Loaded Objects now: 3344.
Memory consumption went from 132.3 MB to 132.3 MB.
Total: 8.609083 ms (FindLiveObjects: 0.147833 ms CreateObjectMapping: 0.070833 ms MarkObjects: 8.030417 ms  DeleteObjects: 0.359292 ms)

Prepare: number of updated asset objects reloaded= 0
========================================================================
Received Prepare
Begin MonoManager ReloadAssembly
Thread 0x16bcc3000 may have been prematurely finalized
Symbol file LoadedFromMemory is not a mono symbol file
- Loaded All Assemblies, in  0.504 seconds
Refreshing native plugins compatible for Editor in 1.33 ms, found 2 plugins.
Native extension for OSXStandalone target not found
Refreshing native plugins compatible for Editor in 1.29 ms, found 2 plugins.
Mono: successfully reloaded assembly
- Finished resetting the current domain, in  0.823 seconds
Domain Reload Profiling: 1328ms
	BeginReloadAssembly (166ms)
		ExecutionOrderSort (0ms)
		DisableScriptedObjects (8ms)
		BackupInstance (0ms)
		ReleaseScriptingObjects (0ms)
		CreateAndSetChildDomain (76ms)
	RebuildCommonClasses (31ms)
	RebuildNativeTypeToScriptingClass (12ms)
	initialDomainReloadingComplete (16ms)
	LoadAllAssembliesAndSetupDomain (279ms)
		LoadAssemblies (232ms)
		RebuildTransferFunctionScriptingTraits (0ms)
		AnalyzeDomain (89ms)
			TypeCache.Refresh (13ms)
				TypeCache.ScanAssembly (0ms)
			BuildScriptInfoCaches (71ms)
			ResolveRequiredComponents (2ms)
	FinalizeReload (823ms)
		ReleaseScriptCaches (0ms)
		RebuildScriptCaches (0ms)
		SetupLoadedEditorAssemblies (683ms)
			LogAssemblyErrors (0ms)
			InitializePlatformSupportModulesInManaged (2ms)
			SetLoadedEditorAssemblies (3ms)
			BeforeProcessingInitializeOnLoad (52ms)
			ProcessInitializeOnLoadAttributes (503ms)
			ProcessInitializeOnLoadMethodAttributes (119ms)
			AfterProcessingInitializeOnLoad (3ms)
			EditorAssembliesLoaded (0ms)
		ExecutionOrderSort2 (0ms)
		AwakeInstancesAfterBackupRestoration (2ms)
Refreshing native plugins compatible for Editor in 1.21 ms, found 2 plugins.
Preloading 0 native plugins for Editor in 0.00 ms.
Unloading 0 Unused Serialized files (Serialized files now loaded: 0)
Unloading 2731 unused Assets / (425.1 KB). Loaded Objects now: 3344.
Memory consumption went from 138.4 MB to 137.9 MB.
Total: 8.021750 ms (FindLiveObjects: 0.162833 ms CreateObjectMapping: 0.134833 ms MarkObjects: 7.273584 ms  DeleteObjects: 0.449708 ms)

Prepare: number of updated asset objects reloaded= 0
========================================================================
Received Prepare
Begin MonoManager ReloadAssembly
Thread 0x16bcc3000 may have been prematurely finalized
Symbol file LoadedFromMemory is not a mono symbol file
- Loaded All Assemblies, in  0.545 seconds
Refreshing native plugins compatible for Editor in 1.09 ms, found 2 plugins.
Native extension for OSXStandalone target not found
Refreshing native plugins compatible for Editor in 1.72 ms, found 2 plugins.
Mono: successfully reloaded assembly
- Finished resetting the current domain, in  0.802 seconds
Domain Reload Profiling: 1349ms
	BeginReloadAssembly (191ms)
		ExecutionOrderSort (0ms)
		DisableScriptedObjects (11ms)
		BackupInstance (0ms)
		ReleaseScriptingObjects (0ms)
		CreateAndSetChildDomain (81ms)
	RebuildCommonClasses (32ms)
	RebuildNativeTypeToScriptingClass (10ms)
	initialDomainReloadingComplete (20ms)
	LoadAllAssembliesAndSetupDomain (293ms)
		LoadAssemblies (267ms)
		RebuildTransferFunctionScriptingTraits (0ms)
		AnalyzeDomain (82ms)
			TypeCache.Refresh (8ms)
				TypeCache.ScanAssembly (0ms)
			BuildScriptInfoCaches (70ms)
			ResolveRequiredComponents (2ms)
	FinalizeReload (803ms)
		ReleaseScriptCaches (0ms)
		RebuildScriptCaches (0ms)
		SetupLoadedEditorAssemblies (660ms)
			LogAssemblyErrors (0ms)
			InitializePlatformSupportModulesInManaged (2ms)
			SetLoadedEditorAssemblies (3ms)
			BeforeProcessingInitializeOnLoad (46ms)
			ProcessInitializeOnLoadAttributes (486ms)
			ProcessInitializeOnLoadMethodAttributes (119ms)
			AfterProcessingInitializeOnLoad (3ms)
			EditorAssembliesLoaded (0ms)
		ExecutionOrderSort2 (0ms)
		AwakeInstancesAfterBackupRestoration (3ms)
Refreshing native plugins compatible for Editor in 1.23 ms, found 2 plugins.
Preloading 0 native plugins for Editor in 0.00 ms.
Unloading 0 Unused Serialized files (Serialized files now loaded: 0)
Unloading 2731 unused Assets / (476.6 KB). Loaded Objects now: 3344.
Memory consumption went from 144.4 MB to 143.9 MB.
Total: 8.676417 ms (FindLiveObjects: 0.182416 ms CreateObjectMapping: 0.075334 ms MarkObjects: 7.896666 ms  DeleteObjects: 0.521125 ms)

Prepare: number of updated asset objects reloaded= 0
========================================================================
Received Prepare
Begin MonoManager ReloadAssembly
Thread 0x16bcc3000 may have been prematurely finalized
Symbol file LoadedFromMemory is not a mono symbol file
- Loaded All Assemblies, in  0.566 seconds
Refreshing native plugins compatible for Editor in 1.33 ms, found 2 plugins.
Native extension for OSXStandalone target not found
Refreshing native plugins compatible for Editor in 1.25 ms, found 2 plugins.
Mono: successfully reloaded assembly
- Finished resetting the current domain, in  0.833 seconds
Domain Reload Profiling: 1400ms
	BeginReloadAssembly (207ms)
		ExecutionOrderSort (0ms)
		DisableScriptedObjects (10ms)
		BackupInstance (0ms)
		ReleaseScriptingObjects (0ms)
		CreateAndSetChildDomain (84ms)
	RebuildCommonClasses (30ms)
	RebuildNativeTypeToScriptingClass (11ms)
	initialDomainReloadingComplete (17ms)
	LoadAllAssembliesAndSetupDomain (303ms)
		LoadAssemblies (293ms)
		RebuildTransferFunctionScriptingTraits (0ms)
		AnalyzeDomain (82ms)
			TypeCache.Refresh (9ms)
				TypeCache.ScanAssembly (0ms)
			BuildScriptInfoCaches (69ms)
			ResolveRequiredComponents (2ms)
	FinalizeReload (833ms)
		ReleaseScriptCaches (0ms)
		RebuildScriptCaches (0ms)
		SetupLoadedEditorAssemblies (691ms)
			LogAssemblyErrors (0ms)
			InitializePlatformSupportModulesInManaged (2ms)
			SetLoadedEditorAssemblies (4ms)
			BeforeProcessingInitializeOnLoad (48ms)
			ProcessInitializeOnLoadAttributes (504ms)
			ProcessInitializeOnLoadMethodAttributes (127ms)
			AfterProcessingInitializeOnLoad (6ms)
			EditorAssembliesLoaded (0ms)
		ExecutionOrderSort2 (0ms)
		AwakeInstancesAfterBackupRestoration (3ms)
Refreshing native plugins compatible for Editor in 1.33 ms, found 2 plugins.
Preloading 0 native plugins for Editor in 0.00 ms.
Unloading 0 Unused Serialized files (Serialized files now loaded: 0)
Unloading 2731 unused Assets / (484.5 KB). Loaded Objects now: 3344.
Memory consumption went from 150.5 MB to 150.0 MB.
Total: 9.369458 ms (FindLiveObjects: 0.202041 ms CreateObjectMapping: 0.082833 ms MarkObjects: 8.506459 ms  DeleteObjects: 0.576792 ms)

Prepare: number of updated asset objects reloaded= 0
========================================================================
Received Prepare
Begin MonoManager ReloadAssembly
Thread 0x16bcc3000 may have been prematurely finalized
Symbol file LoadedFromMemory is not a mono symbol file
- Loaded All Assemblies, in  0.487 seconds
Refreshing native plugins compatible for Editor in 1.11 ms, found 2 plugins.
Native extension for OSXStandalone target not found
Refreshing native plugins compatible for Editor in 1.49 ms, found 2 plugins.
Mono: successfully reloaded assembly
- Finished resetting the current domain, in  0.858 seconds
Domain Reload Profiling: 1346ms
	BeginReloadAssembly (193ms)
		ExecutionOrderSort (0ms)
		DisableScriptedObjects (14ms)
		BackupInstance (0ms)
		ReleaseScriptingObjects (0ms)
		CreateAndSetChildDomain (77ms)
	RebuildCommonClasses (32ms)
	RebuildNativeTypeToScriptingClass (10ms)
	initialDomainReloadingComplete (18ms)
	LoadAllAssembliesAndSetupDomain (235ms)
		LoadAssemblies (222ms)
		RebuildTransferFunctionScriptingTraits (0ms)
		AnalyzeDomain (71ms)
			TypeCache.Refresh (6ms)
				TypeCache.ScanAssembly (0ms)
			BuildScriptInfoCaches (62ms)
			ResolveRequiredComponents (2ms)
	FinalizeReload (859ms)
		ReleaseScriptCaches (0ms)
		RebuildScriptCaches (0ms)
		SetupLoadedEditorAssemblies (712ms)
			LogAssemblyErrors (0ms)
			InitializePlatformSupportModulesInManaged (2ms)
			SetLoadedEditorAssemblies (3ms)
			BeforeProcessingInitializeOnLoad (40ms)
			ProcessInitializeOnLoadAttributes (537ms)
			ProcessInitializeOnLoadMethodAttributes (127ms)
			AfterProcessingInitializeOnLoad (3ms)
			EditorAssembliesLoaded (0ms)
		ExecutionOrderSort2 (0ms)
		AwakeInstancesAfterBackupRestoration (3ms)
Refreshing native plugins compatible for Editor in 1.24 ms, found 2 plugins.
Preloading 0 native plugins for Editor in 0.00 ms.
Unloading 0 Unused Serialized files (Serialized files now loaded: 0)
Unloading 2731 unused Assets / (227.2 KB). Loaded Objects now: 3344.
Memory consumption went from 156.6 MB to 156.4 MB.
Total: 8.932292 ms (FindLiveObjects: 0.196125 ms CreateObjectMapping: 0.078709 ms MarkObjects: 7.895791 ms  DeleteObjects: 0.761083 ms)

Prepare: number of updated asset objects reloaded= 0
========================================================================
Received Prepare
Begin MonoManager ReloadAssembly
Thread 0x16bcc3000 may have been prematurely finalized
Symbol file LoadedFromMemory is not a mono symbol file
- Loaded All Assemblies, in  0.545 seconds
Refreshing native plugins compatible for Editor in 1.34 ms, found 2 plugins.
Native extension for OSXStandalone target not found
Refreshing native plugins compatible for Editor in 1.31 ms, found 2 plugins.
Mono: successfully reloaded assembly
- Finished resetting the current domain, in  0.814 seconds
Domain Reload Profiling: 1360ms
	BeginReloadAssembly (202ms)
		ExecutionOrderSort (0ms)
		DisableScriptedObjects (8ms)
		BackupInstance (0ms)
		ReleaseScriptingObjects (0ms)
		CreateAndSetChildDomain (88ms)
	RebuildCommonClasses (30ms)
	RebuildNativeTypeToScriptingClass (10ms)
	initialDomainReloadingComplete (19ms)
	LoadAllAssembliesAndSetupDomain (284ms)
		LoadAssemblies (254ms)
		RebuildTransferFunctionScriptingTraits (0ms)
		AnalyzeDomain (91ms)
			TypeCache.Refresh (9ms)
				TypeCache.ScanAssembly (0ms)
			BuildScriptInfoCaches (77ms)
			ResolveRequiredComponents (3ms)
	FinalizeReload (815ms)
		ReleaseScriptCaches (0ms)
		RebuildScriptCaches (0ms)
		SetupLoadedEditorAssemblies (672ms)
			LogAssemblyErrors (0ms)
			InitializePlatformSupportModulesInManaged (2ms)
			SetLoadedEditorAssemblies (3ms)
			BeforeProcessingInitializeOnLoad (45ms)
			ProcessInitializeOnLoadAttributes (495ms)
			ProcessInitializeOnLoadMethodAttributes (123ms)
			AfterProcessingInitializeOnLoad (3ms)
			EditorAssembliesLoaded (0ms)
		ExecutionOrderSort2 (0ms)
		AwakeInstancesAfterBackupRestoration (3ms)
Refreshing native plugins compatible for Editor in 1.41 ms, found 2 plugins.
Preloading 0 native plugins for Editor in 0.00 ms.
Unloading 0 Unused Serialized files (Serialized files now loaded: 0)
Unloading 2731 unused Assets / (0.8 MB). Loaded Objects now: 3344.
Memory consumption went from 162.6 MB to 161.9 MB.
Total: 8.260208 ms (FindLiveObjects: 0.161417 ms CreateObjectMapping: 0.069875 ms MarkObjects: 7.415041 ms  DeleteObjects: 0.613500 ms)

Prepare: number of updated asset objects reloaded= 0
========================================================================
Received Import Request.
  Time since last request: 667.738610 seconds.
  path: Assets/Scenes/RaceArea01/ReflectionProbe-0.exr
  artifactKey: Guid(d92da63b09c5245b5867704989e2512f) Importer(815301076,1909f56bfc062723c751e8b465ee728b)
Start importing Assets/Scenes/RaceArea01/ReflectionProbe-0.exr using Guid(d92da63b09c5245b5867704989e2512f) Importer(815301076,1909f56bfc062723c751e8b465ee728b) (PreviewImporter) -> (artifact id: 'e8644a0d8046e98caf498c64d4ce7afa') in 0.315837292 seconds
Number of updated asset objects reloaded before import = 0Number of asset objects unloaded after import = 1

========================================================================
Received Import Request.
  Time since last request: 188.660523 seconds.
  path: Assets/Scenes/RaceArea02/ReflectionProbe-0.exr
  artifactKey: Guid(7e9bffe2a97984f789283176aff33a95) Importer(815301076,1909f56bfc062723c751e8b465ee728b)
Start importing Assets/Scenes/RaceArea02/ReflectionProbe-0.exr using Guid(7e9bffe2a97984f789283176aff33a95) Importer(815301076,1909f56bfc062723c751e8b465ee728b) (PreviewImporter) -> (artifact id: '0ed83694d795a81e270915dac1bb8e1f') in 0.039635459 seconds
Number of updated asset objects reloaded before import = 0Number of asset objects unloaded after import = 1

========================================================================
Received Prepare
Begin MonoManager ReloadAssembly
Thread 0x16bcc3000 may have been prematurely finalized
Symbol file LoadedFromMemory is not a mono symbol file
- Loaded All Assemblies, in  0.636 seconds
Refreshing native plugins compatible for Editor in 1.34 ms, found 2 plugins.
Native extension for OSXStandalone target not found
Refreshing native plugins compatible for Editor in 1.65 ms, found 2 plugins.
Mono: successfully reloaded assembly
- Finished resetting the current domain, in  0.780 seconds
Domain Reload Profiling: 1418ms
	BeginReloadAssembly (245ms)
		ExecutionOrderSort (0ms)
		DisableScriptedObjects (14ms)
		BackupInstance (0ms)
		ReleaseScriptingObjects (1ms)
		CreateAndSetChildDomain (86ms)
	RebuildCommonClasses (31ms)
	RebuildNativeTypeToScriptingClass (10ms)
	initialDomainReloadingComplete (25ms)
	LoadAllAssembliesAndSetupDomain (326ms)
		LoadAssemblies (327ms)
		RebuildTransferFunctionScriptingTraits (0ms)
		AnalyzeDomain (89ms)
			TypeCache.Refresh (10ms)
				TypeCache.ScanAssembly (0ms)
			BuildScriptInfoCaches (75ms)
			ResolveRequiredComponents (2ms)
	FinalizeReload (780ms)
		ReleaseScriptCaches (0ms)
		RebuildScriptCaches (0ms)
		SetupLoadedEditorAssemblies (632ms)
			LogAssemblyErrors (0ms)
			InitializePlatformSupportModulesInManaged (2ms)
			SetLoadedEditorAssemblies (4ms)
			BeforeProcessingInitializeOnLoad (43ms)
			ProcessInitializeOnLoadAttributes (459ms)
			ProcessInitializeOnLoadMethodAttributes (120ms)
			AfterProcessingInitializeOnLoad (3ms)
			EditorAssembliesLoaded (0ms)
		ExecutionOrderSort2 (0ms)
		AwakeInstancesAfterBackupRestoration (3ms)
Refreshing native plugins compatible for Editor in 1.57 ms, found 2 plugins.
Preloading 0 native plugins for Editor in 0.00 ms.
Unloading 0 Unused Serialized files (Serialized files now loaded: 0)
Unloading 2731 unused Assets / (66.0 KB). Loaded Objects now: 3376.
Memory consumption went from 169.6 MB to 169.6 MB.
Total: 8.941708 ms (FindLiveObjects: 0.195333 ms CreateObjectMapping: 0.086959 ms MarkObjects: 8.268875 ms  DeleteObjects: 0.390209 ms)

Prepare: number of updated asset objects reloaded= 0
========================================================================
Received Prepare
Begin MonoManager ReloadAssembly
Thread 0x16bcc3000 may have been prematurely finalized
Symbol file LoadedFromMemory is not a mono symbol file
- Loaded All Assemblies, in  0.507 seconds
Refreshing native plugins compatible for Editor in 4.56 ms, found 2 plugins.
Native extension for OSXStandalone target not found
Refreshing native plugins compatible for Editor in 1.40 ms, found 2 plugins.
Mono: successfully reloaded assembly
- Finished resetting the current domain, in  0.772 seconds
Domain Reload Profiling: 1281ms
	BeginReloadAssembly (180ms)
		ExecutionOrderSort (0ms)
		DisableScriptedObjects (7ms)
		BackupInstance (0ms)
		ReleaseScriptingObjects (0ms)
		CreateAndSetChildDomain (73ms)
	RebuildCommonClasses (29ms)
	RebuildNativeTypeToScriptingClass (10ms)
	initialDomainReloadingComplete (21ms)
	LoadAllAssembliesAndSetupDomain (268ms)
		LoadAssemblies (248ms)
		RebuildTransferFunctionScriptingTraits (0ms)
		AnalyzeDomain (80ms)
			TypeCache.Refresh (10ms)
				TypeCache.ScanAssembly (0ms)
			BuildScriptInfoCaches (65ms)
			ResolveRequiredComponents (2ms)
	FinalizeReload (773ms)
		ReleaseScriptCaches (0ms)
		RebuildScriptCaches (0ms)
		SetupLoadedEditorAssemblies (631ms)
			LogAssemblyErrors (0ms)
			InitializePlatformSupportModulesInManaged (2ms)
			SetLoadedEditorAssemblies (3ms)
			BeforeProcessingInitializeOnLoad (42ms)
			ProcessInitializeOnLoadAttributes (460ms)
			ProcessInitializeOnLoadMethodAttributes (121ms)
			AfterProcessingInitializeOnLoad (3ms)
			EditorAssembliesLoaded (0ms)
		ExecutionOrderSort2 (0ms)
		AwakeInstancesAfterBackupRestoration (3ms)
Refreshing native plugins compatible for Editor in 1.18 ms, found 2 plugins.
Preloading 0 native plugins for Editor in 0.00 ms.
Unloading 0 Unused Serialized files (Serialized files now loaded: 0)
Unloading 2731 unused Assets / (0.5 MB). Loaded Objects now: 3376.
Memory consumption went from 175.7 MB to 175.1 MB.
Total: 8.543000 ms (FindLiveObjects: 0.187416 ms CreateObjectMapping: 0.090417 ms MarkObjects: 7.804084 ms  DeleteObjects: 0.460000 ms)

Prepare: number of updated asset objects reloaded= 0
========================================================================
Received Prepare
Begin MonoManager ReloadAssembly
Thread 0x16bcc3000 may have been prematurely finalized
Symbol file LoadedFromMemory is not a mono symbol file
- Loaded All Assemblies, in  0.392 seconds
Refreshing native plugins compatible for Editor in 1.50 ms, found 2 plugins.
Native extension for OSXStandalone target not found
Refreshing native plugins compatible for Editor in 1.48 ms, found 2 plugins.
Mono: successfully reloaded assembly
- Finished resetting the current domain, in  0.786 seconds
Domain Reload Profiling: 1179ms
	BeginReloadAssembly (111ms)
		ExecutionOrderSort (0ms)
		DisableScriptedObjects (4ms)
		BackupInstance (0ms)
		ReleaseScriptingObjects (0ms)
		CreateAndSetChildDomain (44ms)
	RebuildCommonClasses (28ms)
	RebuildNativeTypeToScriptingClass (10ms)
	initialDomainReloadingComplete (15ms)
	LoadAllAssembliesAndSetupDomain (229ms)
		LoadAssemblies (190ms)
		RebuildTransferFunctionScriptingTraits (0ms)
		AnalyzeDomain (76ms)
			TypeCache.Refresh (5ms)
				TypeCache.ScanAssembly (0ms)
			BuildScriptInfoCaches (66ms)
			ResolveRequiredComponents (2ms)
	FinalizeReload (786ms)
		ReleaseScriptCaches (0ms)
		RebuildScriptCaches (0ms)
		SetupLoadedEditorAssemblies (651ms)
			LogAssemblyErrors (0ms)
			InitializePlatformSupportModulesInManaged (2ms)
			SetLoadedEditorAssemblies (4ms)
			BeforeProcessingInitializeOnLoad (51ms)
			ProcessInitializeOnLoadAttributes (477ms)
			ProcessInitializeOnLoadMethodAttributes (114ms)
			AfterProcessingInitializeOnLoad (3ms)
			EditorAssembliesLoaded (0ms)
		ExecutionOrderSort2 (0ms)
		AwakeInstancesAfterBackupRestoration (2ms)
Refreshing native plugins compatible for Editor in 1.20 ms, found 2 plugins.
Preloading 0 native plugins for Editor in 0.00 ms.
Unloading 0 Unused Serialized files (Serialized files now loaded: 0)
Unloading 2731 unused Assets / (236.2 KB). Loaded Objects now: 3376.
Memory consumption went from 181.7 MB to 181.5 MB.
Total: 8.038291 ms (FindLiveObjects: 0.164458 ms CreateObjectMapping: 0.071000 ms MarkObjects: 7.376375 ms  DeleteObjects: 0.425750 ms)

Prepare: number of updated asset objects reloaded= 0
========================================================================
Received Import Request.
  Time since last request: 713.172153 seconds.
  path: Assets/Scripts/ButtonOption.cs
  artifactKey: Guid(d678fe5b0089e3b4693b9c172f6393e5) Importer(815301076,1909f56bfc062723c751e8b465ee728b)
Start importing Assets/Scripts/ButtonOption.cs using Guid(d678fe5b0089e3b4693b9c172f6393e5) Importer(815301076,1909f56bfc062723c751e8b465ee728b) (PreviewImporter) -> (artifact id: '96fd322224b6c184ea8670a8ada182ae') in 0.00161625 seconds
Number of updated asset objects reloaded before import = 0Number of asset objects unloaded after import = 0

========================================================================
Received Prepare
Begin MonoManager ReloadAssembly
Thread 0x16bcc3000 may have been prematurely finalized
Symbol file LoadedFromMemory is not a mono symbol file
- Loaded All Assemblies, in  0.507 seconds
Refreshing native plugins compatible for Editor in 3.21 ms, found 2 plugins.
Native extension for OSXStandalone target not found
Refreshing native plugins compatible for Editor in 1.27 ms, found 2 plugins.
Mono: successfully reloaded assembly
- Finished resetting the current domain, in  0.845 seconds
Domain Reload Profiling: 1354ms
	BeginReloadAssembly (177ms)
		ExecutionOrderSort (0ms)
		DisableScriptedObjects (8ms)
		BackupInstance (0ms)
		ReleaseScriptingObjects (0ms)
		CreateAndSetChildDomain (67ms)
	RebuildCommonClasses (34ms)
	RebuildNativeTypeToScriptingClass (10ms)
	initialDomainReloadingComplete (20ms)
	LoadAllAssembliesAndSetupDomain (267ms)
		LoadAssemblies (224ms)
		RebuildTransferFunctionScriptingTraits (0ms)
		AnalyzeDomain (96ms)
			TypeCache.Refresh (17ms)
				TypeCache.ScanAssembly (0ms)
			BuildScriptInfoCaches (69ms)
			ResolveRequiredComponents (3ms)
	FinalizeReload (845ms)
		ReleaseScriptCaches (0ms)
		RebuildScriptCaches (0ms)
		SetupLoadedEditorAssemblies (705ms)
			LogAssemblyErrors (0ms)
			InitializePlatformSupportModulesInManaged (3ms)
			SetLoadedEditorAssemblies (3ms)
			BeforeProcessingInitializeOnLoad (55ms)
			ProcessInitializeOnLoadAttributes (509ms)
			ProcessInitializeOnLoadMethodAttributes (131ms)
			AfterProcessingInitializeOnLoad (3ms)
			EditorAssembliesLoaded (0ms)
		ExecutionOrderSort2 (0ms)
		AwakeInstancesAfterBackupRestoration (3ms)
Refreshing native plugins compatible for Editor in 1.33 ms, found 2 plugins.
Preloading 0 native plugins for Editor in 0.00 ms.
Unloading 0 Unused Serialized files (Serialized files now loaded: 0)
Unloading 2731 unused Assets / (397.1 KB). Loaded Objects now: 3376.
Memory consumption went from 187.8 MB to 187.5 MB.
Total: 8.576042 ms (FindLiveObjects: 0.166375 ms CreateObjectMapping: 0.073875 ms MarkObjects: 7.873625 ms  DeleteObjects: 0.461333 ms)

Prepare: number of updated asset objects reloaded= 0
========================================================================
Received Import Request.
  Time since last request: 62.256419 seconds.
  path: Assets/Scenes/TrackSelect/ReflectionProbe-0.exr
  artifactKey: Guid(b365ab3b4d3054a4388d3a26b1efe448) Importer(815301076,1909f56bfc062723c751e8b465ee728b)
Start importing Assets/Scenes/TrackSelect/ReflectionProbe-0.exr using Guid(b365ab3b4d3054a4388d3a26b1efe448) Importer(815301076,1909f56bfc062723c751e8b465ee728b) (PreviewImporter) -> (artifact id: '5a91854ad48bd9605f46c4d82589b44a') in 0.100672042 seconds
Number of updated asset objects reloaded before import = 0Number of asset objects unloaded after import = 1

========================================================================
Received Import Request.
  Time since last request: 44.903384 seconds.
  path: Assets/Scenes/MainMenu/ReflectionProbe-0.exr
  artifactKey: Guid(4c2f47191a9c647ea8a297bb15c03d98) Importer(815301076,1909f56bfc062723c751e8b465ee728b)
Start importing Assets/Scenes/MainMenu/ReflectionProbe-0.exr using Guid(4c2f47191a9c647ea8a297bb15c03d98) Importer(815301076,1909f56bfc062723c751e8b465ee728b) (PreviewImporter) -> (artifact id: '723329a5e1b593e7b69b6de9d6ca7187') in 0.051745458 seconds
Number of updated asset objects reloaded before import = 0Number of asset objects unloaded after import = 1

========================================================================
Received Prepare
Begin MonoManager ReloadAssembly
Thread 0x16bcc3000 may have been prematurely finalized
Symbol file LoadedFromMemory is not a mono symbol file
- Loaded All Assemblies, in  0.514 seconds
Refreshing native plugins compatible for Editor in 2.58 ms, found 2 plugins.
Native extension for OSXStandalone target not found
Refreshing native plugins compatible for Editor in 1.52 ms, found 2 plugins.
Mono: successfully reloaded assembly
- Finished resetting the current domain, in  0.810 seconds
Domain Reload Profiling: 1326ms
	BeginReloadAssembly (180ms)
		ExecutionOrderSort (0ms)
		DisableScriptedObjects (9ms)
		BackupInstance (0ms)
		ReleaseScriptingObjects (0ms)
		CreateAndSetChildDomain (70ms)
	RebuildCommonClasses (28ms)
	RebuildNativeTypeToScriptingClass (10ms)
	initialDomainReloadingComplete (19ms)
	LoadAllAssembliesAndSetupDomain (278ms)
		LoadAssemblies (247ms)
		RebuildTransferFunctionScriptingTraits (0ms)
		AnalyzeDomain (86ms)
			TypeCache.Refresh (7ms)
				TypeCache.ScanAssembly (0ms)
			BuildScriptInfoCaches (75ms)
			ResolveRequiredComponents (2ms)
	FinalizeReload (810ms)
		ReleaseScriptCaches (0ms)
		RebuildScriptCaches (0ms)
		SetupLoadedEditorAssemblies (676ms)
			LogAssemblyErrors (0ms)
			InitializePlatformSupportModulesInManaged (2ms)
			SetLoadedEditorAssemblies (3ms)
			BeforeProcessingInitializeOnLoad (46ms)
			ProcessInitializeOnLoadAttributes (496ms)
			ProcessInitializeOnLoadMethodAttributes (125ms)
			AfterProcessingInitializeOnLoad (3ms)
			EditorAssembliesLoaded (0ms)
		ExecutionOrderSort2 (0ms)
		AwakeInstancesAfterBackupRestoration (3ms)
Refreshing native plugins compatible for Editor in 1.48 ms, found 2 plugins.
Preloading 0 native plugins for Editor in 0.00 ms.
Unloading 0 Unused Serialized files (Serialized files now loaded: 0)
Unloading 2731 unused Assets / (0.5 MB). Loaded Objects now: 3376.
Memory consumption went from 194.4 MB to 193.9 MB.
Total: 8.059292 ms (FindLiveObjects: 0.165958 ms CreateObjectMapping: 0.073958 ms MarkObjects: 7.406167 ms  DeleteObjects: 0.412958 ms)

Prepare: number of updated asset objects reloaded= 0
========================================================================
Received Import Request.
  Time since last request: 37.872727 seconds.
  path: Assets/New Terrain.asset
  artifactKey: Guid(bf91ee4b98ee02a41833d706990661a0) Importer(2089858483,192608db42251d675da83286b1cce702)
Start importing Assets/New Terrain.asset using Guid(bf91ee4b98ee02a41833d706990661a0) Importer(2089858483,192608db42251d675da83286b1cce702) (ScriptedImporter) -> (artifact id: '508d48603c73ca2d11847478878a3e5a') in 0.127564042 seconds
Number of updated asset objects reloaded before import = 0Number of asset objects unloaded after import = 43

========================================================================
Received Import Request.
  Time since last request: 0.000303 seconds.
  path: Assets/Classic Skybox/01/sky1_UP.jpg
  artifactKey: Guid(b3c8d7670a0c1cd4e86019824545d62d) Importer(2089858483,192608db42251d675da83286b1cce702)
Start importing Assets/Classic Skybox/01/sky1_UP.jpg using Guid(b3c8d7670a0c1cd4e86019824545d62d) Importer(2089858483,192608db42251d675da83286b1cce702) (ScriptedImporter) -> (artifact id: '6d2f21add7e8ff2dfe22c96474c77c2c') in 0.035254 seconds
Number of updated asset objects reloaded before import = 0Number of asset objects unloaded after import = 1

========================================================================
Received Import Request.
  Time since last request: 0.000098 seconds.
  path: Assets/Audio/FX/GetReady.wav
  artifactKey: Guid(93174fb7dc4dd0047a5b17594cc7d6f4) Importer(2089858483,192608db42251d675da83286b1cce702)
Start importing Assets/Audio/FX/GetReady.wav using Guid(93174fb7dc4dd0047a5b17594cc7d6f4) Importer(2089858483,192608db42251d675da83286b1cce702) (ScriptedImporter) -> (artifact id: '89667e45586483e3281e7158185ce629') in 0.024311958 seconds
Number of updated asset objects reloaded before import = 0Number of asset objects unloaded after import = 1

========================================================================
Received Import Request.
  Time since last request: 0.000038 seconds.
  path: Assets/Classic Skybox/sky06.mat
  artifactKey: Guid(3c2476664a0b2ea4fb81a981d970a973) Importer(2089858483,192608db42251d675da83286b1cce702)
Start importing Assets/Classic Skybox/sky06.mat using Guid(3c2476664a0b2ea4fb81a981d970a973) Importer(2089858483,192608db42251d675da83286b1cce702) (ScriptedImporter) -> (artifact id: '2f7ca4015af1aa39367d73453b9fb72f') in 0.022653666 seconds
Number of updated asset objects reloaded before import = 0Number of asset objects unloaded after import = 7

========================================================================
Received Import Request.
  Time since last request: 0.000044 seconds.
  path: Assets/Classic Skybox/04/sky4_RT.jpg
  artifactKey: Guid(b4e4989688a4b3d49b180d87eca3b9d3) Importer(2089858483,192608db42251d675da83286b1cce702)
Start importing Assets/Classic Skybox/04/sky4_RT.jpg using Guid(b4e4989688a4b3d49b180d87eca3b9d3) Importer(2089858483,192608db42251d675da83286b1cce702) (ScriptedImporter) -> (artifact id: '1909dff8d105ddee2ee2684134be4d13') in 0.0101635 seconds
Number of updated asset objects reloaded before import = 0Number of asset objects unloaded after import = 1

========================================================================
Received Import Request.
  Time since last request: 0.000106 seconds.
  path: Assets/Textures/Rock001.jpg
  artifactKey: Guid(d2fd794362c212b4381e41a64598e665) Importer(2089858483,192608db42251d675da83286b1cce702)
Start importing Assets/Textures/Rock001.jpg using Guid(d2fd794362c212b4381e41a64598e665) Importer(2089858483,192608db42251d675da83286b1cce702) (ScriptedImporter) -> (artifact id: '744c06e45313c5e1caa5a4ea7485f076') in 0.010285166 seconds
Number of updated asset objects reloaded before import = 0Number of asset objects unloaded after import = 1

========================================================================
Received Import Request.
  Time since last request: 0.000119 seconds.
  path: Assets/Scenes/MainMenuSettings.lighting
  artifactKey: Guid(759e2280034da44328947c171f637a18) Importer(2089858483,192608db42251d675da83286b1cce702)
Start importing Assets/Scenes/MainMenuSettings.lighting using Guid(759e2280034da44328947c171f637a18) Importer(2089858483,192608db42251d675da83286b1cce702) (ScriptedImporter) -> (artifact id: 'e37789c534eb31cb5169839a3cdad788') in 0.009554584 seconds
Number of updated asset objects reloaded before import = 0Number of asset objects unloaded after import = 1

========================================================================
Received Import Request.
  Time since last request: 0.000233 seconds.
  path: Assets/Classic Skybox/02/sky2_RT.jpg
  artifactKey: Guid(e33d25d812b741543b0fec04eb9c314d) Importer(2089858483,192608db42251d675da83286b1cce702)
Start importing Assets/Classic Skybox/02/sky2_RT.jpg using Guid(e33d25d812b741543b0fec04eb9c314d) Importer(2089858483,192608db42251d675da83286b1cce702) (ScriptedImporter) -> (artifact id: '6ce0b3940959f1feb3c8e45ab13ca0dc') in 0.008730625 seconds
Number of updated asset objects reloaded before import = 0Number of asset objects unloaded after import = 1

========================================================================
Received Import Request.
  Time since last request: 0.000059 seconds.
  path: Assets/Classic Skybox/05/sky5_RT.jpg
  artifactKey: Guid(9979536c72dc9d748ac6814a93d055ec) Importer(2089858483,192608db42251d675da83286b1cce702)
Start importing Assets/Classic Skybox/05/sky5_RT.jpg using Guid(9979536c72dc9d748ac6814a93d055ec) Importer(2089858483,192608db42251d675da83286b1cce702) (ScriptedImporter) -> (artifact id: '2b0e90af63c2ae208bef8bf21907d4af') in 0.011087541 seconds
Number of updated asset objects reloaded before import = 0Number of asset objects unloaded after import = 1

========================================================================
Received Import Request.
  Time since last request: 0.000124 seconds.
  path: Assets/Audio/FX/Roll out Movie.mp3
  artifactKey: Guid(6d966af5062b75d4fbe51c8cf9646211) Importer(2089858483,192608db42251d675da83286b1cce702)
Start importing Assets/Audio/FX/Roll out Movie.mp3 using Guid(6d966af5062b75d4fbe51c8cf9646211) Importer(2089858483,192608db42251d675da83286b1cce702) (ScriptedImporter) -> (artifact id: '608108e1f38198a03506a03108017430') in 0.015680208 seconds
Number of updated asset objects reloaded before import = 0Number of asset objects unloaded after import = 1

========================================================================
Received Import Request.
  Time since last request: 0.000143 seconds.
  path: Assets/Classic Skybox/sky10.mat
  artifactKey: Guid(096be19f838addd45821efc82508c187) Importer(2089858483,192608db42251d675da83286b1cce702)
Start importing Assets/Classic Skybox/sky10.mat using Guid(096be19f838addd45821efc82508c187) Importer(2089858483,192608db42251d675da83286b1cce702) (ScriptedImporter) -> (artifact id: '721eb95b927146f643a59f8ae1550b0b') in 0.024808125 seconds
Number of updated asset objects reloaded before import = 0Number of asset objects unloaded after import = 7

========================================================================
Received Import Request.
  Time since last request: 0.000066 seconds.
  path: Assets/Textures/Asphalt001.jpg
  artifactKey: Guid(dcd02a661d69dda4fa9c8798cdd53f7c) Importer(2089858483,192608db42251d675da83286b1cce702)
Start importing Assets/Textures/Asphalt001.jpg using Guid(dcd02a661d69dda4fa9c8798cdd53f7c) Importer(2089858483,192608db42251d675da83286b1cce702) (ScriptedImporter) -> (artifact id: 'd29c2ed8447ed3d00f7a5640f0f47372') in 0.009798709 seconds
Number of updated asset objects reloaded before import = 0Number of asset objects unloaded after import = 1

========================================================================
Received Import Request.
  Time since last request: 0.000138 seconds.
  path: Assets/Classic Skybox/03/sky3_BK.jpg
  artifactKey: Guid(c650f3789afdaef4c85d6486bcab8768) Importer(2089858483,192608db42251d675da83286b1cce702)
Start importing Assets/Classic Skybox/03/sky3_BK.jpg using Guid(c650f3789afdaef4c85d6486bcab8768) Importer(2089858483,192608db42251d675da83286b1cce702) (ScriptedImporter) -> (artifact id: '3ab02e6730ac0e956c035d44d08bbbec') in 0.009010917 seconds
Number of updated asset objects reloaded before import = 0Number of asset objects unloaded after import = 1

========================================================================
Received Import Request.
  Time since last request: 0.000080 seconds.
  path: Assets/Classic Skybox/02/sky2_UP.jpg
  artifactKey: Guid(cb96f5cc248545448b827f26d9936624) Importer(2089858483,192608db42251d675da83286b1cce702)
Start importing Assets/Classic Skybox/02/sky2_UP.jpg using Guid(cb96f5cc248545448b827f26d9936624) Importer(2089858483,192608db42251d675da83286b1cce702) (ScriptedImporter) -> (artifact id: '10a75cf67f34baa3491ec8cf819fd050') in 0.009343375 seconds
Number of updated asset objects reloaded before import = 0Number of asset objects unloaded after import = 1

========================================================================
Received Import Request.
  Time since last request: 0.000100 seconds.
  path: Assets/Classic Skybox/02/sky2_DN.jpg
  artifactKey: Guid(f6e7d72d5fa156144977cf6a8c82da86) Importer(2089858483,192608db42251d675da83286b1cce702)
Start importing Assets/Classic Skybox/02/sky2_DN.jpg using Guid(f6e7d72d5fa156144977cf6a8c82da86) Importer(2089858483,192608db42251d675da83286b1cce702) (ScriptedImporter) -> (artifact id: '22e013d15e72b467b8ab4d8fd8c71c55') in 0.008273042 seconds
Number of updated asset objects reloaded before import = 0Number of asset objects unloaded after import = 1

========================================================================
Received Import Request.
  Time since last request: 0.000130 seconds.
  path: Assets/Textures/MiniMapTex.renderTexture
  artifactKey: Guid(b6a9ce4305f0843499a4334e2fcae05c) Importer(2089858483,192608db42251d675da83286b1cce702)
Start importing Assets/Textures/MiniMapTex.renderTexture using Guid(b6a9ce4305f0843499a4334e2fcae05c) Importer(2089858483,192608db42251d675da83286b1cce702) (ScriptedImporter) -> (artifact id: 'b5bc6abcb27023d753a8cf3f72f350df') in 0.00651525 seconds
Number of updated asset objects reloaded before import = 0Number of asset objects unloaded after import = 1

========================================================================
Received Import Request.
  Time since last request: 0.000093 seconds.
  path: Assets/Classic Skybox/sky12.mat
  artifactKey: Guid(67a9a41a1795d5f43b0596c1e2094a0b) Importer(2089858483,192608db42251d675da83286b1cce702)
Start importing Assets/Classic Skybox/sky12.mat using Guid(67a9a41a1795d5f43b0596c1e2094a0b) Importer(2089858483,192608db42251d675da83286b1cce702) (ScriptedImporter) -> (artifact id: 'd5fd86a94622d9a6fb5e455f1856bb8b') in 0.017297375 seconds
Number of updated asset objects reloaded before import = 0Number of asset objects unloaded after import = 7

========================================================================
Received Import Request.
  Time since last request: 0.000082 seconds.
  path: Assets/Classic Skybox/02/sky2_FR.jpg
  artifactKey: Guid(3fd4dc06b70073b4eb0926dd1bcb74e3) Importer(2089858483,192608db42251d675da83286b1cce702)
Start importing Assets/Classic Skybox/02/sky2_FR.jpg using Guid(3fd4dc06b70073b4eb0926dd1bcb74e3) Importer(2089858483,192608db42251d675da83286b1cce702) (ScriptedImporter) -> (artifact id: '9901fd3f145d6f4e6d7f4dee67673a53') in 0.010831917 seconds
Number of updated asset objects reloaded before import = 0Number of asset objects unloaded after import = 1

========================================================================
Received Import Request.
  Time since last request: 0.000100 seconds.
  path: Assets/Classic Skybox/03/sky3_FR.jpg
  artifactKey: Guid(3a35fdc928dbb19468c5ef4652813afb) Importer(2089858483,192608db42251d675da83286b1cce702)
Start importing Assets/Classic Skybox/03/sky3_FR.jpg using Guid(3a35fdc928dbb19468c5ef4652813afb) Importer(2089858483,192608db42251d675da83286b1cce702) (ScriptedImporter) -> (artifact id: 'f8cf117e25652342dada40db136c181f') in 0.008840916 seconds
Number of updated asset objects reloaded before import = 0Number of asset objects unloaded after import = 1

========================================================================
Received Import Request.
  Time since last request: 0.000124 seconds.
  path: Assets/Classic Skybox/01/sky1_LF.jpg
  artifactKey: Guid(a1eea21ab77686b4694b4a4adef12a6d) Importer(2089858483,192608db42251d675da83286b1cce702)
Start importing Assets/Classic Skybox/01/sky1_LF.jpg using Guid(a1eea21ab77686b4694b4a4adef12a6d) Importer(2089858483,192608db42251d675da83286b1cce702) (ScriptedImporter) -> (artifact id: '5f9fcc4000da970d63a8083d8c7d62e4') in 0.010462709 seconds
Number of updated asset objects reloaded before import = 0Number of asset objects unloaded after import = 1

========================================================================
Received Import Request.
  Time since last request: 0.000095 seconds.
  path: Assets/Classic Skybox/sky04.mat
  artifactKey: Guid(b028ca26d06b2ef4fa1a51cd55473aa3) Importer(2089858483,192608db42251d675da83286b1cce702)
Start importing Assets/Classic Skybox/sky04.mat using Guid(b028ca26d06b2ef4fa1a51cd55473aa3) Importer(2089858483,192608db42251d675da83286b1cce702) (ScriptedImporter) -> (artifact id: 'bcc1af2d48cd770fc5e42c755f0df949') in 0.0136585 seconds
Number of updated asset objects reloaded before import = 0Number of asset objects unloaded after import = 7

========================================================================
Received Import Request.
  Time since last request: 0.000103 seconds.
  path: Assets/Classic Skybox/02/sky2_BK.jpg
  artifactKey: Guid(65c6f3e9e6f58ca4b8ff10c95b4ca6e1) Importer(2089858483,192608db42251d675da83286b1cce702)
Start importing Assets/Classic Skybox/02/sky2_BK.jpg using Guid(65c6f3e9e6f58ca4b8ff10c95b4ca6e1) Importer(2089858483,192608db42251d675da83286b1cce702) (ScriptedImporter) -> (artifact id: '6a9b3dd357d1c7ac70897f5c8725de89') in 0.008873458 seconds
Number of updated asset objects reloaded before import = 0Number of asset objects unloaded after import = 1

========================================================================
Received Import Request.
  Time since last request: 0.000150 seconds.
  path: Assets/Textures/Asphalt001_N.jpg
  artifactKey: Guid(d46bca55d7420f34bbe6121ae3a60e05) Importer(2089858483,192608db42251d675da83286b1cce702)
Start importing Assets/Textures/Asphalt001_N.jpg using Guid(d46bca55d7420f34bbe6121ae3a60e05) Importer(2089858483,192608db42251d675da83286b1cce702) (ScriptedImporter) -> (artifact id: '10943526e9baffb1702b23b00cb929e6') in 0.007684458 seconds
Number of updated asset objects reloaded before import = 0Number of asset objects unloaded after import = 1

========================================================================
Received Import Request.
  Time since last request: 0.000092 seconds.
  path: Assets/Classic Skybox/08/sky8_BK.jpg
  artifactKey: Guid(a9eb5a35c420f3248ba1e450d2d79dc3) Importer(2089858483,192608db42251d675da83286b1cce702)
Start importing Assets/Classic Skybox/08/sky8_BK.jpg using Guid(a9eb5a35c420f3248ba1e450d2d79dc3) Importer(2089858483,192608db42251d675da83286b1cce702) (ScriptedImporter) -> (artifact id: 'b7816c44905748a3b18340140d8508de') in 0.010444083 seconds
Number of updated asset objects reloaded before import = 0Number of asset objects unloaded after import = 1

========================================================================
Received Import Request.
  Time since last request: 0.000166 seconds.
  path: Assets/Classic Skybox/03/sky3_DN.jpg
  artifactKey: Guid(67cfb64e54871e54fb077b76a7a3fb34) Importer(2089858483,192608db42251d675da83286b1cce702)
Start importing Assets/Classic Skybox/03/sky3_DN.jpg using Guid(67cfb64e54871e54fb077b76a7a3fb34) Importer(2089858483,192608db42251d675da83286b1cce702) (ScriptedImporter) -> (artifact id: '3f80b3ba9f406eb3c43fcab4d8b6ca38') in 0.008941542 seconds
Number of updated asset objects reloaded before import = 0Number of asset objects unloaded after import = 1

========================================================================
Received Import Request.
  Time since last request: 0.000115 seconds.
  path: Assets/Materials/Flag.mat
  artifactKey: Guid(a0cf77caf5e01294e9cc9fbe184f3ebc) Importer(2089858483,192608db42251d675da83286b1cce702)
Start importing Assets/Materials/Flag.mat using Guid(a0cf77caf5e01294e9cc9fbe184f3ebc) Importer(2089858483,192608db42251d675da83286b1cce702) (ScriptedImporter) -> (artifact id: 'b3d25e2b151dabbc4a19b290da1f9770') in 0.009523 seconds
Number of updated asset objects reloaded before import = 0Number of asset objects unloaded after import = 2

========================================================================
Received Import Request.
  Time since last request: 0.000068 seconds.
  path: Assets/Classic Skybox/01/sky1_FR.jpg
  artifactKey: Guid(54e6f163b8d00d5488cccceef7512344) Importer(2089858483,192608db42251d675da83286b1cce702)
Start importing Assets/Classic Skybox/01/sky1_FR.jpg using Guid(54e6f163b8d00d5488cccceef7512344) Importer(2089858483,192608db42251d675da83286b1cce702) (ScriptedImporter) -> (artifact id: '1f975d701f18bdae1f227244e20d20ac') in 0.011272291 seconds
Number of updated asset objects reloaded before import = 0Number of asset objects unloaded after import = 1

========================================================================
Received Import Request.
  Time since last request: 0.000688 seconds.
  path: Assets/Audio/FX/GoAudio.wav
  artifactKey: Guid(00a04913765a856489d9e5bcf5cac54f) Importer(2089858483,192608db42251d675da83286b1cce702)
Start importing Assets/Audio/FX/GoAudio.wav using Guid(00a04913765a856489d9e5bcf5cac54f) Importer(2089858483,192608db42251d675da83286b1cce702) (ScriptedImporter) -> (artifact id: '184c3b9b82292f1c12106f35030f2f9a') in 0.013232125 seconds
Number of updated asset objects reloaded before import = 0Number of asset objects unloaded after import = 1

========================================================================
Received Import Request.
  Time since last request: 0.000092 seconds.
  path: Assets/Scripts/CameraStable.cs
  artifactKey: Guid(5f11156ad341c0a4cb12349f67405c6c) Importer(2089858483,192608db42251d675da83286b1cce702)
Start importing Assets/Scripts/CameraStable.cs using Guid(5f11156ad341c0a4cb12349f67405c6c) Importer(2089858483,192608db42251d675da83286b1cce702) (ScriptedImporter) -> (artifact id: 'dbda459942f1d8b882944254a7ca96d6') in 0.010132 seconds
Number of updated asset objects reloaded before import = 0Number of asset objects unloaded after import = 0

========================================================================
Received Import Request.
  Time since last request: 0.000180 seconds.
  path: Assets/_TerrainAutoUpgrade/layer_Asphalt001Asphalt001_N3d3aba195e4d26ee.terrainlayer
  artifactKey: Guid(7a797a2eecef54a1e86cef7bfa2bb6c5) Importer(2089858483,192608db42251d675da83286b1cce702)
Start importing Assets/_TerrainAutoUpgrade/layer_Asphalt001Asphalt001_N3d3aba195e4d26ee.terrainlayer using Guid(7a797a2eecef54a1e86cef7bfa2bb6c5) Importer(2089858483,192608db42251d675da83286b1cce702) (ScriptedImporter) -> (artifact id: '7dfa23317c83c7fc6e4a50e4da234c5c') in 0.004642833 seconds
Number of updated asset objects reloaded before import = 0Number of asset objects unloaded after import = 3

========================================================================
Received Import Request.
  Time since last request: 0.000118 seconds.
  path: Assets/Textures/Grass001_N.jpg
  artifactKey: Guid(8051b1fd8a5a47b49a20cf5c9a1f445e) Importer(2089858483,192608db42251d675da83286b1cce702)
Start importing Assets/Textures/Grass001_N.jpg using Guid(8051b1fd8a5a47b49a20cf5c9a1f445e) Importer(2089858483,192608db42251d675da83286b1cce702) (ScriptedImporter) -> (artifact id: '1d7ba2fde925fffacacb3d1f269d0046') in 0.009675917 seconds
Number of updated asset objects reloaded before import = 0Number of asset objects unloaded after import = 1

========================================================================
Received Import Request.
  Time since last request: 0.000079 seconds.
  path: Assets/Classic Skybox/13/sky13_DN.jpg
  artifactKey: Guid(5cc8f104fbbe3f14d979ebbfaadd5974) Importer(2089858483,192608db42251d675da83286b1cce702)
Start importing Assets/Classic Skybox/13/sky13_DN.jpg using Guid(5cc8f104fbbe3f14d979ebbfaadd5974) Importer(2089858483,192608db42251d675da83286b1cce702) (ScriptedImporter) -> (artifact id: '85caa6c62a11aaf21fdc76a131680e31') in 0.007307834 seconds
Number of updated asset objects reloaded before import = 0Number of asset objects unloaded after import = 1

========================================================================
Received Import Request.
  Time since last request: 0.000106 seconds.
  path: Assets/Classic Skybox/10/sky10_DN.jpg
  artifactKey: Guid(20d7e0b76af9f5c46bcf70511a56a808) Importer(2089858483,192608db42251d675da83286b1cce702)
Start importing Assets/Classic Skybox/10/sky10_DN.jpg using Guid(20d7e0b76af9f5c46bcf70511a56a808) Importer(2089858483,192608db42251d675da83286b1cce702) (ScriptedImporter) -> (artifact id: 'efedb12264cd2777b2117fd62a9e76f4') in 0.008600958 seconds
Number of updated asset objects reloaded before import = 0Number of asset objects unloaded after import = 1

========================================================================
Received Import Request.
  Time since last request: 0.000127 seconds.
  path: Assets/Classic Skybox/13/sky13_UP.jpg
  artifactKey: Guid(678022e3259d83741ba88c5ecbae6d69) Importer(2089858483,192608db42251d675da83286b1cce702)
Start importing Assets/Classic Skybox/13/sky13_UP.jpg using Guid(678022e3259d83741ba88c5ecbae6d69) Importer(2089858483,192608db42251d675da83286b1cce702) (ScriptedImporter) -> (artifact id: '9cfe67d6b0f80cef2fa50a3ee225e6a4') in 0.009954375 seconds
Number of updated asset objects reloaded before import = 0Number of asset objects unloaded after import = 1

========================================================================
Received Import Request.
  Time since last request: 0.000118 seconds.
  path: Assets/Classic Skybox/12/sky12_FR.jpg
  artifactKey: Guid(12b8671c1064ed94399359f640c08046) Importer(2089858483,192608db42251d675da83286b1cce702)
Start importing Assets/Classic Skybox/12/sky12_FR.jpg using Guid(12b8671c1064ed94399359f640c08046) Importer(2089858483,192608db42251d675da83286b1cce702) (ScriptedImporter) -> (artifact id: '47c0150e906ff9c91e3b1936a54bce83') in 0.008369083 seconds
Number of updated asset objects reloaded before import = 0Number of asset objects unloaded after import = 1

========================================================================
Received Import Request.
  Time since last request: 0.000095 seconds.
  path: Assets/Classic Skybox/15/sky15_FR.jpg
  artifactKey: Guid(234512711fd2ea7468f9220708de708c) Importer(2089858483,192608db42251d675da83286b1cce702)
Start importing Assets/Classic Skybox/15/sky15_FR.jpg using Guid(234512711fd2ea7468f9220708de708c) Importer(2089858483,192608db42251d675da83286b1cce702) (ScriptedImporter) -> (artifact id: 'eeb63b494a1508aea6632a316e3fa0af') in 0.00804675 seconds
Number of updated asset objects reloaded before import = 0Number of asset objects unloaded after import = 1

========================================================================
Received Import Request.
  Time since last request: 0.000110 seconds.
  path: Assets/Classic Skybox/15/sky15_BK.jpg
  artifactKey: Guid(e2df29c7512673948828c1de5d345b69) Importer(2089858483,192608db42251d675da83286b1cce702)
Start importing Assets/Classic Skybox/15/sky15_BK.jpg using Guid(e2df29c7512673948828c1de5d345b69) Importer(2089858483,192608db42251d675da83286b1cce702) (ScriptedImporter) -> (artifact id: 'e227944f1e439f444a46fe9b48121a28') in 0.008729875 seconds
Number of updated asset objects reloaded before import = 0Number of asset objects unloaded after import = 1

========================================================================
Received Import Request.
  Time since last request: 0.000145 seconds.
  path: Assets/Classic Skybox/15/sky15_DN.jpg
  artifactKey: Guid(1d3acdbba92446748bdc1ef1da566819) Importer(2089858483,192608db42251d675da83286b1cce702)
Start importing Assets/Classic Skybox/15/sky15_DN.jpg using Guid(1d3acdbba92446748bdc1ef1da566819) Importer(2089858483,192608db42251d675da83286b1cce702) (ScriptedImporter) -> (artifact id: 'e335e685dd11af3f1ebac0598c8be0c9') in 0.007402916 seconds
Number of updated asset objects reloaded before import = 0Number of asset objects unloaded after import = 1

========================================================================
Received Import Request.
  Time since last request: 0.000097 seconds.
  path: Assets/Classic Skybox/13/sky13_BK.jpg
  artifactKey: Guid(9085252f967f6b24991a5ece2c6e8c18) Importer(2089858483,192608db42251d675da83286b1cce702)
Start importing Assets/Classic Skybox/13/sky13_BK.jpg using Guid(9085252f967f6b24991a5ece2c6e8c18) Importer(2089858483,192608db42251d675da83286b1cce702) (ScriptedImporter) -> (artifact id: '1a24460167f86da50aa0f07bbfa2b27f') in 0.007398875 seconds
Number of updated asset objects reloaded before import = 0Number of asset objects unloaded after import = 1

========================================================================
Received Import Request.
  Time since last request: 0.000125 seconds.
  path: Assets/Classic Skybox/13/sky13_LF.jpg
  artifactKey: Guid(ebdb28d14549ae44d81d58390831f3ad) Importer(2089858483,192608db42251d675da83286b1cce702)
Start importing Assets/Classic Skybox/13/sky13_LF.jpg using Guid(ebdb28d14549ae44d81d58390831f3ad) Importer(2089858483,192608db42251d675da83286b1cce702) (ScriptedImporter) -> (artifact id: '7f8bc066cf83a999ce86786854b29be7') in 0.008834125 seconds
Number of updated asset objects reloaded before import = 0Number of asset objects unloaded after import = 1

========================================================================
Received Import Request.
  Time since last request: 0.000114 seconds.
  path: Assets/Objects/Bush01/shadow.png
  artifactKey: Guid(9601df0f2a000374f979241e059b5c51) Importer(2089858483,192608db42251d675da83286b1cce702)
Start importing Assets/Objects/Bush01/shadow.png using Guid(9601df0f2a000374f979241e059b5c51) Importer(2089858483,192608db42251d675da83286b1cce702) (ScriptedImporter) -> (artifact id: 'e53077df0c0ae9fb9815a42d1197795f') in 0.0066405 seconds
Number of updated asset objects reloaded before import = 0Number of asset objects unloaded after import = 1

========================================================================
Received Import Request.
  Time since last request: 0.000094 seconds.
  path: Assets/Classic Skybox/14/sky14_RT.jpg
  artifactKey: Guid(e132d1758bfc1ca49bb32517a58c5873) Importer(2089858483,192608db42251d675da83286b1cce702)
Start importing Assets/Classic Skybox/14/sky14_RT.jpg using Guid(e132d1758bfc1ca49bb32517a58c5873) Importer(2089858483,192608db42251d675da83286b1cce702) (ScriptedImporter) -> (artifact id: '0277487ce4b0acf23396c1e2b6dd28be') in 0.009055167 seconds
Number of updated asset objects reloaded before import = 0Number of asset objects unloaded after import = 1

========================================================================
Received Import Request.
  Time since last request: 0.000148 seconds.
  path: Assets/Classic Skybox/11/sky11_LF.jpg
  artifactKey: Guid(7e1e347482a33f44dbd3f5371aa04689) Importer(2089858483,192608db42251d675da83286b1cce702)
Start importing Assets/Classic Skybox/11/sky11_LF.jpg using Guid(7e1e347482a33f44dbd3f5371aa04689) Importer(2089858483,192608db42251d675da83286b1cce702) (ScriptedImporter) -> (artifact id: '549d1cc93f7ff5e11ea2e13835ade385') in 0.01035575 seconds
Number of updated asset objects reloaded before import = 0Number of asset objects unloaded after import = 1

========================================================================
Received Import Request.
  Time since last request: 0.001787 seconds.
  path: Assets/Classic Skybox/08/sky8_RT.jpg
  artifactKey: Guid(7b92ae2a8dda1e544bd08c267371aab2) Importer(2089858483,192608db42251d675da83286b1cce702)
Start importing Assets/Classic Skybox/08/sky8_RT.jpg using Guid(7b92ae2a8dda1e544bd08c267371aab2) Importer(2089858483,192608db42251d675da83286b1cce702) (ScriptedImporter) -> (artifact id: '1edc1e1182783b9090926ef27e124470') in 0.008105791 seconds
Number of updated asset objects reloaded before import = 0Number of asset objects unloaded after import = 1

========================================================================
Received Import Request.
  Time since last request: 0.000140 seconds.
  path: Assets/Classic Skybox/14/sky14_UP.jpg
  artifactKey: Guid(2db5abb525593ba469bca5188fbcc73a) Importer(2089858483,192608db42251d675da83286b1cce702)
Start importing Assets/Classic Skybox/14/sky14_UP.jpg using Guid(2db5abb525593ba469bca5188fbcc73a) Importer(2089858483,192608db42251d675da83286b1cce702) (ScriptedImporter) -> (artifact id: 'bb936769f8bbe9fc8679e1b9091025bf') in 0.009842708 seconds
Number of updated asset objects reloaded before import = 0Number of asset objects unloaded after import = 1

========================================================================
Received Import Request.
  Time since last request: 0.000414 seconds.
  path: Assets/Classic Skybox/11/sky11_FR.jpg
  artifactKey: Guid(8e9e2add2617d614a887cae5b607f1b0) Importer(2089858483,192608db42251d675da83286b1cce702)
Start importing Assets/Classic Skybox/11/sky11_FR.jpg using Guid(8e9e2add2617d614a887cae5b607f1b0) Importer(2089858483,192608db42251d675da83286b1cce702) (ScriptedImporter) -> (artifact id: 'efae9ac6e9f9dcf9637c189253e4fcbf') in 0.011679375 seconds
Number of updated asset objects reloaded before import = 0Number of asset objects unloaded after import = 1

========================================================================
Received Import Request.
  Time since last request: 0.000139 seconds.
  path: Assets/Classic Skybox/15/sky15_LF.jpg
  artifactKey: Guid(03510742b99ef514d8f46aeccd5b6b02) Importer(2089858483,192608db42251d675da83286b1cce702)
Start importing Assets/Classic Skybox/15/sky15_LF.jpg using Guid(03510742b99ef514d8f46aeccd5b6b02) Importer(2089858483,192608db42251d675da83286b1cce702) (ScriptedImporter) -> (artifact id: '8ccce0bfdee1f8277039fb33cbf928d6') in 0.009545542 seconds
Number of updated asset objects reloaded before import = 0Number of asset objects unloaded after import = 1

========================================================================
Received Import Request.
  Time since last request: 0.000076 seconds.
  path: Assets/Classic Skybox/06/sky6_RT.jpg
  artifactKey: Guid(53810b178986ea545bd3207caa620e21) Importer(2089858483,192608db42251d675da83286b1cce702)
Start importing Assets/Classic Skybox/06/sky6_RT.jpg using Guid(53810b178986ea545bd3207caa620e21) Importer(2089858483,192608db42251d675da83286b1cce702) (ScriptedImporter) -> (artifact id: 'dbecc24869bc51df2aa57628825a7378') in 0.007549958 seconds
Number of updated asset objects reloaded before import = 0Number of asset objects unloaded after import = 1

========================================================================
Received Import Request.
  Time since last request: 0.000053 seconds.
  path: Assets/Classic Skybox/12/sky12_RT.jpg
  artifactKey: Guid(395a7ee4e7ecf314b93f33e22509c0e3) Importer(2089858483,192608db42251d675da83286b1cce702)
Start importing Assets/Classic Skybox/12/sky12_RT.jpg using Guid(395a7ee4e7ecf314b93f33e22509c0e3) Importer(2089858483,192608db42251d675da83286b1cce702) (ScriptedImporter) -> (artifact id: '67b0884c8627abf6ad896bcee363cb39') in 0.00912275 seconds
Number of updated asset objects reloaded before import = 0Number of asset objects unloaded after import = 1

========================================================================
Received Import Request.
  Time since last request: 0.000080 seconds.
  path: Assets/_TerrainAutoUpgrade/layer_Rock001Rock001_N3d3aba195e4d26ee.terrainlayer
  artifactKey: Guid(ecbe044285e4249c0ab76788e469e6c4) Importer(2089858483,192608db42251d675da83286b1cce702)
Start importing Assets/_TerrainAutoUpgrade/layer_Rock001Rock001_N3d3aba195e4d26ee.terrainlayer using Guid(ecbe044285e4249c0ab76788e469e6c4) Importer(2089858483,192608db42251d675da83286b1cce702) (ScriptedImporter) -> (artifact id: '0fa2278f4bbade047244c6a5f8eb119f') in 0.006421959 seconds
Number of updated asset objects reloaded before import = 0Number of asset objects unloaded after import = 3

========================================================================
Received Import Request.
  Time since last request: 0.003135 seconds.
  path: Assets/Classic Skybox/01/sky1_DN.jpg
  artifactKey: Guid(9a94b0aa4e2406d498f5a2abfbddafc5) Importer(2089858483,192608db42251d675da83286b1cce702)
Start importing Assets/Classic Skybox/01/sky1_DN.jpg using Guid(9a94b0aa4e2406d498f5a2abfbddafc5) Importer(2089858483,192608db42251d675da83286b1cce702) (ScriptedImporter) -> (artifact id: '31a7901182f27de64557a9f5ec6561a3') in 0.011017208 seconds
Number of updated asset objects reloaded before import = 0Number of asset objects unloaded after import = 1

========================================================================
Received Import Request.
  Time since last request: 0.000182 seconds.
  path: Assets/Audio/Music/JVDriveTheme.mp3
  artifactKey: Guid(577dc7eb07ceda248b8fb58a91d58ae3) Importer(2089858483,192608db42251d675da83286b1cce702)
Start importing Assets/Audio/Music/JVDriveTheme.mp3 using Guid(577dc7eb07ceda248b8fb58a91d58ae3) Importer(2089858483,192608db42251d675da83286b1cce702) (ScriptedImporter) -> (artifact id: 'f44c66bff41b5e8b2e2513e7fe6da44a') in 0.256672209 seconds
Number of updated asset objects reloaded before import = 0Number of asset objects unloaded after import = 1

========================================================================
Received Import Request.
  Time since last request: 0.000115 seconds.
  path: Assets/Scripts/LapComplete.cs
  artifactKey: Guid(cab843a1f967ca94f8b68e12839e6834) Importer(2089858483,192608db42251d675da83286b1cce702)
Start importing Assets/Scripts/LapComplete.cs using Guid(cab843a1f967ca94f8b68e12839e6834) Importer(2089858483,192608db42251d675da83286b1cce702) (ScriptedImporter) -> (artifact id: '2f044e80a4e73b3d55c3c4f47a7afc28') in 0.00207325 seconds
Number of updated asset objects reloaded before import = 0Number of asset objects unloaded after import = 0

========================================================================
Received Import Request.
  Time since last request: 0.000087 seconds.
  path: Assets/Classic Skybox/05/sky5_BK.jpg
  artifactKey: Guid(5297a2d25f6203e47805b825b01a1c20) Importer(2089858483,192608db42251d675da83286b1cce702)
Start importing Assets/Classic Skybox/05/sky5_BK.jpg using Guid(5297a2d25f6203e47805b825b01a1c20) Importer(2089858483,192608db42251d675da83286b1cce702) (ScriptedImporter) -> (artifact id: 'a84351bac8c399201d34aab8887077c4') in 0.008047125 seconds
Number of updated asset objects reloaded before import = 0Number of asset objects unloaded after import = 1

========================================================================
Received Import Request.
  Time since last request: 0.000172 seconds.
  path: Assets/Classic Skybox/07/sky7_BK.jpg
  artifactKey: Guid(9c50eea2e27ca264d9eebc362ea1c437) Importer(2089858483,192608db42251d675da83286b1cce702)
Start importing Assets/Classic Skybox/07/sky7_BK.jpg using Guid(9c50eea2e27ca264d9eebc362ea1c437) Importer(2089858483,192608db42251d675da83286b1cce702) (ScriptedImporter) -> (artifact id: '98dbec30b6584a18a21ed3789968775b') in 0.0087405 seconds
Number of updated asset objects reloaded before import = 0Number of asset objects unloaded after import = 1

========================================================================
Received Import Request.
  Time since last request: 0.000150 seconds.
  path: Assets/Scenes/MainMenu.unity
  artifactKey: Guid(a4d5067153844ec42b450de2f4fa2cb6) Importer(2089858483,192608db42251d675da83286b1cce702)
Start importing Assets/Scenes/MainMenu.unity using Guid(a4d5067153844ec42b450de2f4fa2cb6) Importer(2089858483,192608db42251d675da83286b1cce702) (ScriptedImporter) -> (artifact id: 'd9e00ef90f933d43eee3d2ad2c6a494c') in 0.005100458 seconds
Number of updated asset objects reloaded before import = 0Number of asset objects unloaded after import = 1

========================================================================
Received Import Request.
  Time since last request: 0.000108 seconds.
  path: Assets/_TerrainAutoUpgrade/layer_Grass001Grass001_N3d3aba195e4d26ee.terrainlayer
  artifactKey: Guid(f3d91ed4363ec4ded996f84bfedc2694) Importer(2089858483,192608db42251d675da83286b1cce702)
Start importing Assets/_TerrainAutoUpgrade/layer_Grass001Grass001_N3d3aba195e4d26ee.terrainlayer using Guid(f3d91ed4363ec4ded996f84bfedc2694) Importer(2089858483,192608db42251d675da83286b1cce702) (ScriptedImporter) -> (artifact id: '5ca624a303ecd66d6a0390758eabfe8f') in 0.00515975 seconds
Number of updated asset objects reloaded before import = 0Number of asset objects unloaded after import = 3

========================================================================
Received Import Request.
  Time since last request: 0.000065 seconds.
  path: Assets/Classic Skybox/07/sky7_FR.jpg
  artifactKey: Guid(de5a6099049c5cf40b700217dac6ea49) Importer(2089858483,192608db42251d675da83286b1cce702)
Start importing Assets/Classic Skybox/07/sky7_FR.jpg using Guid(de5a6099049c5cf40b700217dac6ea49) Importer(2089858483,192608db42251d675da83286b1cce702) (ScriptedImporter) -> (artifact id: '3470615d47aaf55be153804af16f4099') in 0.008926375 seconds
Number of updated asset objects reloaded before import = 0Number of asset objects unloaded after import = 1

========================================================================
Received Import Request.
  Time since last request: 0.000142 seconds.
  path: Assets/Scripts/RaceFinish.cs
  artifactKey: Guid(2babaf956835cff4a8e7f14924f75498) Importer(2089858483,192608db42251d675da83286b1cce702)
Start importing Assets/Scripts/RaceFinish.cs using Guid(2babaf956835cff4a8e7f14924f75498) Importer(2089858483,192608db42251d675da83286b1cce702) (ScriptedImporter) -> (artifact id: 'a45d1b83e8af0daef47cd5d9e9cfea68') in 0.002573834 seconds
Number of updated asset objects reloaded before import = 0Number of asset objects unloaded after import = 0

========================================================================
Received Import Request.
  Time since last request: 0.000127 seconds.
  path: Assets/Classic Skybox/02/sky2_LF.jpg
  artifactKey: Guid(0c8332e2b60ec5b4cb2862d8cc27b0a1) Importer(2089858483,192608db42251d675da83286b1cce702)
Start importing Assets/Classic Skybox/02/sky2_LF.jpg using Guid(0c8332e2b60ec5b4cb2862d8cc27b0a1) Importer(2089858483,192608db42251d675da83286b1cce702) (ScriptedImporter) -> (artifact id: 'c6200c0ff005f50850c8a6963ebe61ce') in 0.008449666 seconds
Number of updated asset objects reloaded before import = 0Number of asset objects unloaded after import = 1

========================================================================
Received Import Request.
  Time since last request: 0.000140 seconds.
  path: Assets/Classic Skybox/12/sky12_UP.jpg
  artifactKey: Guid(b467cde969d43bf4cb18996b649d7a47) Importer(2089858483,192608db42251d675da83286b1cce702)
Start importing Assets/Classic Skybox/12/sky12_UP.jpg using Guid(b467cde969d43bf4cb18996b649d7a47) Importer(2089858483,192608db42251d675da83286b1cce702) (ScriptedImporter) -> (artifact id: '69311bbc13fe9c1918da1f975f41a474') in 0.007300875 seconds
Number of updated asset objects reloaded before import = 0Number of asset objects unloaded after import = 1

========================================================================
Received Import Request.
  Time since last request: 0.000087 seconds.
  path: Assets/Objects/Tree02/translucency_gloss.png
  artifactKey: Guid(9587c9f4ddee62d4cb81f51151b16362) Importer(2089858483,192608db42251d675da83286b1cce702)
Start importing Assets/Objects/Tree02/translucency_gloss.png using Guid(9587c9f4ddee62d4cb81f51151b16362) Importer(2089858483,192608db42251d675da83286b1cce702) (ScriptedImporter) -> (artifact id: '35a5004750a0eebfc4b3537a5d845dff') in 0.008060875 seconds
Number of updated asset objects reloaded before import = 0Number of asset objects unloaded after import = 1

========================================================================
Received Import Request.
  Time since last request: 0.000093 seconds.
  path: Assets/Standard Assets/Vehicles/Car/Audio/AccelerationHigh.wav
  artifactKey: Guid(03e3bd08a6e70684dbe299a3e185fdd2) Importer(2089858483,192608db42251d675da83286b1cce702)
Start importing Assets/Standard Assets/Vehicles/Car/Audio/AccelerationHigh.wav using Guid(03e3bd08a6e70684dbe299a3e185fdd2) Importer(2089858483,192608db42251d675da83286b1cce702) (ScriptedImporter) -> (artifact id: 'be3467f3ad11cc0a94999539acaa0969') in 0.012651042 seconds
Number of updated asset objects reloaded before import = 0Number of asset objects unloaded after import = 1

========================================================================
Received Import Request.
  Time since last request: 0.000127 seconds.
  path: Assets/Standard Assets/Vehicles/Car/Scripts/BrakeLight.cs
  artifactKey: Guid(fffafd711dc1dbc478a49705cfe1ce3d) Importer(2089858483,192608db42251d675da83286b1cce702)
Start importing Assets/Standard Assets/Vehicles/Car/Scripts/BrakeLight.cs using Guid(fffafd711dc1dbc478a49705cfe1ce3d) Importer(2089858483,192608db42251d675da83286b1cce702) (ScriptedImporter) -> (artifact id: 'abdc49c9114e19b747cb9c644445a0eb') in 0.002626833 seconds
Number of updated asset objects reloaded before import = 0Number of asset objects unloaded after import = 0

========================================================================
Received Import Request.
  Time since last request: 0.000126 seconds.
  path: Assets/Standard Assets/CrossPlatformInput/Sprites/ButtonResetSprite.png
  artifactKey: Guid(a94c9a7eb94ceec4a8d67a1890e22e51) Importer(2089858483,192608db42251d675da83286b1cce702)
Start importing Assets/Standard Assets/CrossPlatformInput/Sprites/ButtonResetSprite.png using Guid(a94c9a7eb94ceec4a8d67a1890e22e51) Importer(2089858483,192608db42251d675da83286b1cce702) (ScriptedImporter) -> (artifact id: '7ba7e978998bce4bda44f158107d0cd6') in 0.0131105 seconds
Number of updated asset objects reloaded before import = 0Number of asset objects unloaded after import = 3

========================================================================
Received Import Request.
  Time since last request: 0.000143 seconds.
  path: Assets/Standard Assets/CrossPlatformInput/Scripts/MobileControlRig.cs
  artifactKey: Guid(71398ce7fbc3a5b4fa50b50bd54317a7) Importer(2089858483,192608db42251d675da83286b1cce702)
Start importing Assets/Standard Assets/CrossPlatformInput/Scripts/MobileControlRig.cs using Guid(71398ce7fbc3a5b4fa50b50bd54317a7) Importer(2089858483,192608db42251d675da83286b1cce702) (ScriptedImporter) -> (artifact id: '63d7a42210bff49b617e5c0672f183f5') in 0.002530417 seconds
Number of updated asset objects reloaded before import = 0Number of asset objects unloaded after import = 0

========================================================================
Received Import Request.
  Time since last request: 0.000135 seconds.
  path: Assets/Standard Assets/Vehicles/Car/Audio/AccelerationLow.wav
  artifactKey: Guid(c4d8928c75c21af43998193f0f038429) Importer(2089858483,192608db42251d675da83286b1cce702)
Start importing Assets/Standard Assets/Vehicles/Car/Audio/AccelerationLow.wav using Guid(c4d8928c75c21af43998193f0f038429) Importer(2089858483,192608db42251d675da83286b1cce702) (ScriptedImporter) -> (artifact id: '676c0ccc08a0614e0a45aaebd499100b') in 0.013892375 seconds
Number of updated asset objects reloaded before import = 0Number of asset objects unloaded after import = 1

========================================================================
Received Import Request.
  Time since last request: 0.005881 seconds.
  path: Assets/Standard Assets/Vehicles/Car/Models/SkyCar.fbx
  artifactKey: Guid(e6fec471c20b9d148b1f87910e67bea4) Importer(2089858483,192608db42251d675da83286b1cce702)
Start importing Assets/Standard Assets/Vehicles/Car/Models/SkyCar.fbx using Guid(e6fec471c20b9d148b1f87910e67bea4) Importer(2089858483,192608db42251d675da83286b1cce702) (ScriptedImporter) -> (artifact id: 'f32aeab09212455aa15da6393172e195') in 0.058936083 seconds
Number of updated asset objects reloaded before import = 0Number of asset objects unloaded after import = 64

========================================================================
Received Import Request.
  Time since last request: 0.000043 seconds.
  path: Assets/Standard Assets/CrossPlatformInput/CrossPlatformInputGuidelines.txt
  artifactKey: Guid(a3b997593a4f12c4c991490593f3b513) Importer(2089858483,192608db42251d675da83286b1cce702)
Start importing Assets/Standard Assets/CrossPlatformInput/CrossPlatformInputGuidelines.txt using Guid(a3b997593a4f12c4c991490593f3b513) Importer(2089858483,192608db42251d675da83286b1cce702) (ScriptedImporter) -> (artifact id: 'fbfab75e6731ce9407091b079f59a181') in 0.002729333 seconds
Number of updated asset objects reloaded before import = 0Number of asset objects unloaded after import = 1

========================================================================
Received Import Request.
  Time since last request: 0.000152 seconds.
  path: Assets/Standard Assets/CrossPlatformInput/Prefabs/MobileTiltControlRig.prefab
  artifactKey: Guid(999388b68bb99b44099461bfbed94358) Importer(2089858483,192608db42251d675da83286b1cce702)
Start importing Assets/Standard Assets/CrossPlatformInput/Prefabs/MobileTiltControlRig.prefab using Guid(999388b68bb99b44099461bfbed94358) Importer(2089858483,192608db42251d675da83286b1cce702) (ScriptedImporter) -> (artifact id: '9a96d3eef508bd3bcb77afe0cf67dce6') in 0.006705125 seconds
Number of updated asset objects reloaded before import = 0Number of asset objects unloaded after import = 11

========================================================================
Received Import Request.
  Time since last request: 0.000214 seconds.
  path: Assets/Standard Assets/CrossPlatformInput/Sprites/ButtonCameraCycleUpSprite.png
  artifactKey: Guid(a3983c59ebf804b4abba687bd7c9e92f) Importer(2089858483,192608db42251d675da83286b1cce702)
Start importing Assets/Standard Assets/CrossPlatformInput/Sprites/ButtonCameraCycleUpSprite.png using Guid(a3983c59ebf804b4abba687bd7c9e92f) Importer(2089858483,192608db42251d675da83286b1cce702) (ScriptedImporter) -> (artifact id: 'a5fc17b327816c3af2015bb114d3cd96') in 0.010702459 seconds
Number of updated asset objects reloaded before import = 0Number of asset objects unloaded after import = 3

========================================================================
Received Import Request.
  Time since last request: 0.000055 seconds.
  path: Assets/Scenes/TrackSelect/LightingData.asset
  artifactKey: Guid(d2f3b82fb50f446fb9e7d4a56f8f25a3) Importer(2089858483,192608db42251d675da83286b1cce702)
Start importing Assets/Scenes/TrackSelect/LightingData.asset using Guid(d2f3b82fb50f446fb9e7d4a56f8f25a3) Importer(2089858483,192608db42251d675da83286b1cce702) (ScriptedImporter) -> (artifact id: 'f45f9aaaec617213991b55088dfb2129') in 0.003740417 seconds
Number of updated asset objects reloaded before import = 0Number of asset objects unloaded after import = 2

========================================================================
Received Import Request.
  Time since last request: 0.000094 seconds.
  path: Assets/Standard Assets/Vehicles/Car/Materials/TrailSkid.mat
  artifactKey: Guid(f4dd0bba6decdd5418fd3d541ff5f7f0) Importer(2089858483,192608db42251d675da83286b1cce702)
Start importing Assets/Standard Assets/Vehicles/Car/Materials/TrailSkid.mat using Guid(f4dd0bba6decdd5418fd3d541ff5f7f0) Importer(2089858483,192608db42251d675da83286b1cce702) (ScriptedImporter) -> (artifact id: '614693729de0a05cbeefe5f7bbfd91cb') in 0.006968875 seconds
Number of updated asset objects reloaded before import = 0Number of asset objects unloaded after import = 2

========================================================================
Received Import Request.
  Time since last request: 0.000085 seconds.
  path: Assets/Standard Assets/Vehicles/Car/Prefabs/SkidTrail.prefab
  artifactKey: Guid(4b6aa99de5d21424eab6ae279f31475b) Importer(2089858483,192608db42251d675da83286b1cce702)
Start importing Assets/Standard Assets/Vehicles/Car/Prefabs/SkidTrail.prefab using Guid(4b6aa99de5d21424eab6ae279f31475b) Importer(2089858483,192608db42251d675da83286b1cce702) (ScriptedImporter) -> (artifact id: '0ae301ab654b455ddabfa51c09dc782b') in 0.023104875 seconds
Number of updated asset objects reloaded before import = 0Number of asset objects unloaded after import = 6

========================================================================
Received Import Request.
  Time since last request: 0.000136 seconds.
  path: Assets/Standard Assets/CrossPlatformInput/Sprites/ButtonTimescaleFullUpSprite.png
  artifactKey: Guid(0c6271a290ef75b4c97d58746c86c5b8) Importer(2089858483,192608db42251d675da83286b1cce702)
Start importing Assets/Standard Assets/CrossPlatformInput/Sprites/ButtonTimescaleFullUpSprite.png using Guid(0c6271a290ef75b4c97d58746c86c5b8) Importer(2089858483,192608db42251d675da83286b1cce702) (ScriptedImporter) -> (artifact id: '5df3b675527733a3ba2c0c8cb0e172ee') in 0.009731083 seconds
Number of updated asset objects reloaded before import = 0Number of asset objects unloaded after import = 3

========================================================================
Received Import Request.
  Time since last request: 0.000152 seconds.
  path: Assets/Standard Assets/Vehicles/Car/CarGuidelines.txt
  artifactKey: Guid(c51c09bcabc8c1441afe23a1da5fb6d8) Importer(2089858483,192608db42251d675da83286b1cce702)
Start importing Assets/Standard Assets/Vehicles/Car/CarGuidelines.txt using Guid(c51c09bcabc8c1441afe23a1da5fb6d8) Importer(2089858483,192608db42251d675da83286b1cce702) (ScriptedImporter) -> (artifact id: '742098a494237b9a7de3b9c7dc064ab1') in 0.002105125 seconds
Number of updated asset objects reloaded before import = 0Number of asset objects unloaded after import = 1

========================================================================
Received Import Request.
  Time since last request: 0.000125 seconds.
  path: Assets/Standard Assets/CrossPlatformInput/Sprites/ButtonArrowOverSprite.png
  artifactKey: Guid(49b611e658efbf443b686a4036f74fe3) Importer(2089858483,192608db42251d675da83286b1cce702)
Start importing Assets/Standard Assets/CrossPlatformInput/Sprites/ButtonArrowOverSprite.png using Guid(49b611e658efbf443b686a4036f74fe3) Importer(2089858483,192608db42251d675da83286b1cce702) (ScriptedImporter) -> (artifact id: '2021c7757a795add57e5c0458a6b1f6e') in 0.009896916 seconds
Number of updated asset objects reloaded before import = 0Number of asset objects unloaded after import = 3

========================================================================
Received Import Request.
  Time since last request: 0.000058 seconds.
  path: Assets/Standard Assets/Vehicles/Car/Prefabs/CarWaypointBased.prefab
  artifactKey: Guid(0fb4610dba67fc24cb2a6674fb155fc1) Importer(2089858483,192608db42251d675da83286b1cce702)
Start importing Assets/Standard Assets/Vehicles/Car/Prefabs/CarWaypointBased.prefab using Guid(0fb4610dba67fc24cb2a6674fb155fc1) Importer(2089858483,192608db42251d675da83286b1cce702) (ScriptedImporter) -> (artifact id: '99c8272cd2a73449f87d80a830551ba5') in 0.030684542 seconds
Number of updated asset objects reloaded before import = 0Number of asset objects unloaded after import = 145

========================================================================
Received Import Request.
  Time since last request: 0.000038 seconds.
  path: Assets/Standard Assets/Vehicles/Car/Audio/DecelerationLow.wav
  artifactKey: Guid(5699dddcce16c4543b95951c4ce0e092) Importer(2089858483,192608db42251d675da83286b1cce702)
Start importing Assets/Standard Assets/Vehicles/Car/Audio/DecelerationLow.wav using Guid(5699dddcce16c4543b95951c4ce0e092) Importer(2089858483,192608db42251d675da83286b1cce702) (ScriptedImporter) -> (artifact id: 'a3da5ed370f062757ceaac866d1d9439') in 0.012139541 seconds
Number of updated asset objects reloaded before import = 0Number of asset objects unloaded after import = 1

========================================================================
Received Import Request.
  Time since last request: 0.000172 seconds.
  path: Assets/Standard Assets/CrossPlatformInput/Prefabs/MobileSingleStickControl.prefab
  artifactKey: Guid(9529ecc3d479da5499993355e6c2cb4f) Importer(2089858483,192608db42251d675da83286b1cce702)
Start importing Assets/Standard Assets/CrossPlatformInput/Prefabs/MobileSingleStickControl.prefab using Guid(9529ecc3d479da5499993355e6c2cb4f) Importer(2089858483,192608db42251d675da83286b1cce702) (ScriptedImporter) -> (artifact id: 'eb64a0e3e95d228659a348745747b034') in 0.021395541 seconds
Number of updated asset objects reloaded before import = 0Number of asset objects unloaded after import = 25

========================================================================
Received Import Request.
  Time since last request: 0.000627 seconds.
  path: Assets/Standard Assets/CrossPlatformInput/Scripts/PlatformSpecific/StandaloneInput.cs
  artifactKey: Guid(9961032f4f02c4f41997c3ea399d2f22) Importer(2089858483,192608db42251d675da83286b1cce702)
Start importing Assets/Standard Assets/CrossPlatformInput/Scripts/PlatformSpecific/StandaloneInput.cs using Guid(9961032f4f02c4f41997c3ea399d2f22) Importer(2089858483,192608db42251d675da83286b1cce702) (ScriptedImporter) -> (artifact id: '8f1c862c374ca4ea4876a6789f09a443') in 0.002548542 seconds
Number of updated asset objects reloaded before import = 0Number of asset objects unloaded after import = 0

========================================================================
Received Import Request.
  Time since last request: 0.000096 seconds.
  path: Assets/Scenes/RaceArea01/LightingData.asset
  artifactKey: Guid(2a1ea4d9941454af89833f4e1d7ce039) Importer(2089858483,192608db42251d675da83286b1cce702)
Start importing Assets/Scenes/RaceArea01/LightingData.asset using Guid(2a1ea4d9941454af89833f4e1d7ce039) Importer(2089858483,192608db42251d675da83286b1cce702) (ScriptedImporter) -> (artifact id: '11979c89d9f21300514a84ea48d1884e') in 0.01228475 seconds
Number of updated asset objects reloaded before import = 0Number of asset objects unloaded after import = 2

========================================================================
Received Import Request.
  Time since last request: 0.000101 seconds.
  path: Assets/Standard Assets/Vehicles/Car/Materials/ParticleBurnout.mat
  artifactKey: Guid(32314ba6cfa407640bffbb7b20708949) Importer(2089858483,192608db42251d675da83286b1cce702)
Start importing Assets/Standard Assets/Vehicles/Car/Materials/ParticleBurnout.mat using Guid(32314ba6cfa407640bffbb7b20708949) Importer(2089858483,192608db42251d675da83286b1cce702) (ScriptedImporter) -> (artifact id: '84f244719ff2c316392f55669dcd4832') in 0.0047695 seconds
Number of updated asset objects reloaded before import = 0Number of asset objects unloaded after import = 2

========================================================================
Received Import Request.
  Time since last request: 0.000105 seconds.
  path: Assets/Objects/Tree02/BroadLeaf02a2.prefab
  artifactKey: Guid(1c95c8dd3951d7443894849de504d97d) Importer(2089858483,192608db42251d675da83286b1cce702)
Start importing Assets/Objects/Tree02/BroadLeaf02a2.prefab using Guid(1c95c8dd3951d7443894849de504d97d) Importer(2089858483,192608db42251d675da83286b1cce702) (ScriptedImporter) -> (artifact id: '570c1a5fbb8740878ea334b1020c27cb') in 0.028188042 seconds
Number of updated asset objects reloaded before import = 0Number of asset objects unloaded after import = 16

========================================================================
Received Import Request.
  Time since last request: 0.000043 seconds.
  path: Assets/Standard Assets/CrossPlatformInput/Sprites/SliderBackgroundSprite.png
  artifactKey: Guid(ea5873cfd9158664f89459f0c9e1d853) Importer(2089858483,192608db42251d675da83286b1cce702)
Start importing Assets/Standard Assets/CrossPlatformInput/Sprites/SliderBackgroundSprite.png using Guid(ea5873cfd9158664f89459f0c9e1d853) Importer(2089858483,192608db42251d675da83286b1cce702) (ScriptedImporter) -> (artifact id: 'cc527b39c29f273c748e1a4bca73f989') in 0.008209 seconds
Number of updated asset objects reloaded before import = 0Number of asset objects unloaded after import = 3

========================================================================
Received Import Request.
  Time since last request: 0.000051 seconds.
  path: Assets/Scenes/MainMenu/LightingData.asset
  artifactKey: Guid(0c80be88d3edf4d4f831d057420f4dc9) Importer(2089858483,192608db42251d675da83286b1cce702)
Start importing Assets/Scenes/MainMenu/LightingData.asset using Guid(0c80be88d3edf4d4f831d057420f4dc9) Importer(2089858483,192608db42251d675da83286b1cce702) (ScriptedImporter) -> (artifact id: 'd089223cfbcb9d9a7a0e33ffba289602') in 0.002754 seconds
Number of updated asset objects reloaded before import = 0Number of asset objects unloaded after import = 2

========================================================================
Received Import Request.
  Time since last request: 0.000156 seconds.
  path: Assets/Standard Assets/Vehicles/Car/Scripts/CarAIControl.cs
  artifactKey: Guid(d963df58504b69045b8d0d746ba6f777) Importer(2089858483,192608db42251d675da83286b1cce702)
Start importing Assets/Standard Assets/Vehicles/Car/Scripts/CarAIControl.cs using Guid(d963df58504b69045b8d0d746ba6f777) Importer(2089858483,192608db42251d675da83286b1cce702) (ScriptedImporter) -> (artifact id: '0198103997ab722911f36aa46b0f01a4') in 0.002169792 seconds
Number of updated asset objects reloaded before import = 0Number of asset objects unloaded after import = 0

========================================================================
Received Import Request.
  Time since last request: 0.000111 seconds.
  path: Assets/Standard Assets/Vehicles/Car/Materials/SkyCarLightCoversWhite.mat
  artifactKey: Guid(bedcbcc4d577778478a5f01fe1415af1) Importer(2089858483,192608db42251d675da83286b1cce702)
Start importing Assets/Standard Assets/Vehicles/Car/Materials/SkyCarLightCoversWhite.mat using Guid(bedcbcc4d577778478a5f01fe1415af1) Importer(2089858483,192608db42251d675da83286b1cce702) (ScriptedImporter) -> (artifact id: '49285b0856604cf9af2064e60bfe7664') in 0.00558025 seconds
Number of updated asset objects reloaded before import = 0Number of asset objects unloaded after import = 1

========================================================================
Received Import Request.
  Time since last request: 0.000170 seconds.
  path: Assets/Standard Assets/Vehicles/Car/Materials/SkyCarBodyWhite.mat
  artifactKey: Guid(6ec41f7c0e0d3fb40933551a4124b211) Importer(2089858483,192608db42251d675da83286b1cce702)
Start importing Assets/Standard Assets/Vehicles/Car/Materials/SkyCarBodyWhite.mat using Guid(6ec41f7c0e0d3fb40933551a4124b211) Importer(2089858483,192608db42251d675da83286b1cce702) (ScriptedImporter) -> (artifact id: '54fa200992c77912f0e3fee7de92b04a') in 0.007422833 seconds
Number of updated asset objects reloaded before import = 0Number of asset objects unloaded after import = 3

========================================================================
Received Import Request.
  Time since last request: 0.000060 seconds.
  path: Assets/Standard Assets/CrossPlatformInput/Prefabs/DualTouchControls.prefab
  artifactKey: Guid(2169821f0567671499a5c10104c69c24) Importer(2089858483,192608db42251d675da83286b1cce702)
Start importing Assets/Standard Assets/CrossPlatformInput/Prefabs/DualTouchControls.prefab using Guid(2169821f0567671499a5c10104c69c24) Importer(2089858483,192608db42251d675da83286b1cce702) (ScriptedImporter) -> (artifact id: '9f69dd4bd57f77453c783ea286491e1f') in 0.009176417 seconds
Number of updated asset objects reloaded before import = 0Number of asset objects unloaded after import = 37

========================================================================
Received Import Request.
  Time since last request: 0.000041 seconds.
  path: Assets/Standard Assets/Vehicles/Car/Materials/SkyCarWheelGrey.mat
  artifactKey: Guid(965a4c3cf8f0acb408f15384c947b3fd) Importer(2089858483,192608db42251d675da83286b1cce702)
Start importing Assets/Standard Assets/Vehicles/Car/Materials/SkyCarWheelGrey.mat using Guid(965a4c3cf8f0acb408f15384c947b3fd) Importer(2089858483,192608db42251d675da83286b1cce702) (ScriptedImporter) -> (artifact id: '6cf55d6485b257e5688dd74d95621078') in 0.005197875 seconds
Number of updated asset objects reloaded before import = 0Number of asset objects unloaded after import = 3

========================================================================
Received Import Request.
  Time since last request: 0.000088 seconds.
  path: Assets/Textures/Flag.png
  artifactKey: Guid(5201e9d76432dbf419721af718ee2408) Importer(2089858483,192608db42251d675da83286b1cce702)
Start importing Assets/Textures/Flag.png using Guid(5201e9d76432dbf419721af718ee2408) Importer(2089858483,192608db42251d675da83286b1cce702) (ScriptedImporter) -> (artifact id: '5e2e1029ad12ba96033f99835fd566bd') in 0.006749166 seconds
Number of updated asset objects reloaded before import = 0Number of asset objects unloaded after import = 1

========================================================================
Received Import Request.
  Time since last request: 0.000104 seconds.
  path: Assets/Classic Skybox/03/sky3_RT.jpg
  artifactKey: Guid(edf9151f7cd4a7949ac5c475d28cdabd) Importer(2089858483,192608db42251d675da83286b1cce702)
Start importing Assets/Classic Skybox/03/sky3_RT.jpg using Guid(edf9151f7cd4a7949ac5c475d28cdabd) Importer(2089858483,192608db42251d675da83286b1cce702) (ScriptedImporter) -> (artifact id: '6b1fe005d6f0b56b980c2359c824d323') in 0.011357459 seconds
Number of updated asset objects reloaded before import = 0Number of asset objects unloaded after import = 1

========================================================================
Received Import Request.
  Time since last request: 0.000073 seconds.
  path: Assets/Materials/MetalMat.mat
  artifactKey: Guid(4808f6a82fe6a4f4191eb830762c6d35) Importer(2089858483,192608db42251d675da83286b1cce702)
Start importing Assets/Materials/MetalMat.mat using Guid(4808f6a82fe6a4f4191eb830762c6d35) Importer(2089858483,192608db42251d675da83286b1cce702) (ScriptedImporter) -> (artifact id: '101949b844545e21144cb3c4bd86ec45') in 0.002934625 seconds
Number of updated asset objects reloaded before import = 0Number of asset objects unloaded after import = 1

========================================================================
Received Import Request.
  Time since last request: 0.000086 seconds.
  path: Assets/Classic Skybox/05/sky5_LF.jpg
  artifactKey: Guid(432b5b520d50f874e92b6a88bdbcca27) Importer(2089858483,192608db42251d675da83286b1cce702)
Start importing Assets/Classic Skybox/05/sky5_LF.jpg using Guid(432b5b520d50f874e92b6a88bdbcca27) Importer(2089858483,192608db42251d675da83286b1cce702) (ScriptedImporter) -> (artifact id: '4445076cf1879f86966c8a3292a4c6fa') in 0.0075395 seconds
Number of updated asset objects reloaded before import = 0Number of asset objects unloaded after import = 1

========================================================================
Received Import Request.
  Time since last request: 0.000072 seconds.
  path: Assets/Classic Skybox/sky14.mat
  artifactKey: Guid(9aa4b22013dfe644fb71d395e6ffb330) Importer(2089858483,192608db42251d675da83286b1cce702)
Start importing Assets/Classic Skybox/sky14.mat using Guid(9aa4b22013dfe644fb71d395e6ffb330) Importer(2089858483,192608db42251d675da83286b1cce702) (ScriptedImporter) -> (artifact id: '33329bda2b127b88446d724f4ff63108') in 0.011062917 seconds
Number of updated asset objects reloaded before import = 0Number of asset objects unloaded after import = 7

========================================================================
Received Import Request.
  Time since last request: 0.000043 seconds.
  path: Assets/Standard Assets/CrossPlatformInput/Scripts/CrossPlatformInputManager.cs
  artifactKey: Guid(6ac1ce5a5adfd9f46adbf5b6f752a47c) Importer(2089858483,192608db42251d675da83286b1cce702)
Start importing Assets/Standard Assets/CrossPlatformInput/Scripts/CrossPlatformInputManager.cs using Guid(6ac1ce5a5adfd9f46adbf5b6f752a47c) Importer(2089858483,192608db42251d675da83286b1cce702) (ScriptedImporter) -> (artifact id: '501dc9f78515e6cf50106be575d87767') in 0.003355875 seconds
Number of updated asset objects reloaded before import = 0Number of asset objects unloaded after import = 0

========================================================================
Received Import Request.
  Time since last request: 0.000107 seconds.
  path: Assets/Standard Assets/Editor/CrossPlatformInput/CrossPlatformInputInitialize.cs
  artifactKey: Guid(db7667203062c644ea1877077e30ebd6) Importer(2089858483,192608db42251d675da83286b1cce702)
Start importing Assets/Standard Assets/Editor/CrossPlatformInput/CrossPlatformInputInitialize.cs using Guid(db7667203062c644ea1877077e30ebd6) Importer(2089858483,192608db42251d675da83286b1cce702) (ScriptedImporter) -> (artifact id: '7d2252de4689d16c888dfc4b04363cbc') in 0.002243292 seconds
Number of updated asset objects reloaded before import = 0Number of asset objects unloaded after import = 0

========================================================================
Received Import Request.
  Time since last request: 0.000120 seconds.
  path: Assets/Standard Assets/CrossPlatformInput/Sprites/ButtonThumbstickOverSprite.png
  artifactKey: Guid(5485e2f56028a3c4cb54f5caa167377e) Importer(2089858483,192608db42251d675da83286b1cce702)
Start importing Assets/Standard Assets/CrossPlatformInput/Sprites/ButtonThumbstickOverSprite.png using Guid(5485e2f56028a3c4cb54f5caa167377e) Importer(2089858483,192608db42251d675da83286b1cce702) (ScriptedImporter) -> (artifact id: '33e38c510d6ffa4a357720c52e8f685b') in 0.0110455 seconds
Number of updated asset objects reloaded before import = 0Number of asset objects unloaded after import = 3

========================================================================
Received Import Request.
  Time since last request: 0.000072 seconds.
  path: Assets/Scripts/Countdown.cs
  artifactKey: Guid(6a86f13adedc1874aa93ed7451aed85b) Importer(2089858483,192608db42251d675da83286b1cce702)
Start importing Assets/Scripts/Countdown.cs using Guid(6a86f13adedc1874aa93ed7451aed85b) Importer(2089858483,192608db42251d675da83286b1cce702) (ScriptedImporter) -> (artifact id: 'f90e1023503a21ff5a73286f4b0451cd') in 0.0020825 seconds
Number of updated asset objects reloaded before import = 0Number of asset objects unloaded after import = 0

========================================================================
Received Import Request.
  Time since last request: 0.000115 seconds.
  path: Assets/Classic Skybox/01/sky1_RT.jpg
  artifactKey: Guid(36475809683ad164cb9f291d30297f4d) Importer(2089858483,192608db42251d675da83286b1cce702)
Start importing Assets/Classic Skybox/01/sky1_RT.jpg using Guid(36475809683ad164cb9f291d30297f4d) Importer(2089858483,192608db42251d675da83286b1cce702) (ScriptedImporter) -> (artifact id: '64dab568c005748201a5460eb815400c') in 0.007615459 seconds
Number of updated asset objects reloaded before import = 0Number of asset objects unloaded after import = 1

========================================================================
Received Import Request.
  Time since last request: 0.000140 seconds.
  path: Assets/Classic Skybox/10/sky10_UP.jpg
  artifactKey: Guid(3ff6b84a10c0116499d18ce75d1a8178) Importer(2089858483,192608db42251d675da83286b1cce702)
Start importing Assets/Classic Skybox/10/sky10_UP.jpg using Guid(3ff6b84a10c0116499d18ce75d1a8178) Importer(2089858483,192608db42251d675da83286b1cce702) (ScriptedImporter) -> (artifact id: '8535adb32b70f6bb5a809b4ed8dbe572') in 0.009012917 seconds
Number of updated asset objects reloaded before import = 0Number of asset objects unloaded after import = 1

========================================================================
Received Import Request.
  Time since last request: 0.000118 seconds.
  path: Assets/Objects/Tree02/normal_specular.png
  artifactKey: Guid(bd449d01ca54fb44a8358ed58607e982) Importer(2089858483,192608db42251d675da83286b1cce702)
Start importing Assets/Objects/Tree02/normal_specular.png using Guid(bd449d01ca54fb44a8358ed58607e982) Importer(2089858483,192608db42251d675da83286b1cce702) (ScriptedImporter) -> (artifact id: '5eb0d5fab69ce89016837275c9f13083') in 0.006973875 seconds
Number of updated asset objects reloaded before import = 0Number of asset objects unloaded after import = 1

========================================================================
Received Import Request.
  Time since last request: 0.000085 seconds.
  path: Assets/Classic Skybox/12/sky12_LF.jpg
  artifactKey: Guid(57fd7422cb845ac4387b447fa432c38a) Importer(2089858483,192608db42251d675da83286b1cce702)
Start importing Assets/Classic Skybox/12/sky12_LF.jpg using Guid(57fd7422cb845ac4387b447fa432c38a) Importer(2089858483,192608db42251d675da83286b1cce702) (ScriptedImporter) -> (artifact id: '0c50134e371fadc7d29dea6ca7b92c08') in 0.00767075 seconds
Number of updated asset objects reloaded before import = 0Number of asset objects unloaded after import = 1

========================================================================
Received Import Request.
  Time since last request: 0.000131 seconds.
  path: Assets/Objects/Bush01/normal_specular.png
  artifactKey: Guid(ed1a46a0511323944a237140108fc52b) Importer(2089858483,192608db42251d675da83286b1cce702)
Start importing Assets/Objects/Bush01/normal_specular.png using Guid(ed1a46a0511323944a237140108fc52b) Importer(2089858483,192608db42251d675da83286b1cce702) (ScriptedImporter) -> (artifact id: '1691512a496f0f49392c18abf4194713') in 0.008524167 seconds
Number of updated asset objects reloaded before import = 0Number of asset objects unloaded after import = 1

========================================================================
Received Import Request.
  Time since last request: 0.000082 seconds.
  path: Assets/Standard Assets/Vehicles/Car/Materials/SkyCarBodyGrey.mat
  artifactKey: Guid(d425c5c4cb38fd44f95b13e9f94575c2) Importer(2089858483,192608db42251d675da83286b1cce702)
Start importing Assets/Standard Assets/Vehicles/Car/Materials/SkyCarBodyGrey.mat using Guid(d425c5c4cb38fd44f95b13e9f94575c2) Importer(2089858483,192608db42251d675da83286b1cce702) (ScriptedImporter) -> (artifact id: 'c5f17462f8c038177c9eed4b092617af') in 0.005781125 seconds
Number of updated asset objects reloaded before import = 0Number of asset objects unloaded after import = 3

========================================================================
Received Import Request.
  Time since last request: 0.000068 seconds.
  path: Assets/Classic Skybox/sky03.mat
  artifactKey: Guid(d4cd6577352fd4946994aa7e3e3609e4) Importer(2089858483,192608db42251d675da83286b1cce702)
Start importing Assets/Classic Skybox/sky03.mat using Guid(d4cd6577352fd4946994aa7e3e3609e4) Importer(2089858483,192608db42251d675da83286b1cce702) (ScriptedImporter) -> (artifact id: '37378ebbaa454b9db15b2ce69422afe4') in 0.010684666 seconds
Number of updated asset objects reloaded before import = 0Number of asset objects unloaded after import = 7

========================================================================
Received Import Request.
  Time since last request: 0.000141 seconds.
  path: Assets/Classic Skybox/09/sky9_BK.jpg
  artifactKey: Guid(4e99cd193918cbc499aba524ee4b7a93) Importer(2089858483,192608db42251d675da83286b1cce702)
Start importing Assets/Classic Skybox/09/sky9_BK.jpg using Guid(4e99cd193918cbc499aba524ee4b7a93) Importer(2089858483,192608db42251d675da83286b1cce702) (ScriptedImporter) -> (artifact id: 'acd2b925b98914b04c3f8330473cd423') in 0.008012417 seconds
Number of updated asset objects reloaded before import = 0Number of asset objects unloaded after import = 1

========================================================================
Received Import Request.
  Time since last request: 0.000138 seconds.
  path: Assets/Classic Skybox/04/sky4_BK.jpg
  artifactKey: Guid(9d9ed278844641140a32ff0abc349c46) Importer(2089858483,192608db42251d675da83286b1cce702)
Start importing Assets/Classic Skybox/04/sky4_BK.jpg using Guid(9d9ed278844641140a32ff0abc349c46) Importer(2089858483,192608db42251d675da83286b1cce702) (ScriptedImporter) -> (artifact id: 'a3ee91cf0d35e307df6a811aac59d9b9') in 0.008558083 seconds
Number of updated asset objects reloaded before import = 0Number of asset objects unloaded after import = 1

========================================================================
Received Import Request.
  Time since last request: 0.008770 seconds.
  path: Assets/Standard Assets/Vehicles/Car/Scripts/CarController.cs
  artifactKey: Guid(3ea65b38d485c374caa584a03f1de571) Importer(2089858483,192608db42251d675da83286b1cce702)
Start importing Assets/Standard Assets/Vehicles/Car/Scripts/CarController.cs using Guid(3ea65b38d485c374caa584a03f1de571) Importer(2089858483,192608db42251d675da83286b1cce702) (ScriptedImporter) -> (artifact id: '4609da770e19337a9992f387eaf090ef') in 0.002678708 seconds
Number of updated asset objects reloaded before import = 0Number of asset objects unloaded after import = 0

========================================================================
Received Import Request.
  Time since last request: 0.000080 seconds.
  path: Assets/Standard Assets/Vehicles/Car/Textures/SkidTrailAlbedo.png
  artifactKey: Guid(06e5c4401455b1d43a6255b4b8776102) Importer(2089858483,192608db42251d675da83286b1cce702)
Start importing Assets/Standard Assets/Vehicles/Car/Textures/SkidTrailAlbedo.png using Guid(06e5c4401455b1d43a6255b4b8776102) Importer(2089858483,192608db42251d675da83286b1cce702) (ScriptedImporter) -> (artifact id: 'a765a66da4d098e33e2a618f3ca0d6a3') in 0.00663675 seconds
Number of updated asset objects reloaded before import = 0Number of asset objects unloaded after import = 1

========================================================================
Received Import Request.
  Time since last request: 0.000076 seconds.
  path: Assets/Standard Assets/Vehicles/Car/Scripts/CarUserControl.cs
  artifactKey: Guid(96468c245ae8e0d4f8f1c7a7b8b0542e) Importer(2089858483,192608db42251d675da83286b1cce702)
Start importing Assets/Standard Assets/Vehicles/Car/Scripts/CarUserControl.cs using Guid(96468c245ae8e0d4f8f1c7a7b8b0542e) Importer(2089858483,192608db42251d675da83286b1cce702) (ScriptedImporter) -> (artifact id: 'ac7c61c16f93a1b56fc71e4d45a475cc') in 0.002237375 seconds
Number of updated asset objects reloaded before import = 0Number of asset objects unloaded after import = 0

========================================================================
Received Import Request.
  Time since last request: 0.000143 seconds.
  path: Assets/Standard Assets/Vehicles/Car/Textures/SkyCarBodyOcclusion.png
  artifactKey: Guid(bd0d469704e7c934ebddc45ece4c1868) Importer(2089858483,192608db42251d675da83286b1cce702)
Start importing Assets/Standard Assets/Vehicles/Car/Textures/SkyCarBodyOcclusion.png using Guid(bd0d469704e7c934ebddc45ece4c1868) Importer(2089858483,192608db42251d675da83286b1cce702) (ScriptedImporter) -> (artifact id: '5f448674e48a1039e43e6d8496f2cf8d') in 0.00736725 seconds
Number of updated asset objects reloaded before import = 0Number of asset objects unloaded after import = 1

========================================================================
Received Import Request.
  Time since last request: 0.000125 seconds.
  path: Assets/Standard Assets/Vehicles/Car/Scripts/SkidTrail.cs
  artifactKey: Guid(9ce3a3a1349a5774b94761844e652a65) Importer(2089858483,192608db42251d675da83286b1cce702)
Start importing Assets/Standard Assets/Vehicles/Car/Scripts/SkidTrail.cs using Guid(9ce3a3a1349a5774b94761844e652a65) Importer(2089858483,192608db42251d675da83286b1cce702) (ScriptedImporter) -> (artifact id: '9a2291a447866a13be06eb4a605b00b3') in 0.003462541 seconds
Number of updated asset objects reloaded before import = 0Number of asset objects unloaded after import = 0

========================================================================
Received Import Request.
  Time since last request: 0.000134 seconds.
  path: Assets/Standard Assets/Vehicles/Car/Textures/SkyCarWheelNormals.png
  artifactKey: Guid(af58420b18450884782f4761c8f71952) Importer(2089858483,192608db42251d675da83286b1cce702)
Start importing Assets/Standard Assets/Vehicles/Car/Textures/SkyCarWheelNormals.png using Guid(af58420b18450884782f4761c8f71952) Importer(2089858483,192608db42251d675da83286b1cce702) (ScriptedImporter) -> (artifact id: '8414774e71323e1c7100241ac8914f4a') in 0.007311334 seconds
Number of updated asset objects reloaded before import = 0Number of asset objects unloaded after import = 1

========================================================================
Received Import Request.
  Time since last request: 0.000071 seconds.
  path: Assets/Standard Assets/Vehicles/Car/Shaders/ReflectiveDiffuseSpec.shader
  artifactKey: Guid(bf441677c1d116a4db41bfae35e07c16) Importer(2089858483,192608db42251d675da83286b1cce702)
Start importing Assets/Standard Assets/Vehicles/Car/Shaders/ReflectiveDiffuseSpec.shader using Guid(bf441677c1d116a4db41bfae35e07c16) Importer(2089858483,192608db42251d675da83286b1cce702) (ScriptedImporter) -> (artifact id: 'acababd6655df398f798515ec13621e3') in 0.006759416 seconds
Number of updated asset objects reloaded before import = 0Number of asset objects unloaded after import = 1

========================================================================
Received Import Request.
  Time since last request: 0.000152 seconds.
  path: Assets/Standard Assets/Vehicles/Car/Textures/SkyCarLightsGlowAlpha.png
  artifactKey: Guid(6fc19647dd174e04e9793be879aea216) Importer(2089858483,192608db42251d675da83286b1cce702)
Start importing Assets/Standard Assets/Vehicles/Car/Textures/SkyCarLightsGlowAlpha.png using Guid(6fc19647dd174e04e9793be879aea216) Importer(2089858483,192608db42251d675da83286b1cce702) (ScriptedImporter) -> (artifact id: 'a83e347fa94a63540baf882b2a2819c5') in 0.007120833 seconds
Number of updated asset objects reloaded before import = 0Number of asset objects unloaded after import = 1

========================================================================
Received Prepare
Begin MonoManager ReloadAssembly
Thread 0x16ba93000 may have been prematurely finalized
Symbol file LoadedFromMemory is not a mono symbol file
- Loaded All Assemblies, in  0.616 seconds
Refreshing native plugins compatible for Editor in 1.67 ms, found 2 plugins.
Native extension for OSXStandalone target not found
Refreshing native plugins compatible for Editor in 1.43 ms, found 2 plugins.
Mono: successfully reloaded assembly
- Finished resetting the current domain, in  0.906 seconds
Domain Reload Profiling: 1524ms
	BeginReloadAssembly (201ms)
		ExecutionOrderSort (0ms)
		DisableScriptedObjects (8ms)
		BackupInstance (0ms)
		ReleaseScriptingObjects (0ms)
		CreateAndSetChildDomain (80ms)
	RebuildCommonClasses (30ms)
	RebuildNativeTypeToScriptingClass (10ms)
	initialDomainReloadingComplete (35ms)
	LoadAllAssembliesAndSetupDomain (341ms)
		LoadAssemblies (315ms)
		RebuildTransferFunctionScriptingTraits (0ms)
		AnalyzeDomain (93ms)
			TypeCache.Refresh (13ms)
				TypeCache.ScanAssembly (0ms)
			BuildScriptInfoCaches (75ms)
			ResolveRequiredComponents (2ms)
	FinalizeReload (906ms)
		ReleaseScriptCaches (0ms)
		RebuildScriptCaches (0ms)
		SetupLoadedEditorAssemblies (742ms)
			LogAssemblyErrors (0ms)
			InitializePlatformSupportModulesInManaged (6ms)
			SetLoadedEditorAssemblies (6ms)
			BeforeProcessingInitializeOnLoad (43ms)
			ProcessInitializeOnLoadAttributes (556ms)
			ProcessInitializeOnLoadMethodAttributes (128ms)
			AfterProcessingInitializeOnLoad (3ms)
			EditorAssembliesLoaded (0ms)
		ExecutionOrderSort2 (0ms)
		AwakeInstancesAfterBackupRestoration (3ms)
Refreshing native plugins compatible for Editor in 1.23 ms, found 2 plugins.
Preloading 0 native plugins for Editor in 0.00 ms.
Unloading 0 Unused Serialized files (Serialized files now loaded: 0)
Unloading 2733 unused Assets / (226.9 KB). Loaded Objects now: 3377.
Memory consumption went from 206.1 MB to 205.9 MB.
Total: 9.732792 ms (FindLiveObjects: 0.181625 ms CreateObjectMapping: 0.073042 ms MarkObjects: 8.474958 ms  DeleteObjects: 1.002167 ms)

Prepare: number of updated asset objects reloaded= 0
========================================================================
Received Prepare
Begin MonoManager ReloadAssembly
Thread 0x16ba93000 may have been prematurely finalized
Symbol file LoadedFromMemory is not a mono symbol file
- Loaded All Assemblies, in  0.513 seconds
Refreshing native plugins compatible for Editor in 1.59 ms, found 2 plugins.
Native extension for OSXStandalone target not found
Refreshing native plugins compatible for Editor in 1.49 ms, found 2 plugins.
Mono: successfully reloaded assembly
- Finished resetting the current domain, in  0.868 seconds
Domain Reload Profiling: 1382ms
	BeginReloadAssembly (193ms)
		ExecutionOrderSort (0ms)
		DisableScriptedObjects (6ms)
		BackupInstance (0ms)
		ReleaseScriptingObjects (0ms)
		CreateAndSetChildDomain (80ms)
	RebuildCommonClasses (33ms)
	RebuildNativeTypeToScriptingClass (10ms)
	initialDomainReloadingComplete (15ms)
	LoadAllAssembliesAndSetupDomain (262ms)
		LoadAssemblies (233ms)
		RebuildTransferFunctionScriptingTraits (0ms)
		AnalyzeDomain (91ms)
			TypeCache.Refresh (8ms)
				TypeCache.ScanAssembly (0ms)
			BuildScriptInfoCaches (78ms)
			ResolveRequiredComponents (3ms)
	FinalizeReload (869ms)
		ReleaseScriptCaches (0ms)
		RebuildScriptCaches (0ms)
		SetupLoadedEditorAssemblies (719ms)
			LogAssemblyErrors (0ms)
			InitializePlatformSupportModulesInManaged (2ms)
			SetLoadedEditorAssemblies (4ms)
			BeforeProcessingInitializeOnLoad (61ms)
			ProcessInitializeOnLoadAttributes (525ms)
			ProcessInitializeOnLoadMethodAttributes (124ms)
			AfterProcessingInitializeOnLoad (3ms)
			EditorAssembliesLoaded (0ms)
		ExecutionOrderSort2 (0ms)
		AwakeInstancesAfterBackupRestoration (6ms)
Refreshing native plugins compatible for Editor in 1.18 ms, found 2 plugins.
Preloading 0 native plugins for Editor in 0.00 ms.
Unloading 0 Unused Serialized files (Serialized files now loaded: 0)
Unloading 2731 unused Assets / (174.6 KB). Loaded Objects now: 3377.
Memory consumption went from 212.1 MB to 211.9 MB.
Total: 8.802000 ms (FindLiveObjects: 0.175166 ms CreateObjectMapping: 0.074959 ms MarkObjects: 8.114083 ms  DeleteObjects: 0.437167 ms)

Prepare: number of updated asset objects reloaded= 0
========================================================================
Received Prepare
Begin MonoManager ReloadAssembly
Thread 0x16ba93000 may have been prematurely finalized
Symbol file LoadedFromMemory is not a mono symbol file
- Loaded All Assemblies, in  0.508 seconds
Refreshing native plugins compatible for Editor in 1.52 ms, found 2 plugins.
Native extension for OSXStandalone target not found
Refreshing native plugins compatible for Editor in 1.41 ms, found 2 plugins.
Mono: successfully reloaded assembly
- Finished resetting the current domain, in  0.834 seconds
Domain Reload Profiling: 1343ms
	BeginReloadAssembly (184ms)
		ExecutionOrderSort (0ms)
		DisableScriptedObjects (10ms)
		BackupInstance (0ms)
		ReleaseScriptingObjects (0ms)
		CreateAndSetChildDomain (77ms)
	RebuildCommonClasses (29ms)
	RebuildNativeTypeToScriptingClass (10ms)
	initialDomainReloadingComplete (17ms)
	LoadAllAssembliesAndSetupDomain (268ms)
		LoadAssemblies (242ms)
		RebuildTransferFunctionScriptingTraits (0ms)
		AnalyzeDomain (84ms)
			TypeCache.Refresh (6ms)
				TypeCache.ScanAssembly (0ms)
			BuildScriptInfoCaches (75ms)
			ResolveRequiredComponents (2ms)
	FinalizeReload (835ms)
		ReleaseScriptCaches (0ms)
		RebuildScriptCaches (0ms)
		SetupLoadedEditorAssemblies (685ms)
			LogAssemblyErrors (0ms)
			InitializePlatformSupportModulesInManaged (2ms)
			SetLoadedEditorAssemblies (3ms)
			BeforeProcessingInitializeOnLoad (42ms)
			ProcessInitializeOnLoadAttributes (508ms)
			ProcessInitializeOnLoadMethodAttributes (126ms)
			AfterProcessingInitializeOnLoad (3ms)
			EditorAssembliesLoaded (0ms)
		ExecutionOrderSort2 (0ms)
		AwakeInstancesAfterBackupRestoration (3ms)
Refreshing native plugins compatible for Editor in 1.19 ms, found 2 plugins.
Preloading 0 native plugins for Editor in 0.00 ms.
Unloading 0 Unused Serialized files (Serialized files now loaded: 0)
Unloading 2731 unused Assets / (357.6 KB). Loaded Objects now: 3377.
Memory consumption went from 218.2 MB to 217.8 MB.
Total: 9.054333 ms (FindLiveObjects: 0.174209 ms CreateObjectMapping: 0.076958 ms MarkObjects: 8.286000 ms  DeleteObjects: 0.516500 ms)

Prepare: number of updated asset objects reloaded= 0
========================================================================
Received Prepare
Begin MonoManager ReloadAssembly
Thread 0x16ba93000 may have been prematurely finalized
Symbol file LoadedFromMemory is not a mono symbol file
- Loaded All Assemblies, in  0.527 seconds
Refreshing native plugins compatible for Editor in 1.14 ms, found 2 plugins.
Native extension for OSXStandalone target not found
Refreshing native plugins compatible for Editor in 1.50 ms, found 2 plugins.
Mono: successfully reloaded assembly
- Finished resetting the current domain, in  0.821 seconds
Domain Reload Profiling: 1348ms
	BeginReloadAssembly (180ms)
		ExecutionOrderSort (0ms)
		DisableScriptedObjects (8ms)
		BackupInstance (0ms)
		ReleaseScriptingObjects (0ms)
		CreateAndSetChildDomain (81ms)
	RebuildCommonClasses (32ms)
	RebuildNativeTypeToScriptingClass (11ms)
	initialDomainReloadingComplete (16ms)
	LoadAllAssembliesAndSetupDomain (287ms)
		LoadAssemblies (239ms)
		RebuildTransferFunctionScriptingTraits (0ms)
		AnalyzeDomain (92ms)
			TypeCache.Refresh (9ms)
				TypeCache.ScanAssembly (0ms)
			BuildScriptInfoCaches (79ms)
			ResolveRequiredComponents (2ms)
	FinalizeReload (821ms)
		ReleaseScriptCaches (0ms)
		RebuildScriptCaches (0ms)
		SetupLoadedEditorAssemblies (676ms)
			LogAssemblyErrors (0ms)
			InitializePlatformSupportModulesInManaged (2ms)
			SetLoadedEditorAssemblies (3ms)
			BeforeProcessingInitializeOnLoad (44ms)
			ProcessInitializeOnLoadAttributes (495ms)
			ProcessInitializeOnLoadMethodAttributes (128ms)
			AfterProcessingInitializeOnLoad (3ms)
			EditorAssembliesLoaded (0ms)
		ExecutionOrderSort2 (0ms)
		AwakeInstancesAfterBackupRestoration (3ms)
Refreshing native plugins compatible for Editor in 1.22 ms, found 2 plugins.
Preloading 0 native plugins for Editor in 0.00 ms.
Unloading 0 Unused Serialized files (Serialized files now loaded: 0)
Unloading 2731 unused Assets / (493.2 KB). Loaded Objects now: 3377.
Memory consumption went from 224.2 MB to 223.8 MB.
Total: 8.966250 ms (FindLiveObjects: 0.178375 ms CreateObjectMapping: 0.072916 ms MarkObjects: 8.192375 ms  DeleteObjects: 0.522166 ms)

Prepare: number of updated asset objects reloaded= 0
========================================================================
Received Prepare
Begin MonoManager ReloadAssembly
Thread 0x16ba93000 may have been prematurely finalized
Symbol file LoadedFromMemory is not a mono symbol file
- Loaded All Assemblies, in  0.551 seconds
Refreshing native plugins compatible for Editor in 1.31 ms, found 2 plugins.
Native extension for OSXStandalone target not found
Refreshing native plugins compatible for Editor in 1.91 ms, found 2 plugins.
Mono: successfully reloaded assembly
- Finished resetting the current domain, in  0.777 seconds
Domain Reload Profiling: 1330ms
	BeginReloadAssembly (211ms)
		ExecutionOrderSort (0ms)
		DisableScriptedObjects (8ms)
		BackupInstance (0ms)
		ReleaseScriptingObjects (0ms)
		CreateAndSetChildDomain (74ms)
	RebuildCommonClasses (28ms)
	RebuildNativeTypeToScriptingClass (11ms)
	initialDomainReloadingComplete (17ms)
	LoadAllAssembliesAndSetupDomain (286ms)
		LoadAssemblies (246ms)
		RebuildTransferFunctionScriptingTraits (0ms)
		AnalyzeDomain (111ms)
			TypeCache.Refresh (20ms)
				TypeCache.ScanAssembly (0ms)
			BuildScriptInfoCaches (81ms)
			ResolveRequiredComponents (5ms)
	FinalizeReload (778ms)
		ReleaseScriptCaches (0ms)
		RebuildScriptCaches (0ms)
		SetupLoadedEditorAssemblies (635ms)
			LogAssemblyErrors (0ms)
			InitializePlatformSupportModulesInManaged (2ms)
			SetLoadedEditorAssemblies (3ms)
			BeforeProcessingInitializeOnLoad (39ms)
			ProcessInitializeOnLoadAttributes (470ms)
			ProcessInitializeOnLoadMethodAttributes (118ms)
			AfterProcessingInitializeOnLoad (3ms)
			EditorAssembliesLoaded (0ms)
		ExecutionOrderSort2 (0ms)
		AwakeInstancesAfterBackupRestoration (2ms)
Refreshing native plugins compatible for Editor in 1.15 ms, found 2 plugins.
Preloading 0 native plugins for Editor in 0.00 ms.
Unloading 0 Unused Serialized files (Serialized files now loaded: 0)
Unloading 2731 unused Assets / (472.0 KB). Loaded Objects now: 3377.
Memory consumption went from 230.3 MB to 229.8 MB.
Total: 8.073250 ms (FindLiveObjects: 0.167250 ms CreateObjectMapping: 0.069833 ms MarkObjects: 7.397917 ms  DeleteObjects: 0.437791 ms)

Prepare: number of updated asset objects reloaded= 0
========================================================================
Received Prepare
Begin MonoManager ReloadAssembly
Thread 0x16ba93000 may have been prematurely finalized
Symbol file LoadedFromMemory is not a mono symbol file
- Loaded All Assemblies, in  0.471 seconds
Refreshing native plugins compatible for Editor in 1.35 ms, found 2 plugins.
Native extension for OSXStandalone target not found
Refreshing native plugins compatible for Editor in 1.37 ms, found 2 plugins.
Mono: successfully reloaded assembly
- Finished resetting the current domain, in  0.866 seconds
Domain Reload Profiling: 1338ms
	BeginReloadAssembly (122ms)
		ExecutionOrderSort (0ms)
		DisableScriptedObjects (5ms)
		BackupInstance (0ms)
		ReleaseScriptingObjects (0ms)
		CreateAndSetChildDomain (54ms)
	RebuildCommonClasses (27ms)
	RebuildNativeTypeToScriptingClass (10ms)
	initialDomainReloadingComplete (18ms)
	LoadAllAssembliesAndSetupDomain (294ms)
		LoadAssemblies (245ms)
		RebuildTransferFunctionScriptingTraits (0ms)
		AnalyzeDomain (84ms)
			TypeCache.Refresh (7ms)
				TypeCache.ScanAssembly (0ms)
			BuildScriptInfoCaches (70ms)
			ResolveRequiredComponents (2ms)
	FinalizeReload (866ms)
		ReleaseScriptCaches (0ms)
		RebuildScriptCaches (0ms)
		SetupLoadedEditorAssemblies (711ms)
			LogAssemblyErrors (0ms)
			InitializePlatformSupportModulesInManaged (2ms)
			SetLoadedEditorAssemblies (4ms)
			BeforeProcessingInitializeOnLoad (48ms)
			ProcessInitializeOnLoadAttributes (525ms)
			ProcessInitializeOnLoadMethodAttributes (129ms)
			AfterProcessingInitializeOnLoad (3ms)
			EditorAssembliesLoaded (0ms)
		ExecutionOrderSort2 (0ms)
		AwakeInstancesAfterBackupRestoration (3ms)
Refreshing native plugins compatible for Editor in 1.41 ms, found 2 plugins.
Preloading 0 native plugins for Editor in 0.00 ms.
Unloading 0 Unused Serialized files (Serialized files now loaded: 0)
Unloading 2731 unused Assets / (181.3 KB). Loaded Objects now: 3377.
Memory consumption went from 236.4 MB to 236.2 MB.
Total: 9.043166 ms (FindLiveObjects: 0.185667 ms CreateObjectMapping: 0.075417 ms MarkObjects: 8.255166 ms  DeleteObjects: 0.526000 ms)

Prepare: number of updated asset objects reloaded= 0
========================================================================
Received Prepare
Begin MonoManager ReloadAssembly
Thread 0x16ba93000 may have been prematurely finalized
Symbol file LoadedFromMemory is not a mono symbol file
- Loaded All Assemblies, in  0.601 seconds
Refreshing native plugins compatible for Editor in 1.30 ms, found 2 plugins.
Native extension for OSXStandalone target not found
Refreshing native plugins compatible for Editor in 1.52 ms, found 2 plugins.
Mono: successfully reloaded assembly
- Finished resetting the current domain, in  0.842 seconds
Domain Reload Profiling: 1444ms
	BeginReloadAssembly (216ms)
		ExecutionOrderSort (0ms)
		DisableScriptedObjects (9ms)
		BackupInstance (0ms)
		ReleaseScriptingObjects (0ms)
		CreateAndSetChildDomain (85ms)
	RebuildCommonClasses (30ms)
	RebuildNativeTypeToScriptingClass (10ms)
	initialDomainReloadingComplete (18ms)
	LoadAllAssembliesAndSetupDomain (328ms)
		LoadAssemblies (301ms)
		RebuildTransferFunctionScriptingTraits (0ms)
		AnalyzeDomain (106ms)
			TypeCache.Refresh (24ms)
				TypeCache.ScanAssembly (0ms)
			BuildScriptInfoCaches (78ms)
			ResolveRequiredComponents (2ms)
	FinalizeReload (842ms)
		ReleaseScriptCaches (0ms)
		RebuildScriptCaches (0ms)
		SetupLoadedEditorAssemblies (698ms)
			LogAssemblyErrors (0ms)
			InitializePlatformSupportModulesInManaged (2ms)
			SetLoadedEditorAssemblies (3ms)
			BeforeProcessingInitializeOnLoad (43ms)
			ProcessInitializeOnLoadAttributes (519ms)
			ProcessInitializeOnLoadMethodAttributes (127ms)
			AfterProcessingInitializeOnLoad (4ms)
			EditorAssembliesLoaded (0ms)
		ExecutionOrderSort2 (0ms)
		AwakeInstancesAfterBackupRestoration (3ms)
Refreshing native plugins compatible for Editor in 1.39 ms, found 2 plugins.
Preloading 0 native plugins for Editor in 0.00 ms.
Unloading 0 Unused Serialized files (Serialized files now loaded: 0)
Unloading 2731 unused Assets / (0.6 MB). Loaded Objects now: 3377.
Memory consumption went from 242.6 MB to 242.0 MB.
Total: 8.110167 ms (FindLiveObjects: 0.166625 ms CreateObjectMapping: 0.069584 ms MarkObjects: 7.430167 ms  DeleteObjects: 0.442792 ms)

Prepare: number of updated asset objects reloaded= 0
========================================================================
Received Prepare
Begin MonoManager ReloadAssembly
Thread 0x16ba93000 may have been prematurely finalized
Symbol file LoadedFromMemory is not a mono symbol file
- Loaded All Assemblies, in  0.482 seconds
Refreshing native plugins compatible for Editor in 1.13 ms, found 2 plugins.
Native extension for OSXStandalone target not found
Refreshing native plugins compatible for Editor in 1.47 ms, found 2 plugins.
Mono: successfully reloaded assembly
- Finished resetting the current domain, in  0.828 seconds
Domain Reload Profiling: 1311ms
	BeginReloadAssembly (165ms)
		ExecutionOrderSort (0ms)
		DisableScriptedObjects (9ms)
		BackupInstance (0ms)
		ReleaseScriptingObjects (0ms)
		CreateAndSetChildDomain (74ms)
	RebuildCommonClasses (35ms)
	RebuildNativeTypeToScriptingClass (10ms)
	initialDomainReloadingComplete (19ms)
	LoadAllAssembliesAndSetupDomain (253ms)
		LoadAssemblies (216ms)
		RebuildTransferFunctionScriptingTraits (0ms)
		AnalyzeDomain (78ms)
			TypeCache.Refresh (6ms)
				TypeCache.ScanAssembly (0ms)
			BuildScriptInfoCaches (68ms)
			ResolveRequiredComponents (2ms)
	FinalizeReload (828ms)
		ReleaseScriptCaches (0ms)
		RebuildScriptCaches (0ms)
		SetupLoadedEditorAssemblies (680ms)
			LogAssemblyErrors (0ms)
			InitializePlatformSupportModulesInManaged (2ms)
			SetLoadedEditorAssemblies (3ms)
			BeforeProcessingInitializeOnLoad (53ms)
			ProcessInitializeOnLoadAttributes (491ms)
			ProcessInitializeOnLoadMethodAttributes (127ms)
			AfterProcessingInitializeOnLoad (3ms)
			EditorAssembliesLoaded (0ms)
		ExecutionOrderSort2 (0ms)
		AwakeInstancesAfterBackupRestoration (3ms)
Refreshing native plugins compatible for Editor in 1.20 ms, found 2 plugins.
Preloading 0 native plugins for Editor in 0.00 ms.
Unloading 0 Unused Serialized files (Serialized files now loaded: 0)
Unloading 2731 unused Assets / (485.7 KB). Loaded Objects now: 3377.
Memory consumption went from 248.6 MB to 248.1 MB.
Total: 8.871500 ms (FindLiveObjects: 0.194917 ms CreateObjectMapping: 0.070583 ms MarkObjects: 8.155000 ms  DeleteObjects: 0.450750 ms)

Prepare: number of updated asset objects reloaded= 0
========================================================================
Received Import Request.
  Time since last request: 1570.778009 seconds.
  path: Assets/Textures/Asphalt001_N.jpg
  artifactKey: Guid(d46bca55d7420f34bbe6121ae3a60e05) Importer(815301076,1909f56bfc062723c751e8b465ee728b)
Start importing Assets/Textures/Asphalt001_N.jpg using Guid(d46bca55d7420f34bbe6121ae3a60e05) Importer(815301076,1909f56bfc062723c751e8b465ee728b) (PreviewImporter) -> (artifact id: '58389b176b33cb94cf7ccaf27ce68966') in 0.220654167 seconds
Number of updated asset objects reloaded before import = 0Number of asset objects unloaded after import = 2

========================================================================
Received Import Request.
  Time since last request: 0.000080 seconds.
  path: Assets/Textures/Rock001.jpg
  artifactKey: Guid(d2fd794362c212b4381e41a64598e665) Importer(815301076,1909f56bfc062723c751e8b465ee728b)
Start importing Assets/Textures/Rock001.jpg using Guid(d2fd794362c212b4381e41a64598e665) Importer(815301076,1909f56bfc062723c751e8b465ee728b) (PreviewImporter) -> (artifact id: '475bd3bd8569e9eaccada9dbfee039e5') in 0.010348167 seconds
Number of updated asset objects reloaded before import = 0Number of asset objects unloaded after import = 2

========================================================================
Received Import Request.
  Time since last request: 0.000031 seconds.
  path: Assets/Textures/Flag.png
  artifactKey: Guid(5201e9d76432dbf419721af718ee2408) Importer(815301076,1909f56bfc062723c751e8b465ee728b)
Start importing Assets/Textures/Flag.png using Guid(5201e9d76432dbf419721af718ee2408) Importer(815301076,1909f56bfc062723c751e8b465ee728b) (PreviewImporter) -> (artifact id: 'f09635c7ad71e590c37ede93176e8453') in 0.003186167 seconds
Number of updated asset objects reloaded before import = 0Number of asset objects unloaded after import = 2

========================================================================
Received Import Request.
  Time since last request: 0.000180 seconds.
  path: Assets/Textures/Rock001_N.jpg
  artifactKey: Guid(a4ad15d087831f848a2dc6b117453dbb) Importer(815301076,1909f56bfc062723c751e8b465ee728b)
Start importing Assets/Textures/Rock001_N.jpg using Guid(a4ad15d087831f848a2dc6b117453dbb) Importer(815301076,1909f56bfc062723c751e8b465ee728b) (PreviewImporter) -> (artifact id: '6b4d0db0c4e2b7d5ad0d42641f577537') in 0.008298708 seconds
Number of updated asset objects reloaded before import = 0Number of asset objects unloaded after import = 2

========================================================================
Received Import Request.
  Time since last request: 0.000065 seconds.
  path: Assets/Textures/Grass001.jpg
  artifactKey: Guid(c99c8f7ebf1d6ee448c241fbbe31c285) Importer(815301076,1909f56bfc062723c751e8b465ee728b)
Start importing Assets/Textures/Grass001.jpg using Guid(c99c8f7ebf1d6ee448c241fbbe31c285) Importer(815301076,1909f56bfc062723c751e8b465ee728b) (PreviewImporter) -> (artifact id: '88899b39668ff81358c1f5c61512ebad') in 0.004748417 seconds
Number of updated asset objects reloaded before import = 0Number of asset objects unloaded after import = 2

========================================================================
Received Import Request.
  Time since last request: 137.101692 seconds.
  path: Assets/New Terrain 1.asset
  artifactKey: Guid(c3489997ed4014245a938c24522c3ff3) Importer(815301076,1909f56bfc062723c751e8b465ee728b)
Start importing Assets/New Terrain 1.asset using Guid(c3489997ed4014245a938c24522c3ff3) Importer(815301076,1909f56bfc062723c751e8b465ee728b) (PreviewImporter) -> (artifact id: '7c47547bfa7847683bd1c7d95c09b847') in 0.030255042 seconds
Number of updated asset objects reloaded before import = 0Number of asset objects unloaded after import = 3

========================================================================
Received Import Request.
  Time since last request: 987.102915 seconds.
  path: Assets/Materials/MetalMat.mat
  artifactKey: Guid(4808f6a82fe6a4f4191eb830762c6d35) Importer(815301076,1909f56bfc062723c751e8b465ee728b)
Start importing Assets/Materials/MetalMat.mat using Guid(4808f6a82fe6a4f4191eb830762c6d35) Importer(815301076,1909f56bfc062723c751e8b465ee728b) (PreviewImporter) -> (artifact id: 'f6809c9fdcdd6a158d9dd44b81b8079e') in 0.357612958 seconds
Number of updated asset objects reloaded before import = 0Number of asset objects unloaded after import = 1

========================================================================
Received Import Request.
  Time since last request: 0.000071 seconds.
  path: Assets/Materials/RedMat.mat
  artifactKey: Guid(011e43e2d58f5154e9970e14b0f404eb) Importer(815301076,1909f56bfc062723c751e8b465ee728b)
Start importing Assets/Materials/RedMat.mat using Guid(011e43e2d58f5154e9970e14b0f404eb) Importer(815301076,1909f56bfc062723c751e8b465ee728b) (PreviewImporter) -> (artifact id: '5f1720f3f413771a6c07778314c5eee0') in 0.00631525 seconds
Number of updated asset objects reloaded before import = 0Number of asset objects unloaded after import = 1

========================================================================
Received Prepare
Refreshing native plugins compatible for Editor in 6.37 ms, found 2 plugins.
Preloading 0 native plugins for Editor in 0.00 ms.
Unloading 0 Unused Serialized files (Serialized files now loaded: 0)
Unloading 2699 unused Assets / (0.6 MB). Loaded Objects now: 3393.
Memory consumption went from 239.8 MB to 239.3 MB.
Total: 22.776500 ms (FindLiveObjects: 0.215333 ms CreateObjectMapping: 0.077417 ms MarkObjects: 22.048292 ms  DeleteObjects: 0.435083 ms)

Prepare: number of updated asset objects reloaded= 0
========================================================================
Received Prepare
Begin MonoManager ReloadAssembly
Thread 0x16ba93000 may have been prematurely finalized
Symbol file LoadedFromMemory is not a mono symbol file
- Loaded All Assemblies, in  0.557 seconds
Refreshing native plugins compatible for Editor in 1.47 ms, found 2 plugins.
Native extension for OSXStandalone target not found
Refreshing native plugins compatible for Editor in 1.40 ms, found 2 plugins.
Mono: successfully reloaded assembly
- Finished resetting the current domain, in  0.793 seconds
Domain Reload Profiling: 1351ms
	BeginReloadAssembly (183ms)
		ExecutionOrderSort (0ms)
		DisableScriptedObjects (11ms)
		BackupInstance (0ms)
		ReleaseScriptingObjects (0ms)
		CreateAndSetChildDomain (71ms)
	RebuildCommonClasses (30ms)
	RebuildNativeTypeToScriptingClass (11ms)
	initialDomainReloadingComplete (23ms)
	LoadAllAssembliesAndSetupDomain (312ms)
		LoadAssemblies (270ms)
		RebuildTransferFunctionScriptingTraits (0ms)
		AnalyzeDomain (99ms)
			TypeCache.Refresh (18ms)
				TypeCache.ScanAssembly (0ms)
			BuildScriptInfoCaches (76ms)
			ResolveRequiredComponents (2ms)
	FinalizeReload (793ms)
		ReleaseScriptCaches (0ms)
		RebuildScriptCaches (0ms)
		SetupLoadedEditorAssemblies (652ms)
			LogAssemblyErrors (0ms)
			InitializePlatformSupportModulesInManaged (2ms)
			SetLoadedEditorAssemblies (3ms)
			BeforeProcessingInitializeOnLoad (40ms)
			ProcessInitializeOnLoadAttributes (484ms)
			ProcessInitializeOnLoadMethodAttributes (118ms)
			AfterProcessingInitializeOnLoad (3ms)
			EditorAssembliesLoaded (0ms)
		ExecutionOrderSort2 (0ms)
		AwakeInstancesAfterBackupRestoration (2ms)
Refreshing native plugins compatible for Editor in 1.15 ms, found 2 plugins.
Preloading 0 native plugins for Editor in 0.00 ms.
Unloading 0 Unused Serialized files (Serialized files now loaded: 0)
Unloading 2732 unused Assets / (74.0 KB). Loaded Objects now: 3392.
Memory consumption went from 254.9 MB to 254.9 MB.
Total: 8.315959 ms (FindLiveObjects: 0.168792 ms CreateObjectMapping: 0.071041 ms MarkObjects: 7.675958 ms  DeleteObjects: 0.399125 ms)

Prepare: number of updated asset objects reloaded= 0
========================================================================
Received Import Request.
  Time since last request: 34.165535 seconds.
  path: Assets/Scripts/GlobalCar.cs
  artifactKey: Guid(a455287d717314f4c842bda95f82cab2) Importer(815301076,1909f56bfc062723c751e8b465ee728b)
Start importing Assets/Scripts/GlobalCar.cs using Guid(a455287d717314f4c842bda95f82cab2) Importer(815301076,1909f56bfc062723c751e8b465ee728b) (PreviewImporter) -> (artifact id: '46dfd7d0bf6505b9405e6961a4cf25eb') in 0.001649167 seconds
Number of updated asset objects reloaded before import = 0Number of asset objects unloaded after import = 0

========================================================================
Received Prepare
Begin MonoManager ReloadAssembly
Thread 0x16ba93000 may have been prematurely finalized
Symbol file LoadedFromMemory is not a mono symbol file
- Loaded All Assemblies, in  0.520 seconds
Refreshing native plugins compatible for Editor in 1.13 ms, found 2 plugins.
Native extension for OSXStandalone target not found
Refreshing native plugins compatible for Editor in 1.23 ms, found 2 plugins.
Mono: successfully reloaded assembly
- Finished resetting the current domain, in  0.808 seconds
Domain Reload Profiling: 1329ms
	BeginReloadAssembly (176ms)
		ExecutionOrderSort (0ms)
		DisableScriptedObjects (9ms)
		BackupInstance (0ms)
		ReleaseScriptingObjects (0ms)
		CreateAndSetChildDomain (80ms)
	RebuildCommonClasses (28ms)
	RebuildNativeTypeToScriptingClass (10ms)
	initialDomainReloadingComplete (31ms)
	LoadAllAssembliesAndSetupDomain (275ms)
		LoadAssemblies (233ms)
		RebuildTransferFunctionScriptingTraits (0ms)
		AnalyzeDomain (85ms)
			TypeCache.Refresh (9ms)
				TypeCache.ScanAssembly (0ms)
			BuildScriptInfoCaches (67ms)
			ResolveRequiredComponents (2ms)
	FinalizeReload (808ms)
		ReleaseScriptCaches (0ms)
		RebuildScriptCaches (0ms)
		SetupLoadedEditorAssemblies (667ms)
			LogAssemblyErrors (0ms)
			InitializePlatformSupportModulesInManaged (2ms)
			SetLoadedEditorAssemblies (4ms)
			BeforeProcessingInitializeOnLoad (44ms)
			ProcessInitializeOnLoadAttributes (492ms)
			ProcessInitializeOnLoadMethodAttributes (122ms)
			AfterProcessingInitializeOnLoad (3ms)
			EditorAssembliesLoaded (0ms)
		ExecutionOrderSort2 (0ms)
		AwakeInstancesAfterBackupRestoration (3ms)
Refreshing native plugins compatible for Editor in 1.17 ms, found 2 plugins.
Preloading 0 native plugins for Editor in 0.00 ms.
Unloading 0 Unused Serialized files (Serialized files now loaded: 0)
Unloading 2732 unused Assets / (156.9 KB). Loaded Objects now: 3392.
Memory consumption went from 261.0 MB to 260.9 MB.
Total: 8.680667 ms (FindLiveObjects: 0.162875 ms CreateObjectMapping: 0.072917 ms MarkObjects: 7.971041 ms  DeleteObjects: 0.473000 ms)

Prepare: number of updated asset objects reloaded= 0
========================================================================
Received Import Request.
  Time since last request: 108.461440 seconds.
  path: Assets/Scripts/GlobalCar.cs
  artifactKey: Guid(a455287d717314f4c842bda95f82cab2) Importer(815301076,1909f56bfc062723c751e8b465ee728b)
Start importing Assets/Scripts/GlobalCar.cs using Guid(a455287d717314f4c842bda95f82cab2) Importer(815301076,1909f56bfc062723c751e8b465ee728b) (PreviewImporter) -> (artifact id: '76bbc77dd63935729bedb7093c0bf99b') in 0.001798042 seconds
Number of updated asset objects reloaded before import = 0Number of asset objects unloaded after import = 0

========================================================================
Received Prepare
Begin MonoManager ReloadAssembly
Thread 0x16ba93000 may have been prematurely finalized
Symbol file LoadedFromMemory is not a mono symbol file
- Loaded All Assemblies, in  0.569 seconds
Refreshing native plugins compatible for Editor in 1.41 ms, found 2 plugins.
Native extension for OSXStandalone target not found
Refreshing native plugins compatible for Editor in 1.21 ms, found 2 plugins.
Mono: successfully reloaded assembly
- Finished resetting the current domain, in  0.825 seconds
Domain Reload Profiling: 1395ms
	BeginReloadAssembly (193ms)
		ExecutionOrderSort (0ms)
		DisableScriptedObjects (13ms)
		BackupInstance (0ms)
		ReleaseScriptingObjects (0ms)
		CreateAndSetChildDomain (72ms)
	RebuildCommonClasses (31ms)
	RebuildNativeTypeToScriptingClass (11ms)
	initialDomainReloadingComplete (21ms)
	LoadAllAssembliesAndSetupDomain (314ms)
		LoadAssemblies (277ms)
		RebuildTransferFunctionScriptingTraits (0ms)
		AnalyzeDomain (90ms)
			TypeCache.Refresh (7ms)
				TypeCache.ScanAssembly (0ms)
			BuildScriptInfoCaches (75ms)
			ResolveRequiredComponents (2ms)
	FinalizeReload (825ms)
		ReleaseScriptCaches (0ms)
		RebuildScriptCaches (0ms)
		SetupLoadedEditorAssemblies (678ms)
			LogAssemblyErrors (0ms)
			InitializePlatformSupportModulesInManaged (5ms)
			SetLoadedEditorAssemblies (4ms)
			BeforeProcessingInitializeOnLoad (53ms)
			ProcessInitializeOnLoadAttributes (499ms)
			ProcessInitializeOnLoadMethodAttributes (114ms)
			AfterProcessingInitializeOnLoad (3ms)
			EditorAssembliesLoaded (0ms)
		ExecutionOrderSort2 (0ms)
		AwakeInstancesAfterBackupRestoration (3ms)
Refreshing native plugins compatible for Editor in 1.16 ms, found 2 plugins.
Preloading 0 native plugins for Editor in 0.00 ms.
Unloading 0 Unused Serialized files (Serialized files now loaded: 0)
Unloading 2732 unused Assets / (0.6 MB). Loaded Objects now: 3392.
Memory consumption went from 267.1 MB to 266.6 MB.
Total: 8.264291 ms (FindLiveObjects: 0.164708 ms CreateObjectMapping: 0.072458 ms MarkObjects: 7.618792 ms  DeleteObjects: 0.407375 ms)

Prepare: number of updated asset objects reloaded= 0
========================================================================
Received Import Request.
  Time since last request: 842.110014 seconds.
  path: Assets/Standard Assets/Vehicles/Car/Materials/ParticleSmokeWhite.mat
  artifactKey: Guid(c617e7cbee0d2344a9b5e53116c43a2c) Importer(815301076,1909f56bfc062723c751e8b465ee728b)
Start importing Assets/Standard Assets/Vehicles/Car/Materials/ParticleSmokeWhite.mat using Guid(c617e7cbee0d2344a9b5e53116c43a2c) Importer(815301076,1909f56bfc062723c751e8b465ee728b) (PreviewImporter) -> (artifact id: 'd20c51920e3de5bb42eb6e5feb884301') in 0.527483459 seconds
Number of updated asset objects reloaded before import = 0Number of asset objects unloaded after import = 2

========================================================================
Received Import Request.
  Time since last request: 0.000057 seconds.
  path: Assets/Standard Assets/Vehicles/Car/Materials/SkyCarWheelWhite.mat
  artifactKey: Guid(6021947067b9d6c4bac8d9e085a71558) Importer(815301076,1909f56bfc062723c751e8b465ee728b)
Start importing Assets/Standard Assets/Vehicles/Car/Materials/SkyCarWheelWhite.mat using Guid(6021947067b9d6c4bac8d9e085a71558) Importer(815301076,1909f56bfc062723c751e8b465ee728b) (PreviewImporter) -> (artifact id: '2ff6f5b7f0ebc976ee69f430511091cc') in 0.173788583 seconds
Number of updated asset objects reloaded before import = 0Number of asset objects unloaded after import = 3

========================================================================
Received Import Request.
  Time since last request: 0.000068 seconds.
  path: Assets/Standard Assets/Vehicles/Car/Materials/SkyCarBodyWhite.mat
  artifactKey: Guid(6ec41f7c0e0d3fb40933551a4124b211) Importer(815301076,1909f56bfc062723c751e8b465ee728b)
Start importing Assets/Standard Assets/Vehicles/Car/Materials/SkyCarBodyWhite.mat using Guid(6ec41f7c0e0d3fb40933551a4124b211) Importer(815301076,1909f56bfc062723c751e8b465ee728b) (PreviewImporter) -> (artifact id: 'ccd95675ed963c1f79ad27c39e8293e8') in 0.015182209 seconds
Number of updated asset objects reloaded before import = 0Number of asset objects unloaded after import = 3

========================================================================
Received Import Request.
  Time since last request: 0.000298 seconds.
  path: Assets/Standard Assets/Vehicles/Car/Materials/SkyCarBodyGrey.mat
  artifactKey: Guid(d425c5c4cb38fd44f95b13e9f94575c2) Importer(815301076,1909f56bfc062723c751e8b465ee728b)
Start importing Assets/Standard Assets/Vehicles/Car/Materials/SkyCarBodyGrey.mat using Guid(d425c5c4cb38fd44f95b13e9f94575c2) Importer(815301076,1909f56bfc062723c751e8b465ee728b) (PreviewImporter) -> (artifact id: '3b2bb8ef7c71219be4e95d21105df318') in 0.007504834 seconds
Number of updated asset objects reloaded before import = 0Number of asset objects unloaded after import = 3

========================================================================
Received Import Request.
  Time since last request: 0.000051 seconds.
  path: Assets/Standard Assets/Vehicles/Car/Materials/SkyCarLightGlows.mat
  artifactKey: Guid(3682f7747d485db4586750a832808b31) Importer(815301076,1909f56bfc062723c751e8b465ee728b)
Start importing Assets/Standard Assets/Vehicles/Car/Materials/SkyCarLightGlows.mat using Guid(3682f7747d485db4586750a832808b31) Importer(815301076,1909f56bfc062723c751e8b465ee728b) (PreviewImporter) -> (artifact id: 'afd9b4958efcb4e4bed72ecc9559e3c4') in 0.012387875 seconds
Number of updated asset objects reloaded before import = 0Number of asset objects unloaded after import = 2

========================================================================
Received Import Request.
  Time since last request: 0.000094 seconds.
  path: Assets/Standard Assets/Vehicles/Car/Materials/SkyCarLightCoversGrey.mat
  artifactKey: Guid(bf5faaa3a8e23de45bf1350be2893dd7) Importer(815301076,1909f56bfc062723c751e8b465ee728b)
Start importing Assets/Standard Assets/Vehicles/Car/Materials/SkyCarLightCoversGrey.mat using Guid(bf5faaa3a8e23de45bf1350be2893dd7) Importer(815301076,1909f56bfc062723c751e8b465ee728b) (PreviewImporter) -> (artifact id: '2a14fc9766b4c339106dba14bb818109') in 0.120332416 seconds
Number of updated asset objects reloaded before import = 0Number of asset objects unloaded after import = 2

========================================================================
Received Import Request.
  Time since last request: 48.661371 seconds.
  path: Assets/Standard Assets/Vehicles/Car/Materials/SkyCarBodyWhite.mat
  artifactKey: Guid(6ec41f7c0e0d3fb40933551a4124b211) Importer(815301076,1909f56bfc062723c751e8b465ee728b)
Start importing Assets/Standard Assets/Vehicles/Car/Materials/SkyCarBodyWhite.mat using Guid(6ec41f7c0e0d3fb40933551a4124b211) Importer(815301076,1909f56bfc062723c751e8b465ee728b) (PreviewImporter) -> (artifact id: 'd33fe32c55aa329fad7313aa592b473e') in 0.054588458 seconds
Number of updated asset objects reloaded before import = 0Number of asset objects unloaded after import = 3

========================================================================
Received Import Request.
  Time since last request: 44.606218 seconds.
  path: Assets/Standard Assets/Vehicles/Car/Materials/SkyCarBodyRed 1.mat
  artifactKey: Guid(432d7c22b8ed14b69b99e90dcc8c2307) Importer(815301076,1909f56bfc062723c751e8b465ee728b)
Start importing Assets/Standard Assets/Vehicles/Car/Materials/SkyCarBodyRed 1.mat using Guid(432d7c22b8ed14b69b99e90dcc8c2307) Importer(815301076,1909f56bfc062723c751e8b465ee728b) (PreviewImporter) -> (artifact id: '4ef871e71d748425cecc937532fbe717') in 0.043125791 seconds
Number of updated asset objects reloaded before import = 0Number of asset objects unloaded after import = 3

========================================================================
Received Prepare
Refreshing native plugins compatible for Editor in 7.64 ms, found 2 plugins.
Preloading 0 native plugins for Editor in 0.00 ms.
Unloading 0 Unused Serialized files (Serialized files now loaded: 0)
Unloading 2700 unused Assets / (106.4 KB). Loaded Objects now: 3394.
Memory consumption went from 257.9 MB to 257.8 MB.
Total: 69.247917 ms (FindLiveObjects: 0.321375 ms CreateObjectMapping: 0.111250 ms MarkObjects: 68.095584 ms  DeleteObjects: 0.718583 ms)

Prepare: number of updated asset objects reloaded= 0
========================================================================
Received Prepare
Begin MonoManager ReloadAssembly
Thread 0x16ba93000 may have been prematurely finalized
Symbol file LoadedFromMemory is not a mono symbol file
- Loaded All Assemblies, in  0.637 seconds
Refreshing native plugins compatible for Editor in 1.12 ms, found 2 plugins.
Native extension for OSXStandalone target not found
Refreshing native plugins compatible for Editor in 1.21 ms, found 2 plugins.
Mono: successfully reloaded assembly
- Finished resetting the current domain, in  0.775 seconds
Domain Reload Profiling: 1414ms
	BeginReloadAssembly (251ms)
		ExecutionOrderSort (0ms)
		DisableScriptedObjects (14ms)
		BackupInstance (0ms)
		ReleaseScriptingObjects (0ms)
		CreateAndSetChildDomain (113ms)
	RebuildCommonClasses (30ms)
	RebuildNativeTypeToScriptingClass (11ms)
	initialDomainReloadingComplete (19ms)
	LoadAllAssembliesAndSetupDomain (328ms)
		LoadAssemblies (288ms)
		RebuildTransferFunctionScriptingTraits (0ms)
		AnalyzeDomain (106ms)
			TypeCache.Refresh (20ms)
				TypeCache.ScanAssembly (0ms)
			BuildScriptInfoCaches (82ms)
			ResolveRequiredComponents (2ms)
	FinalizeReload (776ms)
		ReleaseScriptCaches (0ms)
		RebuildScriptCaches (0ms)
		SetupLoadedEditorAssemblies (635ms)
			LogAssemblyErrors (0ms)
			InitializePlatformSupportModulesInManaged (2ms)
			SetLoadedEditorAssemblies (3ms)
			BeforeProcessingInitializeOnLoad (41ms)
			ProcessInitializeOnLoadAttributes (464ms)
			ProcessInitializeOnLoadMethodAttributes (121ms)
			AfterProcessingInitializeOnLoad (3ms)
			EditorAssembliesLoaded (0ms)
		ExecutionOrderSort2 (0ms)
		AwakeInstancesAfterBackupRestoration (3ms)
Refreshing native plugins compatible for Editor in 1.18 ms, found 2 plugins.
Preloading 0 native plugins for Editor in 0.00 ms.
Unloading 0 Unused Serialized files (Serialized files now loaded: 0)
Unloading 2733 unused Assets / (0.5 MB). Loaded Objects now: 3393.
Memory consumption went from 273.3 MB to 272.7 MB.
Total: 8.220792 ms (FindLiveObjects: 0.168708 ms CreateObjectMapping: 0.072500 ms MarkObjects: 7.528959 ms  DeleteObjects: 0.449792 ms)

Prepare: number of updated asset objects reloaded= 0
========================================================================
Received Import Request.
  Time since last request: 177.690155 seconds.
  path: Assets/Scripts/NewMonoBehaviourScript.cs
  artifactKey: Guid(ff7a8cd58a4984118b078eb0b0564204) Importer(815301076,1909f56bfc062723c751e8b465ee728b)
Start importing Assets/Scripts/NewMonoBehaviourScript.cs using Guid(ff7a8cd58a4984118b078eb0b0564204) Importer(815301076,1909f56bfc062723c751e8b465ee728b) (PreviewImporter) -> (artifact id: '641b37eb2ca08f61364389d8cda095e0') in 0.002663417 seconds
Number of updated asset objects reloaded before import = 0Number of asset objects unloaded after import = 0

========================================================================
Received Prepare
Begin MonoManager ReloadAssembly
Thread 0x16ba93000 may have been prematurely finalized
Symbol file LoadedFromMemory is not a mono symbol file
- Loaded All Assemblies, in  0.411 seconds
Refreshing native plugins compatible for Editor in 1.28 ms, found 2 plugins.
Native extension for OSXStandalone target not found
Refreshing native plugins compatible for Editor in 1.39 ms, found 2 plugins.
Mono: successfully reloaded assembly
- Finished resetting the current domain, in  0.828 seconds
Domain Reload Profiling: 1240ms
	BeginReloadAssembly (116ms)
		ExecutionOrderSort (0ms)
		DisableScriptedObjects (4ms)
		BackupInstance (0ms)
		ReleaseScriptingObjects (0ms)
		CreateAndSetChildDomain (48ms)
	RebuildCommonClasses (28ms)
	RebuildNativeTypeToScriptingClass (10ms)
	initialDomainReloadingComplete (15ms)
	LoadAllAssembliesAndSetupDomain (244ms)
		LoadAssemblies (202ms)
		RebuildTransferFunctionScriptingTraits (0ms)
		AnalyzeDomain (77ms)
			TypeCache.Refresh (10ms)
				TypeCache.ScanAssembly (0ms)
			BuildScriptInfoCaches (63ms)
			ResolveRequiredComponents (2ms)
	FinalizeReload (828ms)
		ReleaseScriptCaches (0ms)
		RebuildScriptCaches (0ms)
		SetupLoadedEditorAssemblies (677ms)
			LogAssemblyErrors (0ms)
			InitializePlatformSupportModulesInManaged (2ms)
			SetLoadedEditorAssemblies (4ms)
			BeforeProcessingInitializeOnLoad (50ms)
			ProcessInitializeOnLoadAttributes (493ms)
			ProcessInitializeOnLoadMethodAttributes (124ms)
			AfterProcessingInitializeOnLoad (3ms)
			EditorAssembliesLoaded (0ms)
		ExecutionOrderSort2 (0ms)
		AwakeInstancesAfterBackupRestoration (3ms)
Refreshing native plugins compatible for Editor in 1.30 ms, found 2 plugins.
Preloading 0 native plugins for Editor in 0.00 ms.
Unloading 0 Unused Serialized files (Serialized files now loaded: 0)
Unloading 2733 unused Assets / (440.1 KB). Loaded Objects now: 3393.
Memory consumption went from 279.3 MB to 278.9 MB.
Total: 8.227292 ms (FindLiveObjects: 0.164084 ms CreateObjectMapping: 0.083916 ms MarkObjects: 7.551084 ms  DeleteObjects: 0.427417 ms)

Prepare: number of updated asset objects reloaded= 0
========================================================================
Received Import Request.
  Time since last request: 9.770964 seconds.
  path: Assets/Scripts/CarChoice.cs
  artifactKey: Guid(ff7a8cd58a4984118b078eb0b0564204) Importer(815301076,1909f56bfc062723c751e8b465ee728b)
Start importing Assets/Scripts/CarChoice.cs using Guid(ff7a8cd58a4984118b078eb0b0564204) Importer(815301076,1909f56bfc062723c751e8b465ee728b) (PreviewImporter) -> (artifact id: '3e791785901cf3e6a3e82f658d0bd9b9') in 0.001618125 seconds
Number of updated asset objects reloaded before import = 0Number of asset objects unloaded after import = 0

========================================================================
Received Prepare
Begin MonoManager ReloadAssembly
Thread 0x16ba93000 may have been prematurely finalized
Symbol file LoadedFromMemory is not a mono symbol file
- Loaded All Assemblies, in  0.540 seconds
Refreshing native plugins compatible for Editor in 1.30 ms, found 2 plugins.
Native extension for OSXStandalone target not found
Refreshing native plugins compatible for Editor in 1.68 ms, found 2 plugins.
Mono: successfully reloaded assembly
- Finished resetting the current domain, in  0.869 seconds
Domain Reload Profiling: 1413ms
	BeginReloadAssembly (175ms)
		ExecutionOrderSort (0ms)
		DisableScriptedObjects (7ms)
		BackupInstance (0ms)
		ReleaseScriptingObjects (0ms)
		CreateAndSetChildDomain (76ms)
	RebuildCommonClasses (28ms)
	RebuildNativeTypeToScriptingClass (10ms)
	initialDomainReloadingComplete (21ms)
	LoadAllAssembliesAndSetupDomain (310ms)
		LoadAssemblies (276ms)
		RebuildTransferFunctionScriptingTraits (0ms)
		AnalyzeDomain (84ms)
			TypeCache.Refresh (10ms)
				TypeCache.ScanAssembly (0ms)
			BuildScriptInfoCaches (69ms)
			ResolveRequiredComponents (2ms)
	FinalizeReload (870ms)
		ReleaseScriptCaches (0ms)
		RebuildScriptCaches (0ms)
		SetupLoadedEditorAssemblies (719ms)
			LogAssemblyErrors (0ms)
			InitializePlatformSupportModulesInManaged (2ms)
			SetLoadedEditorAssemblies (4ms)
			BeforeProcessingInitializeOnLoad (49ms)
			ProcessInitializeOnLoadAttributes (539ms)
			ProcessInitializeOnLoadMethodAttributes (123ms)
			AfterProcessingInitializeOnLoad (3ms)
			EditorAssembliesLoaded (0ms)
		ExecutionOrderSort2 (0ms)
		AwakeInstancesAfterBackupRestoration (3ms)
Refreshing native plugins compatible for Editor in 1.44 ms, found 2 plugins.
Preloading 0 native plugins for Editor in 0.00 ms.
Unloading 0 Unused Serialized files (Serialized files now loaded: 0)
Unloading 2733 unused Assets / (154.6 KB). Loaded Objects now: 3393.
Memory consumption went from 285.4 MB to 285.3 MB.
Total: 9.629166 ms (FindLiveObjects: 0.162041 ms CreateObjectMapping: 0.076167 ms MarkObjects: 8.822166 ms  DeleteObjects: 0.567375 ms)

Prepare: number of updated asset objects reloaded= 0
========================================================================
Received Prepare
Begin MonoManager ReloadAssembly
Thread 0x16ba93000 may have been prematurely finalized
Symbol file LoadedFromMemory is not a mono symbol file
- Loaded All Assemblies, in  0.580 seconds
Refreshing native plugins compatible for Editor in 1.36 ms, found 2 plugins.
Native extension for OSXStandalone target not found
Refreshing native plugins compatible for Editor in 1.42 ms, found 2 plugins.
Mono: successfully reloaded assembly
- Finished resetting the current domain, in  0.859 seconds
Domain Reload Profiling: 1440ms
	BeginReloadAssembly (201ms)
		ExecutionOrderSort (0ms)
		DisableScriptedObjects (11ms)
		BackupInstance (0ms)
		ReleaseScriptingObjects (0ms)
		CreateAndSetChildDomain (84ms)
	RebuildCommonClasses (30ms)
	RebuildNativeTypeToScriptingClass (10ms)
	initialDomainReloadingComplete (23ms)
	LoadAllAssembliesAndSetupDomain (317ms)
		LoadAssemblies (296ms)
		RebuildTransferFunctionScriptingTraits (0ms)
		AnalyzeDomain (84ms)
			TypeCache.Refresh (8ms)
				TypeCache.ScanAssembly (0ms)
			BuildScriptInfoCaches (72ms)
			ResolveRequiredComponents (2ms)
	FinalizeReload (860ms)
		ReleaseScriptCaches (0ms)
		RebuildScriptCaches (0ms)
		SetupLoadedEditorAssemblies (706ms)
			LogAssemblyErrors (0ms)
			InitializePlatformSupportModulesInManaged (2ms)
			SetLoadedEditorAssemblies (4ms)
			BeforeProcessingInitializeOnLoad (50ms)
			ProcessInitializeOnLoadAttributes (513ms)
			ProcessInitializeOnLoadMethodAttributes (134ms)
			AfterProcessingInitializeOnLoad (3ms)
			EditorAssembliesLoaded (0ms)
		ExecutionOrderSort2 (0ms)
		AwakeInstancesAfterBackupRestoration (3ms)
Refreshing native plugins compatible for Editor in 1.57 ms, found 2 plugins.
Preloading 0 native plugins for Editor in 0.00 ms.
Unloading 0 Unused Serialized files (Serialized files now loaded: 0)
Unloading 2733 unused Assets / (114.7 KB). Loaded Objects now: 3393.
Memory consumption went from 291.5 MB to 291.4 MB.
Total: 10.203542 ms (FindLiveObjects: 0.185875 ms CreateObjectMapping: 0.079958 ms MarkObjects: 9.458292 ms  DeleteObjects: 0.479042 ms)

Prepare: number of updated asset objects reloaded= 0
========================================================================
Received Prepare
Begin MonoManager ReloadAssembly
Thread 0x16ba93000 may have been prematurely finalized
Symbol file LoadedFromMemory is not a mono symbol file
- Loaded All Assemblies, in  0.584 seconds
Refreshing native plugins compatible for Editor in 1.46 ms, found 2 plugins.
Native extension for OSXStandalone target not found
Refreshing native plugins compatible for Editor in 1.26 ms, found 2 plugins.
Mono: successfully reloaded assembly
- Finished resetting the current domain, in  0.836 seconds
Domain Reload Profiling: 1421ms
	BeginReloadAssembly (226ms)
		ExecutionOrderSort (0ms)
		DisableScriptedObjects (8ms)
		BackupInstance (0ms)
		ReleaseScriptingObjects (0ms)
		CreateAndSetChildDomain (79ms)
	RebuildCommonClasses (31ms)
	RebuildNativeTypeToScriptingClass (10ms)
	initialDomainReloadingComplete (17ms)
	LoadAllAssembliesAndSetupDomain (300ms)
		LoadAssemblies (287ms)
		RebuildTransferFunctionScriptingTraits (0ms)
		AnalyzeDomain (100ms)
			TypeCache.Refresh (21ms)
				TypeCache.ScanAssembly (0ms)
			BuildScriptInfoCaches (74ms)
			ResolveRequiredComponents (2ms)
	FinalizeReload (836ms)
		ReleaseScriptCaches (0ms)
		RebuildScriptCaches (0ms)
		SetupLoadedEditorAssemblies (688ms)
			LogAssemblyErrors (0ms)
			InitializePlatformSupportModulesInManaged (2ms)
			SetLoadedEditorAssemblies (3ms)
			BeforeProcessingInitializeOnLoad (52ms)
			ProcessInitializeOnLoadAttributes (503ms)
			ProcessInitializeOnLoadMethodAttributes (124ms)
			AfterProcessingInitializeOnLoad (3ms)
			EditorAssembliesLoaded (0ms)
		ExecutionOrderSort2 (0ms)
		AwakeInstancesAfterBackupRestoration (3ms)
Refreshing native plugins compatible for Editor in 1.16 ms, found 2 plugins.
Preloading 0 native plugins for Editor in 0.00 ms.
Unloading 0 Unused Serialized files (Serialized files now loaded: 0)
Unloading 2733 unused Assets / (0.6 MB). Loaded Objects now: 3393.
Memory consumption went from 297.5 MB to 296.9 MB.
Total: 8.251333 ms (FindLiveObjects: 0.167875 ms CreateObjectMapping: 0.074334 ms MarkObjects: 7.525291 ms  DeleteObjects: 0.482708 ms)

Prepare: number of updated asset objects reloaded= 0
========================================================================
Received Prepare
Begin MonoManager ReloadAssembly
Thread 0x16ba93000 may have been prematurely finalized
Symbol file LoadedFromMemory is not a mono symbol file
- Loaded All Assemblies, in  0.546 seconds
Refreshing native plugins compatible for Editor in 1.31 ms, found 2 plugins.
Native extension for OSXStandalone target not found
Refreshing native plugins compatible for Editor in 1.28 ms, found 2 plugins.
Mono: successfully reloaded assembly
- Finished resetting the current domain, in  0.835 seconds
Domain Reload Profiling: 1382ms
	BeginReloadAssembly (166ms)
		ExecutionOrderSort (0ms)
		DisableScriptedObjects (7ms)
		BackupInstance (0ms)
		ReleaseScriptingObjects (0ms)
		CreateAndSetChildDomain (70ms)
	RebuildCommonClasses (35ms)
	RebuildNativeTypeToScriptingClass (21ms)
	initialDomainReloadingComplete (21ms)
	LoadAllAssembliesAndSetupDomain (304ms)
		LoadAssemblies (262ms)
		RebuildTransferFunctionScriptingTraits (0ms)
		AnalyzeDomain (97ms)
			TypeCache.Refresh (16ms)
				TypeCache.ScanAssembly (0ms)
			BuildScriptInfoCaches (77ms)
			ResolveRequiredComponents (2ms)
	FinalizeReload (835ms)
		ReleaseScriptCaches (0ms)
		RebuildScriptCaches (0ms)
		SetupLoadedEditorAssemblies (695ms)
			LogAssemblyErrors (0ms)
			InitializePlatformSupportModulesInManaged (3ms)
			SetLoadedEditorAssemblies (5ms)
			BeforeProcessingInitializeOnLoad (44ms)
			ProcessInitializeOnLoadAttributes (511ms)
			ProcessInitializeOnLoadMethodAttributes (128ms)
			AfterProcessingInitializeOnLoad (5ms)
			EditorAssembliesLoaded (0ms)
		ExecutionOrderSort2 (0ms)
		AwakeInstancesAfterBackupRestoration (3ms)
Refreshing native plugins compatible for Editor in 1.17 ms, found 2 plugins.
Preloading 0 native plugins for Editor in 0.00 ms.
Unloading 0 Unused Serialized files (Serialized files now loaded: 0)
Unloading 2733 unused Assets / (277.9 KB). Loaded Objects now: 3393.
Memory consumption went from 303.5 MB to 303.3 MB.
Total: 8.814959 ms (FindLiveObjects: 0.177750 ms CreateObjectMapping: 0.076792 ms MarkObjects: 8.113542 ms  DeleteObjects: 0.445875 ms)

Prepare: number of updated asset objects reloaded= 0
========================================================================
Received Prepare
Begin MonoManager ReloadAssembly
Thread 0x16ba93000 may have been prematurely finalized
Symbol file LoadedFromMemory is not a mono symbol file
- Loaded All Assemblies, in  1.164 seconds
Refreshing native plugins compatible for Editor in 1.64 ms, found 2 plugins.
Native extension for OSXStandalone target not found
Refreshing native plugins compatible for Editor in 1.83 ms, found 2 plugins.
Mono: successfully reloaded assembly
- Finished resetting the current domain, in  1.203 seconds
Domain Reload Profiling: 2367ms
	BeginReloadAssembly (660ms)
		ExecutionOrderSort (0ms)
		DisableScriptedObjects (83ms)
		BackupInstance (0ms)
		ReleaseScriptingObjects (1ms)
		CreateAndSetChildDomain (222ms)
	RebuildCommonClasses (43ms)
	RebuildNativeTypeToScriptingClass (14ms)
	initialDomainReloadingComplete (32ms)
	LoadAllAssembliesAndSetupDomain (416ms)
		LoadAssemblies (522ms)
		RebuildTransferFunctionScriptingTraits (0ms)
		AnalyzeDomain (127ms)
			TypeCache.Refresh (19ms)
				TypeCache.ScanAssembly (0ms)
			BuildScriptInfoCaches (100ms)
			ResolveRequiredComponents (3ms)
	FinalizeReload (1203ms)
		ReleaseScriptCaches (0ms)
		RebuildScriptCaches (0ms)
		SetupLoadedEditorAssemblies (1012ms)
			LogAssemblyErrors (0ms)
			InitializePlatformSupportModulesInManaged (3ms)
			SetLoadedEditorAssemblies (4ms)
			BeforeProcessingInitializeOnLoad (49ms)
			ProcessInitializeOnLoadAttributes (775ms)
			ProcessInitializeOnLoadMethodAttributes (177ms)
			AfterProcessingInitializeOnLoad (4ms)
			EditorAssembliesLoaded (0ms)
		ExecutionOrderSort2 (0ms)
		AwakeInstancesAfterBackupRestoration (4ms)
Refreshing native plugins compatible for Editor in 1.57 ms, found 2 plugins.
Preloading 0 native plugins for Editor in 0.00 ms.
Unloading 0 Unused Serialized files (Serialized files now loaded: 0)
Unloading 2733 unused Assets / (0.5 MB). Loaded Objects now: 3393.
Memory consumption went from 309.3 MB to 308.8 MB.
Total: 12.122084 ms (FindLiveObjects: 0.184333 ms CreateObjectMapping: 0.087250 ms MarkObjects: 11.074459 ms  DeleteObjects: 0.775375 ms)

Prepare: number of updated asset objects reloaded= 0
========================================================================
Received Prepare
Begin MonoManager ReloadAssembly
Thread 0x16ba93000 may have been prematurely finalized
Symbol file LoadedFromMemory is not a mono symbol file
- Loaded All Assemblies, in  0.835 seconds
Refreshing native plugins compatible for Editor in 1.59 ms, found 2 plugins.
Native extension for OSXStandalone target not found
Refreshing native plugins compatible for Editor in 1.56 ms, found 2 plugins.
Mono: successfully reloaded assembly
- Finished resetting the current domain, in  0.965 seconds
Domain Reload Profiling: 1802ms
	BeginReloadAssembly (345ms)
		ExecutionOrderSort (0ms)
		DisableScriptedObjects (14ms)
		BackupInstance (0ms)
		ReleaseScriptingObjects (0ms)
		CreateAndSetChildDomain (123ms)
	RebuildCommonClasses (87ms)
	RebuildNativeTypeToScriptingClass (16ms)
	initialDomainReloadingComplete (35ms)
	LoadAllAssembliesAndSetupDomain (354ms)
		LoadAssemblies (406ms)
		RebuildTransferFunctionScriptingTraits (0ms)
		AnalyzeDomain (103ms)
			TypeCache.Refresh (12ms)
				TypeCache.ScanAssembly (0ms)
			BuildScriptInfoCaches (85ms)
			ResolveRequiredComponents (3ms)
	FinalizeReload (965ms)
		ReleaseScriptCaches (0ms)
		RebuildScriptCaches (0ms)
		SetupLoadedEditorAssemblies (789ms)
			LogAssemblyErrors (0ms)
			InitializePlatformSupportModulesInManaged (2ms)
			SetLoadedEditorAssemblies (4ms)
			BeforeProcessingInitializeOnLoad (45ms)
			ProcessInitializeOnLoadAttributes (585ms)
			ProcessInitializeOnLoadMethodAttributes (148ms)
			AfterProcessingInitializeOnLoad (4ms)
			EditorAssembliesLoaded (0ms)
		ExecutionOrderSort2 (0ms)
		AwakeInstancesAfterBackupRestoration (3ms)
Refreshing native plugins compatible for Editor in 1.38 ms, found 2 plugins.
Preloading 0 native plugins for Editor in 0.00 ms.
Unloading 0 Unused Serialized files (Serialized files now loaded: 0)
Unloading 2733 unused Assets / (0.5 MB). Loaded Objects now: 3393.
Memory consumption went from 315.4 MB to 314.9 MB.
Total: 9.984334 ms (FindLiveObjects: 0.175416 ms CreateObjectMapping: 0.087584 ms MarkObjects: 9.217666 ms  DeleteObjects: 0.503250 ms)

Prepare: number of updated asset objects reloaded= 0
========================================================================
Received Prepare
Begin MonoManager ReloadAssembly
Thread 0x16ba93000 may have been prematurely finalized
Symbol file LoadedFromMemory is not a mono symbol file
- Loaded All Assemblies, in  0.689 seconds
Refreshing native plugins compatible for Editor in 1.63 ms, found 2 plugins.
Native extension for OSXStandalone target not found
Refreshing native plugins compatible for Editor in 1.70 ms, found 2 plugins.
Mono: successfully reloaded assembly
- Finished resetting the current domain, in  1.007 seconds
Domain Reload Profiling: 1698ms
	BeginReloadAssembly (252ms)
		ExecutionOrderSort (0ms)
		DisableScriptedObjects (11ms)
		BackupInstance (0ms)
		ReleaseScriptingObjects (0ms)
		CreateAndSetChildDomain (121ms)
	RebuildCommonClasses (37ms)
	RebuildNativeTypeToScriptingClass (13ms)
	initialDomainReloadingComplete (19ms)
	LoadAllAssembliesAndSetupDomain (370ms)
		LoadAssemblies (333ms)
		RebuildTransferFunctionScriptingTraits (0ms)
		AnalyzeDomain (105ms)
			TypeCache.Refresh (11ms)
				TypeCache.ScanAssembly (0ms)
			BuildScriptInfoCaches (89ms)
			ResolveRequiredComponents (3ms)
	FinalizeReload (1008ms)
		ReleaseScriptCaches (0ms)
		RebuildScriptCaches (0ms)
		SetupLoadedEditorAssemblies (833ms)
			LogAssemblyErrors (0ms)
			InitializePlatformSupportModulesInManaged (3ms)
			SetLoadedEditorAssemblies (7ms)
			BeforeProcessingInitializeOnLoad (51ms)
			ProcessInitializeOnLoadAttributes (615ms)
			ProcessInitializeOnLoadMethodAttributes (150ms)
			AfterProcessingInitializeOnLoad (7ms)
			EditorAssembliesLoaded (0ms)
		ExecutionOrderSort2 (0ms)
		AwakeInstancesAfterBackupRestoration (3ms)
Refreshing native plugins compatible for Editor in 1.40 ms, found 2 plugins.
Preloading 0 native plugins for Editor in 0.00 ms.
Unloading 0 Unused Serialized files (Serialized files now loaded: 0)
Unloading 2733 unused Assets / (142.6 KB). Loaded Objects now: 3393.
Memory consumption went from 321.4 MB to 321.3 MB.
Total: 11.173291 ms (FindLiveObjects: 0.178708 ms CreateObjectMapping: 0.085167 ms MarkObjects: 10.410375 ms  DeleteObjects: 0.498583 ms)

Prepare: number of updated asset objects reloaded= 0
========================================================================
Received Prepare
Begin MonoManager ReloadAssembly
Thread 0x16ba93000 may have been prematurely finalized
Symbol file LoadedFromMemory is not a mono symbol file
- Loaded All Assemblies, in  0.605 seconds
Refreshing native plugins compatible for Editor in 1.62 ms, found 2 plugins.
Native extension for OSXStandalone target not found
Refreshing native plugins compatible for Editor in 1.56 ms, found 2 plugins.
Mono: successfully reloaded assembly
- Finished resetting the current domain, in  0.935 seconds
Domain Reload Profiling: 1542ms
	BeginReloadAssembly (211ms)
		ExecutionOrderSort (0ms)
		DisableScriptedObjects (8ms)
		BackupInstance (0ms)
		ReleaseScriptingObjects (0ms)
		CreateAndSetChildDomain (95ms)
	RebuildCommonClasses (38ms)
	RebuildNativeTypeToScriptingClass (15ms)
	initialDomainReloadingComplete (23ms)
	LoadAllAssembliesAndSetupDomain (320ms)
		LoadAssemblies (270ms)
		RebuildTransferFunctionScriptingTraits (0ms)
		AnalyzeDomain (104ms)
			TypeCache.Refresh (9ms)
				TypeCache.ScanAssembly (0ms)
			BuildScriptInfoCaches (90ms)
			ResolveRequiredComponents (3ms)
	FinalizeReload (936ms)
		ReleaseScriptCaches (0ms)
		RebuildScriptCaches (0ms)
		SetupLoadedEditorAssemblies (755ms)
			LogAssemblyErrors (0ms)
			InitializePlatformSupportModulesInManaged (2ms)
			SetLoadedEditorAssemblies (4ms)
			BeforeProcessingInitializeOnLoad (41ms)
			ProcessInitializeOnLoadAttributes (559ms)
			ProcessInitializeOnLoadMethodAttributes (146ms)
			AfterProcessingInitializeOnLoad (3ms)
			EditorAssembliesLoaded (0ms)
		ExecutionOrderSort2 (0ms)
		AwakeInstancesAfterBackupRestoration (3ms)
Refreshing native plugins compatible for Editor in 1.41 ms, found 2 plugins.
Preloading 0 native plugins for Editor in 0.00 ms.
Unloading 0 Unused Serialized files (Serialized files now loaded: 0)
Unloading 2733 unused Assets / (0.6 MB). Loaded Objects now: 3393.
Memory consumption went from 327.5 MB to 326.8 MB.
Total: 9.927917 ms (FindLiveObjects: 0.182042 ms CreateObjectMapping: 0.082792 ms MarkObjects: 9.013334 ms  DeleteObjects: 0.649000 ms)

Prepare: number of updated asset objects reloaded= 0
========================================================================
Received Prepare
Begin MonoManager ReloadAssembly
Thread 0x16ba93000 may have been prematurely finalized
Symbol file LoadedFromMemory is not a mono symbol file
- Loaded All Assemblies, in  0.577 seconds
Refreshing native plugins compatible for Editor in 1.62 ms, found 2 plugins.
Native extension for OSXStandalone target not found
Refreshing native plugins compatible for Editor in 1.50 ms, found 2 plugins.
Mono: successfully reloaded assembly
- Finished resetting the current domain, in  0.947 seconds
Domain Reload Profiling: 1525ms
	BeginReloadAssembly (189ms)
		ExecutionOrderSort (0ms)
		DisableScriptedObjects (12ms)
		BackupInstance (0ms)
		ReleaseScriptingObjects (0ms)
		CreateAndSetChildDomain (88ms)
	RebuildCommonClasses (45ms)
	RebuildNativeTypeToScriptingClass (13ms)
	initialDomainReloadingComplete (25ms)
	LoadAllAssembliesAndSetupDomain (306ms)
		LoadAssemblies (264ms)
		RebuildTransferFunctionScriptingTraits (0ms)
		AnalyzeDomain (90ms)
			TypeCache.Refresh (7ms)
				TypeCache.ScanAssembly (0ms)
			BuildScriptInfoCaches (78ms)
			ResolveRequiredComponents (3ms)
	FinalizeReload (948ms)
		ReleaseScriptCaches (0ms)
		RebuildScriptCaches (0ms)
		SetupLoadedEditorAssemblies (772ms)
			LogAssemblyErrors (0ms)
			InitializePlatformSupportModulesInManaged (2ms)
			SetLoadedEditorAssemblies (4ms)
			BeforeProcessingInitializeOnLoad (45ms)
			ProcessInitializeOnLoadAttributes (567ms)
			ProcessInitializeOnLoadMethodAttributes (151ms)
			AfterProcessingInitializeOnLoad (3ms)
			EditorAssembliesLoaded (0ms)
		ExecutionOrderSort2 (0ms)
		AwakeInstancesAfterBackupRestoration (3ms)
Refreshing native plugins compatible for Editor in 1.46 ms, found 2 plugins.
Preloading 0 native plugins for Editor in 0.00 ms.
Unloading 0 Unused Serialized files (Serialized files now loaded: 0)
Unloading 2733 unused Assets / (0.5 MB). Loaded Objects now: 3393.
Memory consumption went from 333.5 MB to 333.0 MB.
Total: 10.241083 ms (FindLiveObjects: 0.194750 ms CreateObjectMapping: 0.088334 ms MarkObjects: 9.473875 ms  DeleteObjects: 0.483334 ms)

Prepare: number of updated asset objects reloaded= 0
========================================================================
Received Prepare
Begin MonoManager ReloadAssembly
Thread 0x16ba93000 may have been prematurely finalized
Symbol file LoadedFromMemory is not a mono symbol file
- Loaded All Assemblies, in  0.572 seconds
Refreshing native plugins compatible for Editor in 4.39 ms, found 2 plugins.
Native extension for OSXStandalone target not found
Refreshing native plugins compatible for Editor in 1.51 ms, found 2 plugins.
Mono: successfully reloaded assembly
- Finished resetting the current domain, in  0.955 seconds
Domain Reload Profiling: 1529ms
	BeginReloadAssembly (188ms)
		ExecutionOrderSort (0ms)
		DisableScriptedObjects (9ms)
		BackupInstance (0ms)
		ReleaseScriptingObjects (0ms)
		CreateAndSetChildDomain (91ms)
	RebuildCommonClasses (45ms)
	RebuildNativeTypeToScriptingClass (13ms)
	initialDomainReloadingComplete (24ms)
	LoadAllAssembliesAndSetupDomain (303ms)
		LoadAssemblies (260ms)
		RebuildTransferFunctionScriptingTraits (0ms)
		AnalyzeDomain (94ms)
			TypeCache.Refresh (9ms)
				TypeCache.ScanAssembly (0ms)
			BuildScriptInfoCaches (80ms)
			ResolveRequiredComponents (3ms)
	FinalizeReload (956ms)
		ReleaseScriptCaches (0ms)
		RebuildScriptCaches (0ms)
		SetupLoadedEditorAssemblies (772ms)
			LogAssemblyErrors (0ms)
			InitializePlatformSupportModulesInManaged (2ms)
			SetLoadedEditorAssemblies (4ms)
			BeforeProcessingInitializeOnLoad (44ms)
			ProcessInitializeOnLoadAttributes (571ms)
			ProcessInitializeOnLoadMethodAttributes (147ms)
			AfterProcessingInitializeOnLoad (3ms)
			EditorAssembliesLoaded (0ms)
		ExecutionOrderSort2 (0ms)
		AwakeInstancesAfterBackupRestoration (3ms)
Refreshing native plugins compatible for Editor in 1.47 ms, found 2 plugins.
Preloading 0 native plugins for Editor in 0.00 ms.
Unloading 0 Unused Serialized files (Serialized files now loaded: 0)
Unloading 2733 unused Assets / (0.6 MB). Loaded Objects now: 3393.
Memory consumption went from 339.5 MB to 338.9 MB.
Total: 9.840666 ms (FindLiveObjects: 0.171583 ms CreateObjectMapping: 0.082584 ms MarkObjects: 8.966333 ms  DeleteObjects: 0.619583 ms)

Prepare: number of updated asset objects reloaded= 0
========================================================================
Received Prepare
Begin MonoManager ReloadAssembly
Thread 0x16ba93000 may have been prematurely finalized
Symbol file LoadedFromMemory is not a mono symbol file
- Loaded All Assemblies, in  0.594 seconds
Refreshing native plugins compatible for Editor in 1.76 ms, found 2 plugins.
Native extension for OSXStandalone target not found
Refreshing native plugins compatible for Editor in 1.57 ms, found 2 plugins.
Mono: successfully reloaded assembly
- Finished resetting the current domain, in  0.944 seconds
Domain Reload Profiling: 1539ms
	BeginReloadAssembly (220ms)
		ExecutionOrderSort (0ms)
		DisableScriptedObjects (11ms)
		BackupInstance (0ms)
		ReleaseScriptingObjects (0ms)
		CreateAndSetChildDomain (91ms)
	RebuildCommonClasses (36ms)
	RebuildNativeTypeToScriptingClass (12ms)
	initialDomainReloadingComplete (20ms)
	LoadAllAssembliesAndSetupDomain (306ms)
		LoadAssemblies (269ms)
		RebuildTransferFunctionScriptingTraits (0ms)
		AnalyzeDomain (100ms)
			TypeCache.Refresh (10ms)
				TypeCache.ScanAssembly (0ms)
			BuildScriptInfoCaches (82ms)
			ResolveRequiredComponents (3ms)
	FinalizeReload (945ms)
		ReleaseScriptCaches (0ms)
		RebuildScriptCaches (0ms)
		SetupLoadedEditorAssemblies (775ms)
			LogAssemblyErrors (0ms)
			InitializePlatformSupportModulesInManaged (2ms)
			SetLoadedEditorAssemblies (4ms)
			BeforeProcessingInitializeOnLoad (46ms)
			ProcessInitializeOnLoadAttributes (572ms)
			ProcessInitializeOnLoadMethodAttributes (146ms)
			AfterProcessingInitializeOnLoad (4ms)
			EditorAssembliesLoaded (0ms)
		ExecutionOrderSort2 (0ms)
		AwakeInstancesAfterBackupRestoration (3ms)
Refreshing native plugins compatible for Editor in 1.47 ms, found 2 plugins.
Preloading 0 native plugins for Editor in 0.00 ms.
Unloading 0 Unused Serialized files (Serialized files now loaded: 0)
Unloading 2733 unused Assets / (0.6 MB). Loaded Objects now: 3393.
Memory consumption went from 345.6 MB to 345.0 MB.
Total: 10.073125 ms (FindLiveObjects: 0.173000 ms CreateObjectMapping: 0.085583 ms MarkObjects: 9.310042 ms  DeleteObjects: 0.504042 ms)

Prepare: number of updated asset objects reloaded= 0
========================================================================
Received Prepare
Begin MonoManager ReloadAssembly
Thread 0x16ba93000 may have been prematurely finalized
Symbol file LoadedFromMemory is not a mono symbol file
- Loaded All Assemblies, in  0.611 seconds
Refreshing native plugins compatible for Editor in 1.69 ms, found 2 plugins.
Native extension for OSXStandalone target not found
Refreshing native plugins compatible for Editor in 1.52 ms, found 2 plugins.
Mono: successfully reloaded assembly
- Finished resetting the current domain, in  0.943 seconds
Domain Reload Profiling: 1555ms
	BeginReloadAssembly (206ms)
		ExecutionOrderSort (0ms)
		DisableScriptedObjects (12ms)
		BackupInstance (0ms)
		ReleaseScriptingObjects (0ms)
		CreateAndSetChildDomain (92ms)
	RebuildCommonClasses (41ms)
	RebuildNativeTypeToScriptingClass (14ms)
	initialDomainReloadingComplete (21ms)
	LoadAllAssembliesAndSetupDomain (330ms)
		LoadAssemblies (292ms)
		RebuildTransferFunctionScriptingTraits (0ms)
		AnalyzeDomain (98ms)
			TypeCache.Refresh (12ms)
				TypeCache.ScanAssembly (0ms)
			BuildScriptInfoCaches (81ms)
			ResolveRequiredComponents (3ms)
	FinalizeReload (943ms)
		ReleaseScriptCaches (0ms)
		RebuildScriptCaches (0ms)
		SetupLoadedEditorAssemblies (773ms)
			LogAssemblyErrors (0ms)
			InitializePlatformSupportModulesInManaged (2ms)
			SetLoadedEditorAssemblies (4ms)
			BeforeProcessingInitializeOnLoad (52ms)
			ProcessInitializeOnLoadAttributes (563ms)
			ProcessInitializeOnLoadMethodAttributes (148ms)
			AfterProcessingInitializeOnLoad (4ms)
			EditorAssembliesLoaded (0ms)
		ExecutionOrderSort2 (0ms)
		AwakeInstancesAfterBackupRestoration (3ms)
Refreshing native plugins compatible for Editor in 1.43 ms, found 2 plugins.
Preloading 0 native plugins for Editor in 0.00 ms.
Unloading 0 Unused Serialized files (Serialized files now loaded: 0)
Unloading 2733 unused Assets / (0.6 MB). Loaded Objects now: 3393.
Memory consumption went from 351.7 MB to 351.1 MB.
Total: 10.263542 ms (FindLiveObjects: 0.182959 ms CreateObjectMapping: 0.085334 ms MarkObjects: 9.445792 ms  DeleteObjects: 0.548917 ms)

Prepare: number of updated asset objects reloaded= 0
========================================================================
Received Prepare
Begin MonoManager ReloadAssembly
Thread 0x16ba93000 may have been prematurely finalized
Symbol file LoadedFromMemory is not a mono symbol file
- Loaded All Assemblies, in  0.648 seconds
Refreshing native plugins compatible for Editor in 1.95 ms, found 2 plugins.
Native extension for OSXStandalone target not found
Refreshing native plugins compatible for Editor in 1.49 ms, found 2 plugins.
Mono: successfully reloaded assembly
- Finished resetting the current domain, in  1.002 seconds
Domain Reload Profiling: 1653ms
	BeginReloadAssembly (230ms)
		ExecutionOrderSort (0ms)
		DisableScriptedObjects (10ms)
		BackupInstance (0ms)
		ReleaseScriptingObjects (0ms)
		CreateAndSetChildDomain (88ms)
	RebuildCommonClasses (40ms)
	RebuildNativeTypeToScriptingClass (13ms)
	initialDomainReloadingComplete (27ms)
	LoadAllAssembliesAndSetupDomain (342ms)
		LoadAssemblies (311ms)
		RebuildTransferFunctionScriptingTraits (0ms)
		AnalyzeDomain (96ms)
			TypeCache.Refresh (10ms)
				TypeCache.ScanAssembly (0ms)
			BuildScriptInfoCaches (79ms)
			ResolveRequiredComponents (3ms)
	FinalizeReload (1002ms)
		ReleaseScriptCaches (0ms)
		RebuildScriptCaches (0ms)
		SetupLoadedEditorAssemblies (833ms)
			LogAssemblyErrors (0ms)
			InitializePlatformSupportModulesInManaged (4ms)
			SetLoadedEditorAssemblies (10ms)
			BeforeProcessingInitializeOnLoad (102ms)
			ProcessInitializeOnLoadAttributes (567ms)
			ProcessInitializeOnLoadMethodAttributes (147ms)
			AfterProcessingInitializeOnLoad (4ms)
			EditorAssembliesLoaded (0ms)
		ExecutionOrderSort2 (0ms)
		AwakeInstancesAfterBackupRestoration (3ms)
Refreshing native plugins compatible for Editor in 1.82 ms, found 2 plugins.
Preloading 0 native plugins for Editor in 0.00 ms.
Unloading 0 Unused Serialized files (Serialized files now loaded: 0)
Unloading 2733 unused Assets / (331.9 KB). Loaded Objects now: 3393.
Memory consumption went from 357.7 MB to 357.4 MB.
Total: 10.063458 ms (FindLiveObjects: 0.188417 ms CreateObjectMapping: 0.095167 ms MarkObjects: 9.320791 ms  DeleteObjects: 0.458500 ms)

Prepare: number of updated asset objects reloaded= 0
========================================================================
Received Prepare
Begin MonoManager ReloadAssembly
Thread 0x16ba93000 may have been prematurely finalized
Symbol file LoadedFromMemory is not a mono symbol file
- Loaded All Assemblies, in  0.522 seconds
Refreshing native plugins compatible for Editor in 1.60 ms, found 2 plugins.
Native extension for OSXStandalone target not found
Refreshing native plugins compatible for Editor in 1.58 ms, found 2 plugins.
Mono: successfully reloaded assembly
- Finished resetting the current domain, in  1.024 seconds
Domain Reload Profiling: 1547ms
	BeginReloadAssembly (149ms)
		ExecutionOrderSort (0ms)
		DisableScriptedObjects (6ms)
		BackupInstance (0ms)
		ReleaseScriptingObjects (0ms)
		CreateAndSetChildDomain (64ms)
	RebuildCommonClasses (35ms)
	RebuildNativeTypeToScriptingClass (13ms)
	initialDomainReloadingComplete (19ms)
	LoadAllAssembliesAndSetupDomain (307ms)
		LoadAssemblies (260ms)
		RebuildTransferFunctionScriptingTraits (0ms)
		AnalyzeDomain (94ms)
			TypeCache.Refresh (9ms)
				TypeCache.ScanAssembly (0ms)
			BuildScriptInfoCaches (80ms)
			ResolveRequiredComponents (3ms)
	FinalizeReload (1025ms)
		ReleaseScriptCaches (0ms)
		RebuildScriptCaches (0ms)
		SetupLoadedEditorAssemblies (843ms)
			LogAssemblyErrors (0ms)
			InitializePlatformSupportModulesInManaged (4ms)
			SetLoadedEditorAssemblies (10ms)
			BeforeProcessingInitializeOnLoad (64ms)
			ProcessInitializeOnLoadAttributes (613ms)
			ProcessInitializeOnLoadMethodAttributes (149ms)
			AfterProcessingInitializeOnLoad (3ms)
			EditorAssembliesLoaded (0ms)
		ExecutionOrderSort2 (0ms)
		AwakeInstancesAfterBackupRestoration (3ms)
Refreshing native plugins compatible for Editor in 1.41 ms, found 2 plugins.
Preloading 0 native plugins for Editor in 0.00 ms.
Unloading 0 Unused Serialized files (Serialized files now loaded: 0)
Unloading 2733 unused Assets / (462.4 KB). Loaded Objects now: 3393.
Memory consumption went from 363.7 MB to 363.2 MB.
Total: 10.484750 ms (FindLiveObjects: 0.195750 ms CreateObjectMapping: 0.101083 ms MarkObjects: 9.685000 ms  DeleteObjects: 0.502250 ms)

Prepare: number of updated asset objects reloaded= 0
========================================================================
Received Prepare
Begin MonoManager ReloadAssembly
Thread 0x16ba93000 may have been prematurely finalized
Symbol file LoadedFromMemory is not a mono symbol file
- Loaded All Assemblies, in  0.633 seconds
Refreshing native plugins compatible for Editor in 1.68 ms, found 2 plugins.
Native extension for OSXStandalone target not found
Refreshing native plugins compatible for Editor in 1.50 ms, found 2 plugins.
Mono: successfully reloaded assembly
- Finished resetting the current domain, in  0.950 seconds
Domain Reload Profiling: 1584ms
	BeginReloadAssembly (207ms)
		ExecutionOrderSort (0ms)
		DisableScriptedObjects (17ms)
		BackupInstance (0ms)
		ReleaseScriptingObjects (0ms)
		CreateAndSetChildDomain (101ms)
	RebuildCommonClasses (36ms)
	RebuildNativeTypeToScriptingClass (13ms)
	initialDomainReloadingComplete (27ms)
	LoadAllAssembliesAndSetupDomain (351ms)
		LoadAssemblies (287ms)
		RebuildTransferFunctionScriptingTraits (0ms)
		AnalyzeDomain (111ms)
			TypeCache.Refresh (11ms)
				TypeCache.ScanAssembly (0ms)
			BuildScriptInfoCaches (81ms)
			ResolveRequiredComponents (3ms)
	FinalizeReload (950ms)
		ReleaseScriptCaches (0ms)
		RebuildScriptCaches (0ms)
		SetupLoadedEditorAssemblies (780ms)
			LogAssemblyErrors (0ms)
			InitializePlatformSupportModulesInManaged (3ms)
			SetLoadedEditorAssemblies (4ms)
			BeforeProcessingInitializeOnLoad (59ms)
			ProcessInitializeOnLoadAttributes (563ms)
			ProcessInitializeOnLoadMethodAttributes (147ms)
			AfterProcessingInitializeOnLoad (4ms)
			EditorAssembliesLoaded (0ms)
		ExecutionOrderSort2 (0ms)
		AwakeInstancesAfterBackupRestoration (3ms)
Refreshing native plugins compatible for Editor in 1.44 ms, found 2 plugins.
Preloading 0 native plugins for Editor in 0.00 ms.
Unloading 0 Unused Serialized files (Serialized files now loaded: 0)
Unloading 2733 unused Assets / (81.9 KB). Loaded Objects now: 3393.
Memory consumption went from 369.7 MB to 369.6 MB.
Total: 10.344291 ms (FindLiveObjects: 0.182375 ms CreateObjectMapping: 0.087250 ms MarkObjects: 9.624583 ms  DeleteObjects: 0.449459 ms)

Prepare: number of updated asset objects reloaded= 0
========================================================================
Received Prepare
Begin MonoManager ReloadAssembly
Thread 0x16ba93000 may have been prematurely finalized
Symbol file LoadedFromMemory is not a mono symbol file
- Loaded All Assemblies, in  0.611 seconds
Refreshing native plugins compatible for Editor in 3.80 ms, found 2 plugins.
Native extension for OSXStandalone target not found
Refreshing native plugins compatible for Editor in 1.59 ms, found 2 plugins.
Mono: successfully reloaded assembly
- Finished resetting the current domain, in  0.975 seconds
Domain Reload Profiling: 1587ms
	BeginReloadAssembly (192ms)
		ExecutionOrderSort (0ms)
		DisableScriptedObjects (11ms)
		BackupInstance (0ms)
		ReleaseScriptingObjects (0ms)
		CreateAndSetChildDomain (79ms)
	RebuildCommonClasses (38ms)
	RebuildNativeTypeToScriptingClass (13ms)
	initialDomainReloadingComplete (26ms)
	LoadAllAssembliesAndSetupDomain (342ms)
		LoadAssemblies (290ms)
		RebuildTransferFunctionScriptingTraits (0ms)
		AnalyzeDomain (105ms)
			TypeCache.Refresh (8ms)
				TypeCache.ScanAssembly (0ms)
			BuildScriptInfoCaches (80ms)
			ResolveRequiredComponents (3ms)
	FinalizeReload (976ms)
		ReleaseScriptCaches (0ms)
		RebuildScriptCaches (0ms)
		SetupLoadedEditorAssemblies (798ms)
			LogAssemblyErrors (0ms)
			InitializePlatformSupportModulesInManaged (3ms)
			SetLoadedEditorAssemblies (5ms)
			BeforeProcessingInitializeOnLoad (60ms)
			ProcessInitializeOnLoadAttributes (577ms)
			ProcessInitializeOnLoadMethodAttributes (149ms)
			AfterProcessingInitializeOnLoad (4ms)
			EditorAssembliesLoaded (0ms)
		ExecutionOrderSort2 (0ms)
		AwakeInstancesAfterBackupRestoration (3ms)
Refreshing native plugins compatible for Editor in 1.86 ms, found 2 plugins.
Preloading 0 native plugins for Editor in 0.00 ms.
Unloading 0 Unused Serialized files (Serialized files now loaded: 0)
Unloading 2733 unused Assets / (371.2 KB). Loaded Objects now: 3393.
Memory consumption went from 375.8 MB to 375.4 MB.
Total: 10.661500 ms (FindLiveObjects: 0.185542 ms CreateObjectMapping: 0.098417 ms MarkObjects: 9.803084 ms  DeleteObjects: 0.573542 ms)

Prepare: number of updated asset objects reloaded= 0
========================================================================
Received Prepare
Begin MonoManager ReloadAssembly
Thread 0x16ba93000 may have been prematurely finalized
Symbol file LoadedFromMemory is not a mono symbol file
- Loaded All Assemblies, in  0.613 seconds
Refreshing native plugins compatible for Editor in 1.33 ms, found 2 plugins.
Native extension for OSXStandalone target not found
Refreshing native plugins compatible for Editor in 1.76 ms, found 2 plugins.
Mono: successfully reloaded assembly
- Finished resetting the current domain, in  0.950 seconds
Domain Reload Profiling: 1565ms
	BeginReloadAssembly (195ms)
		ExecutionOrderSort (0ms)
		DisableScriptedObjects (9ms)
		BackupInstance (0ms)
		ReleaseScriptingObjects (0ms)
		CreateAndSetChildDomain (91ms)
	RebuildCommonClasses (37ms)
	RebuildNativeTypeToScriptingClass (13ms)
	initialDomainReloadingComplete (23ms)
	LoadAllAssembliesAndSetupDomain (346ms)
		LoadAssemblies (285ms)
		RebuildTransferFunctionScriptingTraits (0ms)
		AnalyzeDomain (117ms)
			TypeCache.Refresh (32ms)
				TypeCache.ScanAssembly (0ms)
			BuildScriptInfoCaches (80ms)
			ResolveRequiredComponents (3ms)
	FinalizeReload (950ms)
		ReleaseScriptCaches (0ms)
		RebuildScriptCaches (0ms)
		SetupLoadedEditorAssemblies (770ms)
			LogAssemblyErrors (0ms)
			InitializePlatformSupportModulesInManaged (3ms)
			SetLoadedEditorAssemblies (4ms)
			BeforeProcessingInitializeOnLoad (52ms)
			ProcessInitializeOnLoadAttributes (557ms)
			ProcessInitializeOnLoadMethodAttributes (149ms)
			AfterProcessingInitializeOnLoad (4ms)
			EditorAssembliesLoaded (0ms)
		ExecutionOrderSort2 (0ms)
		AwakeInstancesAfterBackupRestoration (3ms)
Refreshing native plugins compatible for Editor in 1.38 ms, found 2 plugins.
Preloading 0 native plugins for Editor in 0.00 ms.
Unloading 0 Unused Serialized files (Serialized files now loaded: 0)
Unloading 2733 unused Assets / (259.6 KB). Loaded Objects now: 3393.
Memory consumption went from 381.7 MB to 381.5 MB.
Total: 10.366375 ms (FindLiveObjects: 0.183667 ms CreateObjectMapping: 0.085542 ms MarkObjects: 9.564833 ms  DeleteObjects: 0.531708 ms)

Prepare: number of updated asset objects reloaded= 0
========================================================================
Received Prepare
Begin MonoManager ReloadAssembly
Thread 0x16ba93000 may have been prematurely finalized
Symbol file LoadedFromMemory is not a mono symbol file
- Loaded All Assemblies, in  0.622 seconds
Refreshing native plugins compatible for Editor in 4.01 ms, found 2 plugins.
Native extension for OSXStandalone target not found
Refreshing native plugins compatible for Editor in 1.54 ms, found 2 plugins.
Mono: successfully reloaded assembly
- Finished resetting the current domain, in  1.008 seconds
Domain Reload Profiling: 1632ms
	BeginReloadAssembly (224ms)
		ExecutionOrderSort (0ms)
		DisableScriptedObjects (12ms)
		BackupInstance (0ms)
		ReleaseScriptingObjects (0ms)
		CreateAndSetChildDomain (99ms)
	RebuildCommonClasses (39ms)
	RebuildNativeTypeToScriptingClass (13ms)
	initialDomainReloadingComplete (24ms)
	LoadAllAssembliesAndSetupDomain (322ms)
		LoadAssemblies (292ms)
		RebuildTransferFunctionScriptingTraits (0ms)
		AnalyzeDomain (97ms)
			TypeCache.Refresh (8ms)
				TypeCache.ScanAssembly (0ms)
			BuildScriptInfoCaches (83ms)
			ResolveRequiredComponents (3ms)
	FinalizeReload (1009ms)
		ReleaseScriptCaches (0ms)
		RebuildScriptCaches (0ms)
		SetupLoadedEditorAssemblies (828ms)
			LogAssemblyErrors (0ms)
			InitializePlatformSupportModulesInManaged (5ms)
			SetLoadedEditorAssemblies (8ms)
			BeforeProcessingInitializeOnLoad (63ms)
			ProcessInitializeOnLoadAttributes (596ms)
			ProcessInitializeOnLoadMethodAttributes (152ms)
			AfterProcessingInitializeOnLoad (4ms)
			EditorAssembliesLoaded (0ms)
		ExecutionOrderSort2 (0ms)
		AwakeInstancesAfterBackupRestoration (3ms)
Refreshing native plugins compatible for Editor in 1.43 ms, found 2 plugins.
Preloading 0 native plugins for Editor in 0.00 ms.
Unloading 0 Unused Serialized files (Serialized files now loaded: 0)
Unloading 2733 unused Assets / (0.5 MB). Loaded Objects now: 3393.
Memory consumption went from 387.3 MB to 386.8 MB.
Total: 10.509125 ms (FindLiveObjects: 0.188959 ms CreateObjectMapping: 0.085834 ms MarkObjects: 9.529583 ms  DeleteObjects: 0.704167 ms)

Prepare: number of updated asset objects reloaded= 0
========================================================================
Received Prepare
Begin MonoManager ReloadAssembly
Thread 0x16ba93000 may have been prematurely finalized
Symbol file LoadedFromMemory is not a mono symbol file
- Loaded All Assemblies, in  0.702 seconds
Refreshing native plugins compatible for Editor in 2.06 ms, found 2 plugins.
Native extension for OSXStandalone target not found
Refreshing native plugins compatible for Editor in 1.80 ms, found 2 plugins.
Mono: successfully reloaded assembly
- Finished resetting the current domain, in  1.012 seconds
Domain Reload Profiling: 1715ms
	BeginReloadAssembly (299ms)
		ExecutionOrderSort (0ms)
		DisableScriptedObjects (10ms)
		BackupInstance (0ms)
		ReleaseScriptingObjects (0ms)
		CreateAndSetChildDomain (113ms)
	RebuildCommonClasses (37ms)
	RebuildNativeTypeToScriptingClass (13ms)
	initialDomainReloadingComplete (23ms)
	LoadAllAssembliesAndSetupDomain (331ms)
		LoadAssemblies (344ms)
		RebuildTransferFunctionScriptingTraits (0ms)
		AnalyzeDomain (106ms)
			TypeCache.Refresh (6ms)
				TypeCache.ScanAssembly (0ms)
			BuildScriptInfoCaches (91ms)
			ResolveRequiredComponents (3ms)
	FinalizeReload (1012ms)
		ReleaseScriptCaches (0ms)
		RebuildScriptCaches (0ms)
		SetupLoadedEditorAssemblies (819ms)
			LogAssemblyErrors (0ms)
			InitializePlatformSupportModulesInManaged (2ms)
			SetLoadedEditorAssemblies (4ms)
			BeforeProcessingInitializeOnLoad (56ms)
			ProcessInitializeOnLoadAttributes (604ms)
			ProcessInitializeOnLoadMethodAttributes (149ms)
			AfterProcessingInitializeOnLoad (3ms)
			EditorAssembliesLoaded (0ms)
		ExecutionOrderSort2 (0ms)
		AwakeInstancesAfterBackupRestoration (4ms)
Refreshing native plugins compatible for Editor in 1.79 ms, found 2 plugins.
Preloading 0 native plugins for Editor in 0.00 ms.
Unloading 0 Unused Serialized files (Serialized files now loaded: 0)
Unloading 2733 unused Assets / (503.6 KB). Loaded Objects now: 3393.
Memory consumption went from 393.4 MB to 392.9 MB.
Total: 10.878667 ms (FindLiveObjects: 0.227916 ms CreateObjectMapping: 0.086042 ms MarkObjects: 10.001750 ms  DeleteObjects: 0.562167 ms)

Prepare: number of updated asset objects reloaded= 0
========================================================================
Received Prepare
Begin MonoManager ReloadAssembly
Thread 0x16ba93000 may have been prematurely finalized
Symbol file LoadedFromMemory is not a mono symbol file
- Loaded All Assemblies, in  0.598 seconds
Refreshing native plugins compatible for Editor in 3.79 ms, found 2 plugins.
Native extension for OSXStandalone target not found
Refreshing native plugins compatible for Editor in 1.54 ms, found 2 plugins.
Mono: successfully reloaded assembly
- Finished resetting the current domain, in  1.011 seconds
Domain Reload Profiling: 1610ms
	BeginReloadAssembly (211ms)
		ExecutionOrderSort (0ms)
		DisableScriptedObjects (10ms)
		BackupInstance (0ms)
		ReleaseScriptingObjects (1ms)
		CreateAndSetChildDomain (97ms)
	RebuildCommonClasses (38ms)
	RebuildNativeTypeToScriptingClass (13ms)
	initialDomainReloadingComplete (23ms)
	LoadAllAssembliesAndSetupDomain (315ms)
		LoadAssemblies (283ms)
		RebuildTransferFunctionScriptingTraits (0ms)
		AnalyzeDomain (93ms)
			TypeCache.Refresh (10ms)
				TypeCache.ScanAssembly (0ms)
			BuildScriptInfoCaches (77ms)
			ResolveRequiredComponents (3ms)
	FinalizeReload (1012ms)
		ReleaseScriptCaches (0ms)
		RebuildScriptCaches (0ms)
		SetupLoadedEditorAssemblies (797ms)
			LogAssemblyErrors (0ms)
			InitializePlatformSupportModulesInManaged (3ms)
			SetLoadedEditorAssemblies (4ms)
			BeforeProcessingInitializeOnLoad (61ms)
			ProcessInitializeOnLoadAttributes (579ms)
			ProcessInitializeOnLoadMethodAttributes (146ms)
			AfterProcessingInitializeOnLoad (4ms)
			EditorAssembliesLoaded (0ms)
		ExecutionOrderSort2 (0ms)
		AwakeInstancesAfterBackupRestoration (3ms)
Refreshing native plugins compatible for Editor in 1.43 ms, found 2 plugins.
Preloading 0 native plugins for Editor in 0.00 ms.
Unloading 0 Unused Serialized files (Serialized files now loaded: 0)
Unloading 2733 unused Assets / (149.4 KB). Loaded Objects now: 3393.
Memory consumption went from 399.4 MB to 399.2 MB.
Total: 9.726792 ms (FindLiveObjects: 0.183625 ms CreateObjectMapping: 0.091500 ms MarkObjects: 8.935708 ms  DeleteObjects: 0.515250 ms)

Prepare: number of updated asset objects reloaded= 0
========================================================================
Received Prepare
Begin MonoManager ReloadAssembly
Thread 0x16ba93000 may have been prematurely finalized
Symbol file LoadedFromMemory is not a mono symbol file
- Loaded All Assemblies, in  0.649 seconds
Refreshing native plugins compatible for Editor in 1.79 ms, found 2 plugins.
Native extension for OSXStandalone target not found
Refreshing native plugins compatible for Editor in 1.55 ms, found 2 plugins.
Mono: successfully reloaded assembly
- Finished resetting the current domain, in  0.954 seconds
Domain Reload Profiling: 1605ms
	BeginReloadAssembly (248ms)
		ExecutionOrderSort (0ms)
		DisableScriptedObjects (11ms)
		BackupInstance (0ms)
		ReleaseScriptingObjects (0ms)
		CreateAndSetChildDomain (107ms)
	RebuildCommonClasses (36ms)
	RebuildNativeTypeToScriptingClass (13ms)
	initialDomainReloadingComplete (26ms)
	LoadAllAssembliesAndSetupDomain (327ms)
		LoadAssemblies (303ms)
		RebuildTransferFunctionScriptingTraits (0ms)
		AnalyzeDomain (96ms)
			TypeCache.Refresh (7ms)
				TypeCache.ScanAssembly (0ms)
			BuildScriptInfoCaches (83ms)
			ResolveRequiredComponents (3ms)
	FinalizeReload (954ms)
		ReleaseScriptCaches (0ms)
		RebuildScriptCaches (0ms)
		SetupLoadedEditorAssemblies (776ms)
			LogAssemblyErrors (0ms)
			InitializePlatformSupportModulesInManaged (3ms)
			SetLoadedEditorAssemblies (4ms)
			BeforeProcessingInitializeOnLoad (51ms)
			ProcessInitializeOnLoadAttributes (566ms)
			ProcessInitializeOnLoadMethodAttributes (148ms)
			AfterProcessingInitializeOnLoad (4ms)
			EditorAssembliesLoaded (0ms)
		ExecutionOrderSort2 (0ms)
		AwakeInstancesAfterBackupRestoration (3ms)
Refreshing native plugins compatible for Editor in 1.44 ms, found 2 plugins.
Preloading 0 native plugins for Editor in 0.00 ms.
Unloading 0 Unused Serialized files (Serialized files now loaded: 0)
Unloading 2733 unused Assets / (0.5 MB). Loaded Objects now: 3393.
Memory consumption went from 405.4 MB to 404.9 MB.
Total: 10.620625 ms (FindLiveObjects: 0.180292 ms CreateObjectMapping: 0.084417 ms MarkObjects: 9.831250 ms  DeleteObjects: 0.523792 ms)

Prepare: number of updated asset objects reloaded= 0
========================================================================
Received Prepare
Begin MonoManager ReloadAssembly
Thread 0x16ba93000 may have been prematurely finalized
Symbol file LoadedFromMemory is not a mono symbol file
- Loaded All Assemblies, in  0.579 seconds
Refreshing native plugins compatible for Editor in 4.46 ms, found 2 plugins.
Native extension for OSXStandalone target not found
Refreshing native plugins compatible for Editor in 1.47 ms, found 2 plugins.
Mono: successfully reloaded assembly
- Finished resetting the current domain, in  0.963 seconds
Domain Reload Profiling: 1543ms
	BeginReloadAssembly (209ms)
		ExecutionOrderSort (0ms)
		DisableScriptedObjects (11ms)
		BackupInstance (0ms)
		ReleaseScriptingObjects (0ms)
		CreateAndSetChildDomain (96ms)
	RebuildCommonClasses (43ms)
	RebuildNativeTypeToScriptingClass (13ms)
	initialDomainReloadingComplete (27ms)
	LoadAllAssembliesAndSetupDomain (287ms)
		LoadAssemblies (257ms)
		RebuildTransferFunctionScriptingTraits (0ms)
		AnalyzeDomain (90ms)
			TypeCache.Refresh (8ms)
				TypeCache.ScanAssembly (0ms)
			BuildScriptInfoCaches (77ms)
			ResolveRequiredComponents (3ms)
	FinalizeReload (964ms)
		ReleaseScriptCaches (0ms)
		RebuildScriptCaches (0ms)
		SetupLoadedEditorAssemblies (772ms)
			LogAssemblyErrors (0ms)
			InitializePlatformSupportModulesInManaged (3ms)
			SetLoadedEditorAssemblies (4ms)
			BeforeProcessingInitializeOnLoad (67ms)
			ProcessInitializeOnLoadAttributes (548ms)
			ProcessInitializeOnLoadMethodAttributes (146ms)
			AfterProcessingInitializeOnLoad (4ms)
			EditorAssembliesLoaded (0ms)
		ExecutionOrderSort2 (0ms)
		AwakeInstancesAfterBackupRestoration (3ms)
Refreshing native plugins compatible for Editor in 1.42 ms, found 2 plugins.
Preloading 0 native plugins for Editor in 0.00 ms.
Unloading 0 Unused Serialized files (Serialized files now loaded: 0)
Unloading 2733 unused Assets / (0.9 MB). Loaded Objects now: 3393.
Memory consumption went from 411.5 MB to 410.6 MB.
Total: 10.583625 ms (FindLiveObjects: 0.181500 ms CreateObjectMapping: 0.087667 ms MarkObjects: 9.393666 ms  DeleteObjects: 0.920166 ms)

Prepare: number of updated asset objects reloaded= 0
========================================================================
Received Prepare
Begin MonoManager ReloadAssembly
Thread 0x16ba93000 may have been prematurely finalized
Symbol file LoadedFromMemory is not a mono symbol file
- Loaded All Assemblies, in  0.666 seconds
Refreshing native plugins compatible for Editor in 1.59 ms, found 2 plugins.
Native extension for OSXStandalone target not found
Refreshing native plugins compatible for Editor in 1.53 ms, found 2 plugins.
Mono: successfully reloaded assembly
- Finished resetting the current domain, in  0.951 seconds
Domain Reload Profiling: 1618ms
	BeginReloadAssembly (207ms)
		ExecutionOrderSort (0ms)
		DisableScriptedObjects (16ms)
		BackupInstance (0ms)
		ReleaseScriptingObjects (0ms)
		CreateAndSetChildDomain (91ms)
	RebuildCommonClasses (43ms)
	RebuildNativeTypeToScriptingClass (13ms)
	initialDomainReloadingComplete (21ms)
	LoadAllAssembliesAndSetupDomain (383ms)
		LoadAssemblies (329ms)
		RebuildTransferFunctionScriptingTraits (0ms)
		AnalyzeDomain (111ms)
			TypeCache.Refresh (11ms)
				TypeCache.ScanAssembly (0ms)
			BuildScriptInfoCaches (95ms)
			ResolveRequiredComponents (3ms)
	FinalizeReload (952ms)
		ReleaseScriptCaches (0ms)
		RebuildScriptCaches (0ms)
		SetupLoadedEditorAssemblies (782ms)
			LogAssemblyErrors (0ms)
			InitializePlatformSupportModulesInManaged (3ms)
			SetLoadedEditorAssemblies (4ms)
			BeforeProcessingInitializeOnLoad (52ms)
			ProcessInitializeOnLoadAttributes (566ms)
			ProcessInitializeOnLoadMethodAttributes (154ms)
			AfterProcessingInitializeOnLoad (4ms)
			EditorAssembliesLoaded (0ms)
		ExecutionOrderSort2 (0ms)
		AwakeInstancesAfterBackupRestoration (3ms)
Refreshing native plugins compatible for Editor in 1.56 ms, found 2 plugins.
Preloading 0 native plugins for Editor in 0.00 ms.
Unloading 0 Unused Serialized files (Serialized files now loaded: 0)
Unloading 2733 unused Assets / (0.7 MB). Loaded Objects now: 3393.
Memory consumption went from 417.5 MB to 416.8 MB.
Total: 10.494666 ms (FindLiveObjects: 0.187291 ms CreateObjectMapping: 0.086584 ms MarkObjects: 9.100250 ms  DeleteObjects: 1.119792 ms)

Prepare: number of updated asset objects reloaded= 0
========================================================================
Received Prepare
Begin MonoManager ReloadAssembly
Thread 0x16ba93000 may have been prematurely finalized
Symbol file LoadedFromMemory is not a mono symbol file
- Loaded All Assemblies, in  0.747 seconds
Refreshing native plugins compatible for Editor in 1.72 ms, found 2 plugins.
Native extension for OSXStandalone target not found
Refreshing native plugins compatible for Editor in 1.97 ms, found 2 plugins.
Mono: successfully reloaded assembly
- Finished resetting the current domain, in  0.964 seconds
Domain Reload Profiling: 1711ms
	BeginReloadAssembly (290ms)
		ExecutionOrderSort (0ms)
		DisableScriptedObjects (10ms)
		BackupInstance (0ms)
		ReleaseScriptingObjects (0ms)
		CreateAndSetChildDomain (106ms)
	RebuildCommonClasses (36ms)
	RebuildNativeTypeToScriptingClass (13ms)
	initialDomainReloadingComplete (26ms)
	LoadAllAssembliesAndSetupDomain (382ms)
		LoadAssemblies (367ms)
		RebuildTransferFunctionScriptingTraits (0ms)
		AnalyzeDomain (136ms)
			TypeCache.Refresh (14ms)
				TypeCache.ScanAssembly (0ms)
			BuildScriptInfoCaches (115ms)
			ResolveRequiredComponents (4ms)
	FinalizeReload (964ms)
		ReleaseScriptCaches (0ms)
		RebuildScriptCaches (0ms)
		SetupLoadedEditorAssemblies (793ms)
			LogAssemblyErrors (0ms)
			InitializePlatformSupportModulesInManaged (5ms)
			SetLoadedEditorAssemblies (6ms)
			BeforeProcessingInitializeOnLoad (57ms)
			ProcessInitializeOnLoadAttributes (570ms)
			ProcessInitializeOnLoadMethodAttributes (151ms)
			AfterProcessingInitializeOnLoad (4ms)
			EditorAssembliesLoaded (0ms)
		ExecutionOrderSort2 (0ms)
		AwakeInstancesAfterBackupRestoration (3ms)
Refreshing native plugins compatible for Editor in 1.52 ms, found 2 plugins.
Preloading 0 native plugins for Editor in 0.00 ms.
Unloading 0 Unused Serialized files (Serialized files now loaded: 0)
Unloading 2733 unused Assets / (142.6 KB). Loaded Objects now: 3393.
Memory consumption went from 423.5 MB to 423.4 MB.
Total: 10.744916 ms (FindLiveObjects: 0.181791 ms CreateObjectMapping: 0.087292 ms MarkObjects: 9.457000 ms  DeleteObjects: 1.018084 ms)

Prepare: number of updated asset objects reloaded= 0
========================================================================
Received Prepare
Begin MonoManager ReloadAssembly
Thread 0x16ba93000 may have been prematurely finalized
Symbol file LoadedFromMemory is not a mono symbol file
- Loaded All Assemblies, in  0.898 seconds
Refreshing native plugins compatible for Editor in 1.91 ms, found 2 plugins.
Native extension for OSXStandalone target not found
Refreshing native plugins compatible for Editor in 1.81 ms, found 2 plugins.
Mono: successfully reloaded assembly
- Finished resetting the current domain, in  0.944 seconds
Domain Reload Profiling: 1843ms
	BeginReloadAssembly (211ms)
		ExecutionOrderSort (0ms)
		DisableScriptedObjects (8ms)
		BackupInstance (0ms)
		ReleaseScriptingObjects (0ms)
		CreateAndSetChildDomain (92ms)
	RebuildCommonClasses (35ms)
	RebuildNativeTypeToScriptingClass (13ms)
	initialDomainReloadingComplete (25ms)
	LoadAllAssembliesAndSetupDomain (615ms)
		LoadAssemblies (553ms)
		RebuildTransferFunctionScriptingTraits (0ms)
		AnalyzeDomain (116ms)
			TypeCache.Refresh (19ms)
				TypeCache.ScanAssembly (0ms)
			BuildScriptInfoCaches (92ms)
			ResolveRequiredComponents (3ms)
	FinalizeReload (945ms)
		ReleaseScriptCaches (0ms)
		RebuildScriptCaches (0ms)
		SetupLoadedEditorAssemblies (754ms)
			LogAssemblyErrors (0ms)
			InitializePlatformSupportModulesInManaged (2ms)
			SetLoadedEditorAssemblies (4ms)
			BeforeProcessingInitializeOnLoad (54ms)
			ProcessInitializeOnLoadAttributes (545ms)
			ProcessInitializeOnLoadMethodAttributes (146ms)
			AfterProcessingInitializeOnLoad (3ms)
			EditorAssembliesLoaded (0ms)
		ExecutionOrderSort2 (0ms)
		AwakeInstancesAfterBackupRestoration (3ms)
Refreshing native plugins compatible for Editor in 1.40 ms, found 2 plugins.
Preloading 0 native plugins for Editor in 0.00 ms.
Unloading 0 Unused Serialized files (Serialized files now loaded: 0)
Unloading 2733 unused Assets / (0.7 MB). Loaded Objects now: 3393.
Memory consumption went from 429.4 MB to 428.8 MB.
Total: 10.259917 ms (FindLiveObjects: 0.190334 ms CreateObjectMapping: 0.122041 ms MarkObjects: 9.070417 ms  DeleteObjects: 0.876375 ms)

Prepare: number of updated asset objects reloaded= 0
========================================================================
Received Prepare
Begin MonoManager ReloadAssembly
Thread 0x16ba93000 may have been prematurely finalized
Symbol file LoadedFromMemory is not a mono symbol file
- Loaded All Assemblies, in  0.477 seconds
Refreshing native plugins compatible for Editor in 1.32 ms, found 2 plugins.
Native extension for OSXStandalone target not found
Refreshing native plugins compatible for Editor in 1.78 ms, found 2 plugins.
Mono: successfully reloaded assembly
- Finished resetting the current domain, in  0.993 seconds
Domain Reload Profiling: 1471ms
	BeginReloadAssembly (131ms)
		ExecutionOrderSort (0ms)
		DisableScriptedObjects (5ms)
		BackupInstance (0ms)
		ReleaseScriptingObjects (0ms)
		CreateAndSetChildDomain (56ms)
	RebuildCommonClasses (37ms)
	RebuildNativeTypeToScriptingClass (13ms)
	initialDomainReloadingComplete (18ms)
	LoadAllAssembliesAndSetupDomain (279ms)
		LoadAssemblies (205ms)
		RebuildTransferFunctionScriptingTraits (0ms)
		AnalyzeDomain (114ms)
			TypeCache.Refresh (15ms)
				TypeCache.ScanAssembly (0ms)
			BuildScriptInfoCaches (94ms)
			ResolveRequiredComponents (3ms)
	FinalizeReload (993ms)
		ReleaseScriptCaches (0ms)
		RebuildScriptCaches (0ms)
		SetupLoadedEditorAssemblies (806ms)
			LogAssemblyErrors (0ms)
			InitializePlatformSupportModulesInManaged (3ms)
			SetLoadedEditorAssemblies (4ms)
			BeforeProcessingInitializeOnLoad (54ms)
			ProcessInitializeOnLoadAttributes (590ms)
			ProcessInitializeOnLoadMethodAttributes (151ms)
			AfterProcessingInitializeOnLoad (4ms)
			EditorAssembliesLoaded (0ms)
		ExecutionOrderSort2 (0ms)
		AwakeInstancesAfterBackupRestoration (3ms)
Refreshing native plugins compatible for Editor in 1.43 ms, found 2 plugins.
Preloading 0 native plugins for Editor in 0.00 ms.
Unloading 0 Unused Serialized files (Serialized files now loaded: 0)
Unloading 2733 unused Assets / (1.1 MB). Loaded Objects now: 3393.
Memory consumption went from 435.5 MB to 434.4 MB.
Total: 10.602667 ms (FindLiveObjects: 0.202167 ms CreateObjectMapping: 0.088750 ms MarkObjects: 9.423125 ms  DeleteObjects: 0.888042 ms)

Prepare: number of updated asset objects reloaded= 0
========================================================================
Received Import Request.
  Time since last request: 5563.379580 seconds.
  path: Assets/Scripts/LapComplete.cs
  artifactKey: Guid(cab843a1f967ca94f8b68e12839e6834) Importer(815301076,1909f56bfc062723c751e8b465ee728b)
Start importing Assets/Scripts/LapComplete.cs using Guid(cab843a1f967ca94f8b68e12839e6834) Importer(815301076,1909f56bfc062723c751e8b465ee728b) (PreviewImporter) -> (artifact id: '0efd0b368c35f8b4eb7502f71f308794') in 0.00271275 seconds
Number of updated asset objects reloaded before import = 0Number of asset objects unloaded after import = 0

========================================================================
Received Prepare
Begin MonoManager ReloadAssembly
Thread 0x16ba93000 may have been prematurely finalized
Symbol file LoadedFromMemory is not a mono symbol file
- Loaded All Assemblies, in  0.662 seconds
Refreshing native plugins compatible for Editor in 1.56 ms, found 2 plugins.
Native extension for OSXStandalone target not found
Refreshing native plugins compatible for Editor in 1.78 ms, found 2 plugins.
Mono: successfully reloaded assembly
- Finished resetting the current domain, in  0.986 seconds
Domain Reload Profiling: 1650ms
	BeginReloadAssembly (232ms)
		ExecutionOrderSort (0ms)
		DisableScriptedObjects (13ms)
		BackupInstance (0ms)
		ReleaseScriptingObjects (0ms)
		CreateAndSetChildDomain (104ms)
	RebuildCommonClasses (41ms)
	RebuildNativeTypeToScriptingClass (14ms)
	initialDomainReloadingComplete (25ms)
	LoadAllAssembliesAndSetupDomain (351ms)
		LoadAssemblies (283ms)
		RebuildTransferFunctionScriptingTraits (0ms)
		AnalyzeDomain (129ms)
			TypeCache.Refresh (21ms)
				TypeCache.ScanAssembly (0ms)
			BuildScriptInfoCaches (104ms)
			ResolveRequiredComponents (3ms)
	FinalizeReload (986ms)
		ReleaseScriptCaches (0ms)
		RebuildScriptCaches (0ms)
		SetupLoadedEditorAssemblies (807ms)
			LogAssemblyErrors (0ms)
			InitializePlatformSupportModulesInManaged (3ms)
			SetLoadedEditorAssemblies (4ms)
			BeforeProcessingInitializeOnLoad (79ms)
			ProcessInitializeOnLoadAttributes (564ms)
			ProcessInitializeOnLoadMethodAttributes (153ms)
			AfterProcessingInitializeOnLoad (4ms)
			EditorAssembliesLoaded (0ms)
		ExecutionOrderSort2 (0ms)
		AwakeInstancesAfterBackupRestoration (3ms)
Refreshing native plugins compatible for Editor in 1.49 ms, found 2 plugins.
Preloading 0 native plugins for Editor in 0.00 ms.
Unloading 0 Unused Serialized files (Serialized files now loaded: 0)
Unloading 2733 unused Assets / (1.1 MB). Loaded Objects now: 3393.
Memory consumption went from 441.6 MB to 440.5 MB.
Total: 10.702375 ms (FindLiveObjects: 0.200125 ms CreateObjectMapping: 0.106750 ms MarkObjects: 9.547000 ms  DeleteObjects: 0.847750 ms)

Prepare: number of updated asset objects reloaded= 0
========================================================================
Received Prepare
Begin MonoManager ReloadAssembly
Thread 0x16ba93000 may have been prematurely finalized
Symbol file LoadedFromMemory is not a mono symbol file
- Loaded All Assemblies, in  0.626 seconds
Refreshing native plugins compatible for Editor in 2.19 ms, found 2 plugins.
Native extension for OSXStandalone target not found
Refreshing native plugins compatible for Editor in 1.53 ms, found 2 plugins.
Mono: successfully reloaded assembly
- Finished resetting the current domain, in  0.959 seconds
Domain Reload Profiling: 1586ms
	BeginReloadAssembly (224ms)
		ExecutionOrderSort (0ms)
		DisableScriptedObjects (12ms)
		BackupInstance (0ms)
		ReleaseScriptingObjects (0ms)
		CreateAndSetChildDomain (87ms)
	RebuildCommonClasses (35ms)
	RebuildNativeTypeToScriptingClass (13ms)
	initialDomainReloadingComplete (20ms)
	LoadAllAssembliesAndSetupDomain (335ms)
		LoadAssemblies (308ms)
		RebuildTransferFunctionScriptingTraits (0ms)
		AnalyzeDomain (98ms)
			TypeCache.Refresh (9ms)
				TypeCache.ScanAssembly (0ms)
			BuildScriptInfoCaches (83ms)
			ResolveRequiredComponents (3ms)
	FinalizeReload (959ms)
		ReleaseScriptCaches (0ms)
		RebuildScriptCaches (0ms)
		SetupLoadedEditorAssemblies (781ms)
			LogAssemblyErrors (0ms)
			InitializePlatformSupportModulesInManaged (2ms)
			SetLoadedEditorAssemblies (4ms)
			BeforeProcessingInitializeOnLoad (49ms)
			ProcessInitializeOnLoadAttributes (573ms)
			ProcessInitializeOnLoadMethodAttributes (149ms)
			AfterProcessingInitializeOnLoad (3ms)
			EditorAssembliesLoaded (0ms)
		ExecutionOrderSort2 (0ms)
		AwakeInstancesAfterBackupRestoration (3ms)
Refreshing native plugins compatible for Editor in 1.44 ms, found 2 plugins.
Preloading 0 native plugins for Editor in 0.00 ms.
Unloading 0 Unused Serialized files (Serialized files now loaded: 0)
Unloading 2733 unused Assets / (1.3 MB). Loaded Objects now: 3393.
Memory consumption went from 447.4 MB to 446.1 MB.
Total: 10.898291 ms (FindLiveObjects: 0.211125 ms CreateObjectMapping: 0.094416 ms MarkObjects: 9.388084 ms  DeleteObjects: 1.204041 ms)

Prepare: number of updated asset objects reloaded= 0
========================================================================
Received Import Request.
  Time since last request: 237.802834 seconds.
  path: Assets/Scripts/LapComplete.cs
  artifactKey: Guid(cab843a1f967ca94f8b68e12839e6834) Importer(815301076,1909f56bfc062723c751e8b465ee728b)
Start importing Assets/Scripts/LapComplete.cs using Guid(cab843a1f967ca94f8b68e12839e6834) Importer(815301076,1909f56bfc062723c751e8b465ee728b) (PreviewImporter) -> (artifact id: '60539a8cfc57a94c9e02a780acc9ab56') in 0.001573125 seconds
Number of updated asset objects reloaded before import = 0Number of asset objects unloaded after import = 0

========================================================================
Received Prepare
Begin MonoManager ReloadAssembly
Thread 0x16ba93000 may have been prematurely finalized
Symbol file LoadedFromMemory is not a mono symbol file
- Loaded All Assemblies, in  0.689 seconds
Refreshing native plugins compatible for Editor in 1.64 ms, found 2 plugins.
Native extension for OSXStandalone target not found
Refreshing native plugins compatible for Editor in 1.69 ms, found 2 plugins.
Mono: successfully reloaded assembly
- Finished resetting the current domain, in  0.916 seconds
Domain Reload Profiling: 1606ms
	BeginReloadAssembly (267ms)
		ExecutionOrderSort (0ms)
		DisableScriptedObjects (16ms)
		BackupInstance (0ms)
		ReleaseScriptingObjects (0ms)
		CreateAndSetChildDomain (99ms)
	RebuildCommonClasses (36ms)
	RebuildNativeTypeToScriptingClass (13ms)
	initialDomainReloadingComplete (27ms)
	LoadAllAssembliesAndSetupDomain (347ms)
		LoadAssemblies (333ms)
		RebuildTransferFunctionScriptingTraits (0ms)
		AnalyzeDomain (112ms)
			TypeCache.Refresh (23ms)
				TypeCache.ScanAssembly (0ms)
			BuildScriptInfoCaches (82ms)
			ResolveRequiredComponents (3ms)
	FinalizeReload (916ms)
		ReleaseScriptCaches (0ms)
		RebuildScriptCaches (0ms)
		SetupLoadedEditorAssemblies (744ms)
			LogAssemblyErrors (0ms)
			InitializePlatformSupportModulesInManaged (2ms)
			SetLoadedEditorAssemblies (4ms)
			BeforeProcessingInitializeOnLoad (53ms)
			ProcessInitializeOnLoadAttributes (533ms)
			ProcessInitializeOnLoadMethodAttributes (148ms)
			AfterProcessingInitializeOnLoad (3ms)
			EditorAssembliesLoaded (0ms)
		ExecutionOrderSort2 (0ms)
		AwakeInstancesAfterBackupRestoration (3ms)
Refreshing native plugins compatible for Editor in 1.57 ms, found 2 plugins.
Preloading 0 native plugins for Editor in 0.00 ms.
Unloading 0 Unused Serialized files (Serialized files now loaded: 0)
Unloading 2733 unused Assets / (0.8 MB). Loaded Objects now: 3393.
Memory consumption went from 453.4 MB to 452.6 MB.
Total: 10.930125 ms (FindLiveObjects: 0.173583 ms CreateObjectMapping: 0.086042 ms MarkObjects: 9.593042 ms  DeleteObjects: 1.076958 ms)

Prepare: number of updated asset objects reloaded= 0
========================================================================
Received Prepare
Begin MonoManager ReloadAssembly
Thread 0x16ba93000 may have been prematurely finalized
Symbol file LoadedFromMemory is not a mono symbol file
- Loaded All Assemblies, in  0.502 seconds
Refreshing native plugins compatible for Editor in 4.05 ms, found 2 plugins.
Native extension for OSXStandalone target not found
Refreshing native plugins compatible for Editor in 1.49 ms, found 2 plugins.
Mono: successfully reloaded assembly
- Finished resetting the current domain, in  1.072 seconds
Domain Reload Profiling: 1575ms
	BeginReloadAssembly (140ms)
		ExecutionOrderSort (0ms)
		DisableScriptedObjects (6ms)
		BackupInstance (0ms)
		ReleaseScriptingObjects (0ms)
		CreateAndSetChildDomain (58ms)
	RebuildCommonClasses (35ms)
	RebuildNativeTypeToScriptingClass (13ms)
	initialDomainReloadingComplete (18ms)
	LoadAllAssembliesAndSetupDomain (297ms)
		LoadAssemblies (249ms)
		RebuildTransferFunctionScriptingTraits (0ms)
		AnalyzeDomain (92ms)
			TypeCache.Refresh (8ms)
				TypeCache.ScanAssembly (0ms)
			BuildScriptInfoCaches (80ms)
			ResolveRequiredComponents (3ms)
	FinalizeReload (1072ms)
		ReleaseScriptCaches (0ms)
		RebuildScriptCaches (0ms)
		SetupLoadedEditorAssemblies (895ms)
			LogAssemblyErrors (0ms)
			InitializePlatformSupportModulesInManaged (3ms)
			SetLoadedEditorAssemblies (4ms)
			BeforeProcessingInitializeOnLoad (40ms)
			ProcessInitializeOnLoadAttributes (693ms)
			ProcessInitializeOnLoadMethodAttributes (148ms)
			AfterProcessingInitializeOnLoad (7ms)
			EditorAssembliesLoaded (0ms)
		ExecutionOrderSort2 (0ms)
		AwakeInstancesAfterBackupRestoration (3ms)
Refreshing native plugins compatible for Editor in 1.38 ms, found 2 plugins.
Preloading 0 native plugins for Editor in 0.00 ms.
Unloading 0 Unused Serialized files (Serialized files now loaded: 0)
Unloading 2733 unused Assets / (1.1 MB). Loaded Objects now: 3393.
Memory consumption went from 459.5 MB to 458.4 MB.
Total: 10.385875 ms (FindLiveObjects: 0.181042 ms CreateObjectMapping: 0.085125 ms MarkObjects: 9.211833 ms  DeleteObjects: 0.906875 ms)

Prepare: number of updated asset objects reloaded= 0
========================================================================
Received Import Request.
  Time since last request: 1297.614200 seconds.
  path: Assets/Objects/Tree02/BroadLeaf02a2.prefab
  artifactKey: Guid(1c95c8dd3951d7443894849de504d97d) Importer(815301076,1909f56bfc062723c751e8b465ee728b)
Start importing Assets/Objects/Tree02/BroadLeaf02a2.prefab using Guid(1c95c8dd3951d7443894849de504d97d) Importer(815301076,1909f56bfc062723c751e8b465ee728b) (PreviewImporter) -> (artifact id: 'd39a05b5efcacc53824c01cb99e2e44b') in 0.8637335 seconds
Number of updated asset objects reloaded before import = 0Number of asset objects unloaded after import = 16

========================================================================
Received Prepare
Begin MonoManager ReloadAssembly
Thread 0x16ba93000 may have been prematurely finalized
Symbol file LoadedFromMemory is not a mono symbol file
- Loaded All Assemblies, in  0.789 seconds
Refreshing native plugins compatible for Editor in 1.35 ms, found 2 plugins.
Native extension for OSXStandalone target not found
Refreshing native plugins compatible for Editor in 1.56 ms, found 2 plugins.
Mono: successfully reloaded assembly
- Finished resetting the current domain, in  0.973 seconds
Domain Reload Profiling: 1763ms
	BeginReloadAssembly (372ms)
		ExecutionOrderSort (0ms)
		DisableScriptedObjects (32ms)
		BackupInstance (0ms)
		ReleaseScriptingObjects (0ms)
		CreateAndSetChildDomain (156ms)
	RebuildCommonClasses (44ms)
	RebuildNativeTypeToScriptingClass (13ms)
	initialDomainReloadingComplete (33ms)
	LoadAllAssembliesAndSetupDomain (328ms)
		LoadAssemblies (303ms)
		RebuildTransferFunctionScriptingTraits (0ms)
		AnalyzeDomain (103ms)
			TypeCache.Refresh (10ms)
				TypeCache.ScanAssembly (0ms)
			BuildScriptInfoCaches (86ms)
			ResolveRequiredComponents (3ms)
	FinalizeReload (973ms)
		ReleaseScriptCaches (0ms)
		RebuildScriptCaches (0ms)
		SetupLoadedEditorAssemblies (799ms)
			LogAssemblyErrors (0ms)
			InitializePlatformSupportModulesInManaged (3ms)
			SetLoadedEditorAssemblies (4ms)
			BeforeProcessingInitializeOnLoad (53ms)
			ProcessInitializeOnLoadAttributes (586ms)
			ProcessInitializeOnLoadMethodAttributes (148ms)
			AfterProcessingInitializeOnLoad (4ms)
			EditorAssembliesLoaded (0ms)
		ExecutionOrderSort2 (0ms)
		AwakeInstancesAfterBackupRestoration (3ms)
Refreshing native plugins compatible for Editor in 1.58 ms, found 2 plugins.
Preloading 0 native plugins for Editor in 0.00 ms.
Unloading 0 Unused Serialized files (Serialized files now loaded: 0)
Unloading 2733 unused Assets / (1.1 MB). Loaded Objects now: 3396.
Memory consumption went from 466.5 MB to 465.4 MB.
Total: 11.086292 ms (FindLiveObjects: 0.173834 ms CreateObjectMapping: 0.084666 ms MarkObjects: 9.331000 ms  DeleteObjects: 1.496583 ms)

Prepare: number of updated asset objects reloaded= 0
========================================================================
Received Prepare
Begin MonoManager ReloadAssembly
Thread 0x16ba93000 may have been prematurely finalized
Symbol file LoadedFromMemory is not a mono symbol file
- Loaded All Assemblies, in  0.533 seconds
Refreshing native plugins compatible for Editor in 5.79 ms, found 2 plugins.
Native extension for OSXStandalone target not found
Refreshing native plugins compatible for Editor in 1.51 ms, found 2 plugins.
Mono: successfully reloaded assembly
- Finished resetting the current domain, in  0.988 seconds
Domain Reload Profiling: 1522ms
	BeginReloadAssembly (165ms)
		ExecutionOrderSort (0ms)
		DisableScriptedObjects (13ms)
		BackupInstance (0ms)
		ReleaseScriptingObjects (0ms)
		CreateAndSetChildDomain (77ms)
	RebuildCommonClasses (36ms)
	RebuildNativeTypeToScriptingClass (13ms)
	initialDomainReloadingComplete (22ms)
	LoadAllAssembliesAndSetupDomain (298ms)
		LoadAssemblies (248ms)
		RebuildTransferFunctionScriptingTraits (0ms)
		AnalyzeDomain (93ms)
			TypeCache.Refresh (8ms)
				TypeCache.ScanAssembly (0ms)
			BuildScriptInfoCaches (80ms)
			ResolveRequiredComponents (3ms)
	FinalizeReload (988ms)
		ReleaseScriptCaches (0ms)
		RebuildScriptCaches (0ms)
		SetupLoadedEditorAssemblies (810ms)
			LogAssemblyErrors (0ms)
			InitializePlatformSupportModulesInManaged (2ms)
			SetLoadedEditorAssemblies (4ms)
			BeforeProcessingInitializeOnLoad (71ms)
			ProcessInitializeOnLoadAttributes (581ms)
			ProcessInitializeOnLoadMethodAttributes (148ms)
			AfterProcessingInitializeOnLoad (3ms)
			EditorAssembliesLoaded (0ms)
		ExecutionOrderSort2 (0ms)
		AwakeInstancesAfterBackupRestoration (3ms)
Refreshing native plugins compatible for Editor in 1.52 ms, found 2 plugins.
Preloading 0 native plugins for Editor in 0.00 ms.
Unloading 0 Unused Serialized files (Serialized files now loaded: 0)
Unloading 2733 unused Assets / (0.5 MB). Loaded Objects now: 3396.
Memory consumption went from 472.6 MB to 472.0 MB.
Total: 10.943375 ms (FindLiveObjects: 0.199584 ms CreateObjectMapping: 0.091625 ms MarkObjects: 9.856667 ms  DeleteObjects: 0.794625 ms)

Prepare: number of updated asset objects reloaded= 0
========================================================================
Received Import Request.
  Time since last request: 2100.956509 seconds.
  path: Assets/Standard Assets/Vehicles/Car/Materials/SkyCarBodyGrey.mat
  artifactKey: Guid(d425c5c4cb38fd44f95b13e9f94575c2) Importer(815301076,1909f56bfc062723c751e8b465ee728b)
Start importing Assets/Standard Assets/Vehicles/Car/Materials/SkyCarBodyGrey.mat using Guid(d425c5c4cb38fd44f95b13e9f94575c2) Importer(815301076,1909f56bfc062723c751e8b465ee728b) (PreviewImporter) -> (artifact id: '7e4c14f4e4536593087dfea527414e53') in 0.205013125 seconds
Number of updated asset objects reloaded before import = 0Number of asset objects unloaded after import = 3

========================================================================
Received Prepare
Begin MonoManager ReloadAssembly
Thread 0x16ba93000 may have been prematurely finalized
Symbol file LoadedFromMemory is not a mono symbol file
- Loaded All Assemblies, in  0.968 seconds
Refreshing native plugins compatible for Editor in 1.67 ms, found 2 plugins.
Native extension for OSXStandalone target not found
Refreshing native plugins compatible for Editor in 1.47 ms, found 2 plugins.
Mono: successfully reloaded assembly
- Finished resetting the current domain, in  0.963 seconds
Domain Reload Profiling: 1932ms
	BeginReloadAssembly (328ms)
		ExecutionOrderSort (0ms)
		DisableScriptedObjects (13ms)
		BackupInstance (0ms)
		ReleaseScriptingObjects (0ms)
		CreateAndSetChildDomain (129ms)
	RebuildCommonClasses (49ms)
	RebuildNativeTypeToScriptingClass (14ms)
	initialDomainReloadingComplete (27ms)
	LoadAllAssembliesAndSetupDomain (550ms)
		LoadAssemblies (558ms)
		RebuildTransferFunctionScriptingTraits (0ms)
		AnalyzeDomain (113ms)
			TypeCache.Refresh (16ms)
				TypeCache.ScanAssembly (0ms)
			BuildScriptInfoCaches (92ms)
			ResolveRequiredComponents (3ms)
	FinalizeReload (963ms)
		ReleaseScriptCaches (0ms)
		RebuildScriptCaches (0ms)
		SetupLoadedEditorAssemblies (791ms)
			LogAssemblyErrors (0ms)
			InitializePlatformSupportModulesInManaged (3ms)
			SetLoadedEditorAssemblies (4ms)
			BeforeProcessingInitializeOnLoad (58ms)
			ProcessInitializeOnLoadAttributes (577ms)
			ProcessInitializeOnLoadMethodAttributes (146ms)
			AfterProcessingInitializeOnLoad (4ms)
			EditorAssembliesLoaded (0ms)
		ExecutionOrderSort2 (0ms)
		AwakeInstancesAfterBackupRestoration (3ms)
Refreshing native plugins compatible for Editor in 1.57 ms, found 2 plugins.
Preloading 0 native plugins for Editor in 0.00 ms.
Unloading 0 Unused Serialized files (Serialized files now loaded: 0)
Unloading 2733 unused Assets / (0.8 MB). Loaded Objects now: 3396.
Memory consumption went from 479.2 MB to 478.4 MB.
Total: 10.666416 ms (FindLiveObjects: 0.186209 ms CreateObjectMapping: 0.087833 ms MarkObjects: 9.416833 ms  DeleteObjects: 0.974792 ms)

Prepare: number of updated asset objects reloaded= 0
