Unity Editor version:    6000.0.23f1 (1c4764c07fb4)
Branch:                  6000.0/staging
Build type:              Release
Batch mode:              YES
macOS version:           Version 15.3.1 (Build 24D70)
Darwin version:          24.3.0
Architecture:            arm64
Running under Rosetta:   NO
Available memory:        16384 MB
Using pre-set license
Pro License: YES

COMMAND LINE ARGUMENTS:
/Applications/Unity/Hub/Editor/6000.0.23f1/Unity.app/Contents/MacOS/Unity
-adb2
-batchMode
-noUpm
-name
AssetImportWorker0
-projectPath
/Users/dinhhoang/Downloads/CarRacingGame
-logFile
Logs/AssetImportWorker0.log
-srvPort
61435
-job-worker-count
3
-background-job-worker-count
8
-asset-garbage-collectors
1
Successfully changed project path to: /Users/dinhhoang/Downloads/CarRacingGame
/Users/dinhhoang/Downloads/CarRacingGame
[UnityMemory] Configuration Parameters - Can be set up in boot.config
    "memorysetup-bucket-allocator-granularity=16"
    "memorysetup-bucket-allocator-bucket-count=8"
    "memorysetup-bucket-allocator-block-size=33554432"
    "memorysetup-bucket-allocator-block-count=8"
    "memorysetup-main-allocator-block-size=16777216"
    "memorysetup-thread-allocator-block-size=16777216"
    "memorysetup-gfx-main-allocator-block-size=16777216"
    "memorysetup-gfx-thread-allocator-block-size=16777216"
    "memorysetup-cache-allocator-block-size=4194304"
    "memorysetup-typetree-allocator-block-size=2097152"
    "memorysetup-profiler-bucket-allocator-granularity=16"
    "memorysetup-profiler-bucket-allocator-bucket-count=8"
    "memorysetup-profiler-bucket-allocator-block-size=33554432"
    "memorysetup-profiler-bucket-allocator-block-count=8"
    "memorysetup-profiler-allocator-block-size=16777216"
    "memorysetup-profiler-editor-allocator-block-size=1048576"
    "memorysetup-temp-allocator-size-main=16777216"
    "memorysetup-job-temp-allocator-block-size=2097152"
    "memorysetup-job-temp-allocator-block-size-background=1048576"
    "memorysetup-job-temp-allocator-reduction-small-platforms=262144"
    "memorysetup-allocator-temp-initial-block-size-main=262144"
    "memorysetup-allocator-temp-initial-block-size-worker=262144"
    "memorysetup-temp-allocator-size-background-worker=32768"
    "memorysetup-temp-allocator-size-job-worker=262144"
    "memorysetup-temp-allocator-size-preload-manager=33554432"
    "memorysetup-temp-allocator-size-nav-mesh-worker=65536"
    "memorysetup-temp-allocator-size-audio-worker=65536"
    "memorysetup-temp-allocator-size-cloud-worker=32768"
    "memorysetup-temp-allocator-size-gi-baking-worker=262144"
    "memorysetup-temp-allocator-size-gi-baking-worker=262144"
    "memorysetup-temp-allocator-size-gi-baking-worker=262144"
    "memorysetup-temp-allocator-size-gi-baking-worker=262144"
    "memorysetup-temp-allocator-size-gi-baking-worker=262144"
    "memorysetup-temp-allocator-size-gfx=262144"
Player connection [8720762944]  Target information:

Player connection [8720762944]  * "[IP] 192.168.1.196 [Port] 0 [Flags] 2 [Guid] 1787679553 [EditorId] 1787679553 [Version] 1048832 [Id] OSXEditor(0,MacBookPro) [Debug] 1 [PackageName] OSXEditor [ProjectName] Editor" 

Player connection [8720762944] Host joined multi-casting on [225.0.0.222:54997]...
Player connection [8720762944] Host joined alternative multi-casting on [225.0.0.222:34997]...
JobSystem: Creating JobQueue using job-worker-count value 3
[Physics::Module] Initialized fallback backend.
[Physics::Module] Id: 0xdecafbad
Library Redirect Path: Library/
[Physics::Module] Selected backend.
[Physics::Module] Name: PhysX
[Physics::Module] Id: 0xf2b8ea05
[Physics::Module] SDK Version: 4.1.2
[Physics::Module] Integration Version: 1.0.0
[Physics::Module] Threading Mode: Multi-Threaded
Refreshing native plugins compatible for Editor in 2.79 ms, found 2 plugins.
Preloading 0 native plugins for Editor in 0.00 ms.
Initialize engine version: 6000.0.23f1 (1c4764c07fb4)
[Subsystems] Discovering subsystems at path /Applications/Unity/Hub/Editor/6000.0.23f1/Unity.app/Contents/Resources/UnitySubsystems
[Subsystems] Discovering subsystems at path /Users/dinhhoang/Downloads/CarRacingGame/Assets
GfxDevice: creating device client; kGfxThreadingModeNonThreaded
 preferred device: Apple M1 Pro (high power)
Metal devices available: 1
0: Apple M1 Pro (high power)
Using device Apple M1 Pro (high power)
Initializing Metal device caps: Apple M1 Pro
Initialize mono
Mono path[0] = '/Applications/Unity/Hub/Editor/6000.0.23f1/Unity.app/Contents/Managed'
Mono path[1] = '/Applications/Unity/Hub/Editor/6000.0.23f1/Unity.app/Contents/MonoBleedingEdge/lib/mono/unityjit-macos'
Mono config path = '/Applications/Unity/Hub/Editor/6000.0.23f1/Unity.app/Contents/MonoBleedingEdge/etc'
Using monoOptions --debugger-agent=transport=dt_socket,embedding=1,server=y,suspend=n,address=127.0.0.1:56365
Begin MonoManager ReloadAssembly
Registering precompiled unity dll's ...
Register platform support module: /Applications/Unity/Hub/Editor/6000.0.23f1/Unity.app/Contents/PlaybackEngines/MacStandaloneSupport/UnityEditor.OSXStandalone.Extensions.dll
Registered in 0.000549 seconds.
- Loaded All Assemblies, in  0.304 seconds
Native extension for OSXStandalone target not found
Mono: successfully reloaded assembly
- Finished resetting the current domain, in  0.410 seconds
Domain Reload Profiling: 715ms
	BeginReloadAssembly (104ms)
		ExecutionOrderSort (0ms)
		DisableScriptedObjects (0ms)
		BackupInstance (0ms)
		ReleaseScriptingObjects (0ms)
		CreateAndSetChildDomain (0ms)
	RebuildCommonClasses (33ms)
	RebuildNativeTypeToScriptingClass (10ms)
	initialDomainReloadingComplete (32ms)
	LoadAllAssembliesAndSetupDomain (124ms)
		LoadAssemblies (104ms)
		RebuildTransferFunctionScriptingTraits (0ms)
		AnalyzeDomain (123ms)
			TypeCache.Refresh (122ms)
				TypeCache.ScanAssembly (111ms)
			BuildScriptInfoCaches (0ms)
			ResolveRequiredComponents (0ms)
	FinalizeReload (411ms)
		ReleaseScriptCaches (0ms)
		RebuildScriptCaches (0ms)
		SetupLoadedEditorAssemblies (378ms)
			LogAssemblyErrors (0ms)
			InitializePlatformSupportModulesInManaged (33ms)
			SetLoadedEditorAssemblies (5ms)
			BeforeProcessingInitializeOnLoad (6ms)
			ProcessInitializeOnLoadAttributes (186ms)
			ProcessInitializeOnLoadMethodAttributes (116ms)
			AfterProcessingInitializeOnLoad (33ms)
			EditorAssembliesLoaded (0ms)
		ExecutionOrderSort2 (0ms)
		AwakeInstancesAfterBackupRestoration (0ms)
========================================================================
Worker process is ready to serve import requests
Import Worker Mode flag is 0x00
Begin MonoManager ReloadAssembly
Symbol file LoadedFromMemory is not a mono symbol file
- Loaded All Assemblies, in  0.730 seconds
Refreshing native plugins compatible for Editor in 1.02 ms, found 2 plugins.
Native extension for OSXStandalone target not found
Refreshing native plugins compatible for Editor in 1.17 ms, found 2 plugins.
Mono: successfully reloaded assembly
- Finished resetting the current domain, in  0.771 seconds
Domain Reload Profiling: 1501ms
	BeginReloadAssembly (335ms)
		ExecutionOrderSort (0ms)
		DisableScriptedObjects (4ms)
		BackupInstance (0ms)
		ReleaseScriptingObjects (0ms)
		CreateAndSetChildDomain (27ms)
	RebuildCommonClasses (33ms)
	RebuildNativeTypeToScriptingClass (11ms)
	initialDomainReloadingComplete (23ms)
	LoadAllAssembliesAndSetupDomain (328ms)
		LoadAssemblies (256ms)
		RebuildTransferFunctionScriptingTraits (0ms)
		AnalyzeDomain (108ms)
			TypeCache.Refresh (83ms)
				TypeCache.ScanAssembly (70ms)
			BuildScriptInfoCaches (21ms)
			ResolveRequiredComponents (2ms)
	FinalizeReload (772ms)
		ReleaseScriptCaches (0ms)
		RebuildScriptCaches (0ms)
		SetupLoadedEditorAssemblies (620ms)
			LogAssemblyErrors (0ms)
			InitializePlatformSupportModulesInManaged (2ms)
			SetLoadedEditorAssemblies (4ms)
			BeforeProcessingInitializeOnLoad (55ms)
			ProcessInitializeOnLoadAttributes (422ms)
			ProcessInitializeOnLoadMethodAttributes (132ms)
			AfterProcessingInitializeOnLoad (5ms)
			EditorAssembliesLoaded (0ms)
		ExecutionOrderSort2 (0ms)
		AwakeInstancesAfterBackupRestoration (5ms)
Launching external process: /Applications/Unity/Hub/Editor/6000.0.23f1/Unity.app/Contents/Tools/UnityShaderCompiler
Launched and connected shader compiler UnityShaderCompiler after 0.03 seconds
Refreshing native plugins compatible for Editor in 1.09 ms, found 2 plugins.
Preloading 0 native plugins for Editor in 0.00 ms.
Unloading 11 Unused Serialized files (Serialized files now loaded: 0)
Unloading 2733 unused Assets / (438.2 KB). Loaded Objects now: 3342.
Memory consumption went from 117.4 MB to 117.0 MB.
Total: 8.436000 ms (FindLiveObjects: 0.316917 ms CreateObjectMapping: 0.070417 ms MarkObjects: 7.434584 ms  DeleteObjects: 0.613750 ms)

========================================================================
Received Prepare
Begin MonoManager ReloadAssembly
Thread 0x321087000 may have been prematurely finalized
Symbol file LoadedFromMemory is not a mono symbol file
- Loaded All Assemblies, in  0.460 seconds
Refreshing native plugins compatible for Editor in 1.30 ms, found 2 plugins.
Native extension for OSXStandalone target not found
Refreshing native plugins compatible for Editor in 1.55 ms, found 2 plugins.
Mono: successfully reloaded assembly
- Finished resetting the current domain, in  0.844 seconds
Domain Reload Profiling: 1305ms
	BeginReloadAssembly (142ms)
		ExecutionOrderSort (0ms)
		DisableScriptedObjects (8ms)
		BackupInstance (0ms)
		ReleaseScriptingObjects (0ms)
		CreateAndSetChildDomain (49ms)
	RebuildCommonClasses (35ms)
	RebuildNativeTypeToScriptingClass (10ms)
	initialDomainReloadingComplete (23ms)
	LoadAllAssembliesAndSetupDomain (250ms)
		LoadAssemblies (202ms)
		RebuildTransferFunctionScriptingTraits (0ms)
		AnalyzeDomain (96ms)
			TypeCache.Refresh (8ms)
				TypeCache.ScanAssembly (0ms)
			BuildScriptInfoCaches (84ms)
			ResolveRequiredComponents (2ms)
	FinalizeReload (845ms)
		ReleaseScriptCaches (0ms)
		RebuildScriptCaches (0ms)
		SetupLoadedEditorAssemblies (687ms)
			LogAssemblyErrors (0ms)
			InitializePlatformSupportModulesInManaged (3ms)
			SetLoadedEditorAssemblies (4ms)
			BeforeProcessingInitializeOnLoad (57ms)
			ProcessInitializeOnLoadAttributes (485ms)
			ProcessInitializeOnLoadMethodAttributes (135ms)
			AfterProcessingInitializeOnLoad (3ms)
			EditorAssembliesLoaded (0ms)
		ExecutionOrderSort2 (0ms)
		AwakeInstancesAfterBackupRestoration (3ms)
Refreshing native plugins compatible for Editor in 1.17 ms, found 2 plugins.
Preloading 0 native plugins for Editor in 0.00 ms.
Unloading 0 Unused Serialized files (Serialized files now loaded: 0)
Unloading 2731 unused Assets / (265.3 KB). Loaded Objects now: 3342.
Memory consumption went from 129.6 MB to 129.4 MB.
Total: 8.308083 ms (FindLiveObjects: 0.141542 ms CreateObjectMapping: 0.064250 ms MarkObjects: 7.660250 ms  DeleteObjects: 0.441416 ms)

Prepare: number of updated asset objects reloaded= 0
========================================================================
Received Prepare
Begin MonoManager ReloadAssembly
Thread 0x313493000 may have been prematurely finalized
Symbol file LoadedFromMemory is not a mono symbol file
- Loaded All Assemblies, in  0.513 seconds
Refreshing native plugins compatible for Editor in 1.23 ms, found 2 plugins.
Native extension for OSXStandalone target not found
Refreshing native plugins compatible for Editor in 1.31 ms, found 2 plugins.
Mono: successfully reloaded assembly
- Finished resetting the current domain, in  0.867 seconds
Domain Reload Profiling: 1381ms
	BeginReloadAssembly (198ms)
		ExecutionOrderSort (0ms)
		DisableScriptedObjects (9ms)
		BackupInstance (0ms)
		ReleaseScriptingObjects (0ms)
		CreateAndSetChildDomain (79ms)
	RebuildCommonClasses (36ms)
	RebuildNativeTypeToScriptingClass (11ms)
	initialDomainReloadingComplete (20ms)
	LoadAllAssembliesAndSetupDomain (249ms)
		LoadAssemblies (223ms)
		RebuildTransferFunctionScriptingTraits (0ms)
		AnalyzeDomain (87ms)
			TypeCache.Refresh (12ms)
				TypeCache.ScanAssembly (0ms)
			BuildScriptInfoCaches (71ms)
			ResolveRequiredComponents (3ms)
	FinalizeReload (867ms)
		ReleaseScriptCaches (0ms)
		RebuildScriptCaches (0ms)
		SetupLoadedEditorAssemblies (714ms)
			LogAssemblyErrors (0ms)
			InitializePlatformSupportModulesInManaged (2ms)
			SetLoadedEditorAssemblies (4ms)
			BeforeProcessingInitializeOnLoad (49ms)
			ProcessInitializeOnLoadAttributes (528ms)
			ProcessInitializeOnLoadMethodAttributes (129ms)
			AfterProcessingInitializeOnLoad (3ms)
			EditorAssembliesLoaded (0ms)
		ExecutionOrderSort2 (0ms)
		AwakeInstancesAfterBackupRestoration (3ms)
Refreshing native plugins compatible for Editor in 1.17 ms, found 2 plugins.
Preloading 0 native plugins for Editor in 0.00 ms.
Unloading 0 Unused Serialized files (Serialized files now loaded: 0)
Unloading 2731 unused Assets / (415.8 KB). Loaded Objects now: 3342.
Memory consumption went from 135.7 MB to 135.3 MB.
Total: 8.283083 ms (FindLiveObjects: 0.137042 ms CreateObjectMapping: 0.067875 ms MarkObjects: 7.592416 ms  DeleteObjects: 0.484875 ms)

Prepare: number of updated asset objects reloaded= 0
========================================================================
Received Import Request.
  Time since last request: 2578931.417049 seconds.
  path: Assets/Scenes/TrackSelect.unity
  artifactKey: Guid(1742e2ffb5a689b42b6cc71188681420) Importer(815301076,1909f56bfc062723c751e8b465ee728b)
Start importing Assets/Scenes/TrackSelect.unity using Guid(1742e2ffb5a689b42b6cc71188681420) Importer(815301076,1909f56bfc062723c751e8b465ee728b) (PreviewImporter) -> (artifact id: '42e3791fb9aa7122e26f2ddb0ee80875') in 0.033301833 seconds
Number of updated asset objects reloaded before import = 0Number of asset objects unloaded after import = 0

========================================================================
Received Prepare
Begin MonoManager ReloadAssembly
Thread 0x313493000 may have been prematurely finalized
Symbol file LoadedFromMemory is not a mono symbol file
- Loaded All Assemblies, in  0.557 seconds
Refreshing native plugins compatible for Editor in 0.99 ms, found 2 plugins.
Native extension for OSXStandalone target not found
Refreshing native plugins compatible for Editor in 1.27 ms, found 2 plugins.
Mono: successfully reloaded assembly
- Finished resetting the current domain, in  0.837 seconds
Domain Reload Profiling: 1395ms
	BeginReloadAssembly (195ms)
		ExecutionOrderSort (0ms)
		DisableScriptedObjects (12ms)
		BackupInstance (0ms)
		ReleaseScriptingObjects (0ms)
		CreateAndSetChildDomain (85ms)
	RebuildCommonClasses (40ms)
	RebuildNativeTypeToScriptingClass (12ms)
	initialDomainReloadingComplete (18ms)
	LoadAllAssembliesAndSetupDomain (294ms)
		LoadAssemblies (261ms)
		RebuildTransferFunctionScriptingTraits (0ms)
		AnalyzeDomain (88ms)
			TypeCache.Refresh (8ms)
				TypeCache.ScanAssembly (0ms)
			BuildScriptInfoCaches (76ms)
			ResolveRequiredComponents (2ms)
	FinalizeReload (837ms)
		ReleaseScriptCaches (0ms)
		RebuildScriptCaches (0ms)
		SetupLoadedEditorAssemblies (684ms)
			LogAssemblyErrors (0ms)
			InitializePlatformSupportModulesInManaged (2ms)
			SetLoadedEditorAssemblies (4ms)
			BeforeProcessingInitializeOnLoad (41ms)
			ProcessInitializeOnLoadAttributes (504ms)
			ProcessInitializeOnLoadMethodAttributes (129ms)
			AfterProcessingInitializeOnLoad (3ms)
			EditorAssembliesLoaded (0ms)
		ExecutionOrderSort2 (0ms)
		AwakeInstancesAfterBackupRestoration (3ms)
Refreshing native plugins compatible for Editor in 1.11 ms, found 2 plugins.
Preloading 0 native plugins for Editor in 0.00 ms.
Unloading 0 Unused Serialized files (Serialized files now loaded: 0)
Unloading 2731 unused Assets / (424.2 KB). Loaded Objects now: 3344.
Memory consumption went from 144.3 MB to 143.9 MB.
Total: 8.336375 ms (FindLiveObjects: 0.152542 ms CreateObjectMapping: 0.066291 ms MarkObjects: 7.608958 ms  DeleteObjects: 0.507708 ms)

Prepare: number of updated asset objects reloaded= 0
========================================================================
Received Prepare
Begin MonoManager ReloadAssembly
Thread 0x313493000 may have been prematurely finalized
Symbol file LoadedFromMemory is not a mono symbol file
- Loaded All Assemblies, in  0.580 seconds
Refreshing native plugins compatible for Editor in 1.17 ms, found 2 plugins.
Native extension for OSXStandalone target not found
Refreshing native plugins compatible for Editor in 1.36 ms, found 2 plugins.
Mono: successfully reloaded assembly
- Finished resetting the current domain, in  0.861 seconds
Domain Reload Profiling: 1443ms
	BeginReloadAssembly (206ms)
		ExecutionOrderSort (0ms)
		DisableScriptedObjects (10ms)
		BackupInstance (0ms)
		ReleaseScriptingObjects (0ms)
		CreateAndSetChildDomain (84ms)
	RebuildCommonClasses (38ms)
	RebuildNativeTypeToScriptingClass (11ms)
	initialDomainReloadingComplete (20ms)
	LoadAllAssembliesAndSetupDomain (305ms)
		LoadAssemblies (285ms)
		RebuildTransferFunctionScriptingTraits (0ms)
		AnalyzeDomain (90ms)
			TypeCache.Refresh (10ms)
				TypeCache.ScanAssembly (0ms)
			BuildScriptInfoCaches (76ms)
			ResolveRequiredComponents (2ms)
	FinalizeReload (862ms)
		ReleaseScriptCaches (0ms)
		RebuildScriptCaches (0ms)
		SetupLoadedEditorAssemblies (695ms)
			LogAssemblyErrors (0ms)
			InitializePlatformSupportModulesInManaged (2ms)
			SetLoadedEditorAssemblies (4ms)
			BeforeProcessingInitializeOnLoad (45ms)
			ProcessInitializeOnLoadAttributes (499ms)
			ProcessInitializeOnLoadMethodAttributes (142ms)
			AfterProcessingInitializeOnLoad (3ms)
			EditorAssembliesLoaded (0ms)
		ExecutionOrderSort2 (0ms)
		AwakeInstancesAfterBackupRestoration (3ms)
Refreshing native plugins compatible for Editor in 1.46 ms, found 2 plugins.
Preloading 0 native plugins for Editor in 0.00 ms.
Unloading 0 Unused Serialized files (Serialized files now loaded: 0)
Unloading 2731 unused Assets / (371.1 KB). Loaded Objects now: 3344.
Memory consumption went from 150.4 MB to 150.0 MB.
Total: 8.194083 ms (FindLiveObjects: 0.165416 ms CreateObjectMapping: 0.075417 ms MarkObjects: 7.499208 ms  DeleteObjects: 0.453625 ms)

Prepare: number of updated asset objects reloaded= 0
========================================================================
Received Prepare
Begin MonoManager ReloadAssembly
Thread 0x313493000 may have been prematurely finalized
Symbol file LoadedFromMemory is not a mono symbol file
- Loaded All Assemblies, in  0.506 seconds
Refreshing native plugins compatible for Editor in 2.22 ms, found 2 plugins.
Native extension for OSXStandalone target not found
Refreshing native plugins compatible for Editor in 1.27 ms, found 2 plugins.
Mono: successfully reloaded assembly
- Finished resetting the current domain, in  0.877 seconds
Domain Reload Profiling: 1385ms
	BeginReloadAssembly (210ms)
		ExecutionOrderSort (0ms)
		DisableScriptedObjects (14ms)
		BackupInstance (0ms)
		ReleaseScriptingObjects (0ms)
		CreateAndSetChildDomain (81ms)
	RebuildCommonClasses (36ms)
	RebuildNativeTypeToScriptingClass (12ms)
	initialDomainReloadingComplete (24ms)
	LoadAllAssembliesAndSetupDomain (225ms)
		LoadAssemblies (221ms)
		RebuildTransferFunctionScriptingTraits (0ms)
		AnalyzeDomain (79ms)
			TypeCache.Refresh (5ms)
				TypeCache.ScanAssembly (0ms)
			BuildScriptInfoCaches (70ms)
			ResolveRequiredComponents (2ms)
	FinalizeReload (878ms)
		ReleaseScriptCaches (0ms)
		RebuildScriptCaches (0ms)
		SetupLoadedEditorAssemblies (725ms)
			LogAssemblyErrors (0ms)
			InitializePlatformSupportModulesInManaged (2ms)
			SetLoadedEditorAssemblies (4ms)
			BeforeProcessingInitializeOnLoad (53ms)
			ProcessInitializeOnLoadAttributes (526ms)
			ProcessInitializeOnLoadMethodAttributes (137ms)
			AfterProcessingInitializeOnLoad (3ms)
			EditorAssembliesLoaded (0ms)
		ExecutionOrderSort2 (0ms)
		AwakeInstancesAfterBackupRestoration (3ms)
Refreshing native plugins compatible for Editor in 1.17 ms, found 2 plugins.
Preloading 0 native plugins for Editor in 0.00 ms.
Unloading 0 Unused Serialized files (Serialized files now loaded: 0)
Unloading 2731 unused Assets / (348.1 KB). Loaded Objects now: 3344.
Memory consumption went from 156.5 MB to 156.1 MB.
Total: 8.352750 ms (FindLiveObjects: 0.181458 ms CreateObjectMapping: 0.068667 ms MarkObjects: 7.509333 ms  DeleteObjects: 0.592875 ms)

Prepare: number of updated asset objects reloaded= 0
========================================================================
Received Prepare
Begin MonoManager ReloadAssembly
Thread 0x313493000 may have been prematurely finalized
Symbol file LoadedFromMemory is not a mono symbol file
- Loaded All Assemblies, in  0.545 seconds
Refreshing native plugins compatible for Editor in 1.14 ms, found 2 plugins.
Native extension for OSXStandalone target not found
Refreshing native plugins compatible for Editor in 1.38 ms, found 2 plugins.
Mono: successfully reloaded assembly
- Finished resetting the current domain, in  0.849 seconds
Domain Reload Profiling: 1395ms
	BeginReloadAssembly (195ms)
		ExecutionOrderSort (0ms)
		DisableScriptedObjects (8ms)
		BackupInstance (0ms)
		ReleaseScriptingObjects (0ms)
		CreateAndSetChildDomain (79ms)
	RebuildCommonClasses (34ms)
	RebuildNativeTypeToScriptingClass (11ms)
	initialDomainReloadingComplete (19ms)
	LoadAllAssembliesAndSetupDomain (287ms)
		LoadAssemblies (244ms)
		RebuildTransferFunctionScriptingTraits (0ms)
		AnalyzeDomain (106ms)
			TypeCache.Refresh (8ms)
				TypeCache.ScanAssembly (0ms)
			BuildScriptInfoCaches (95ms)
			ResolveRequiredComponents (2ms)
	FinalizeReload (849ms)
		ReleaseScriptCaches (0ms)
		RebuildScriptCaches (0ms)
		SetupLoadedEditorAssemblies (696ms)
			LogAssemblyErrors (0ms)
			InitializePlatformSupportModulesInManaged (2ms)
			SetLoadedEditorAssemblies (4ms)
			BeforeProcessingInitializeOnLoad (49ms)
			ProcessInitializeOnLoadAttributes (510ms)
			ProcessInitializeOnLoadMethodAttributes (128ms)
			AfterProcessingInitializeOnLoad (3ms)
			EditorAssembliesLoaded (0ms)
		ExecutionOrderSort2 (0ms)
		AwakeInstancesAfterBackupRestoration (3ms)
Refreshing native plugins compatible for Editor in 1.16 ms, found 2 plugins.
Preloading 0 native plugins for Editor in 0.00 ms.
Unloading 0 Unused Serialized files (Serialized files now loaded: 0)
Unloading 2731 unused Assets / (454.1 KB). Loaded Objects now: 3344.
Memory consumption went from 162.5 MB to 162.1 MB.
Total: 8.152667 ms (FindLiveObjects: 0.153959 ms CreateObjectMapping: 0.085958 ms MarkObjects: 7.424250 ms  DeleteObjects: 0.487917 ms)

Prepare: number of updated asset objects reloaded= 0
========================================================================
Received Import Request.
  Time since last request: 296.623047 seconds.
  path: Assets/Scripts/ButtonOption.cs
  artifactKey: Guid(d678fe5b0089e3b4693b9c172f6393e5) Importer(815301076,1909f56bfc062723c751e8b465ee728b)
Start importing Assets/Scripts/ButtonOption.cs using Guid(d678fe5b0089e3b4693b9c172f6393e5) Importer(815301076,1909f56bfc062723c751e8b465ee728b) (PreviewImporter) -> (artifact id: 'd2c9e432a1c9841375a60a300157af66') in 0.010636 seconds
Number of updated asset objects reloaded before import = 0Number of asset objects unloaded after import = 0

========================================================================
Received Import Request.
  Time since last request: 100.648577 seconds.
  path: Assets/Scenes/RaceArea02
  artifactKey: Guid(379c10ef3879c440e8b6cf6377191786) Importer(815301076,1909f56bfc062723c751e8b465ee728b)
Start importing Assets/Scenes/RaceArea02 using Guid(379c10ef3879c440e8b6cf6377191786) Importer(815301076,1909f56bfc062723c751e8b465ee728b) (PreviewImporter) -> (artifact id: '95b6f29d39cffd6834da4df8d34b52a2') in 0.00335 seconds
Number of updated asset objects reloaded before import = 0Number of asset objects unloaded after import = 0

========================================================================
Received Import Request.
  Time since last request: 0.694961 seconds.
  path: Assets/Scenes/RaceArea01
  artifactKey: Guid(7849e69ef422f405b8d52a8361cbcfe2) Importer(815301076,1909f56bfc062723c751e8b465ee728b)
Start importing Assets/Scenes/RaceArea01 using Guid(7849e69ef422f405b8d52a8361cbcfe2) Importer(815301076,1909f56bfc062723c751e8b465ee728b) (PreviewImporter) -> (artifact id: 'eccd848e5c44b2cba8f1e54b2077d28e') in 0.002119666 seconds
Number of updated asset objects reloaded before import = 0Number of asset objects unloaded after import = 0

========================================================================
Received Import Request.
  Time since last request: 1.063078 seconds.
  path: Assets/Scenes/RaceArea01/LightingData.asset
  artifactKey: Guid(2a1ea4d9941454af89833f4e1d7ce039) Importer(815301076,1909f56bfc062723c751e8b465ee728b)
Start importing Assets/Scenes/RaceArea01/LightingData.asset using Guid(2a1ea4d9941454af89833f4e1d7ce039) Importer(815301076,1909f56bfc062723c751e8b465ee728b) (PreviewImporter) -> (artifact id: '644fa3fe2d69a8629047cf34cea72268') in 0.082265375 seconds
Number of updated asset objects reloaded before import = 0Number of asset objects unloaded after import = 2

========================================================================
Received Import Request.
  Time since last request: 2.062712 seconds.
  path: Assets/Scenes/RaceArea01.unity
  artifactKey: Guid(2922f1561851bb74488cc275440583aa) Importer(815301076,1909f56bfc062723c751e8b465ee728b)
Start importing Assets/Scenes/RaceArea01.unity using Guid(2922f1561851bb74488cc275440583aa) Importer(815301076,1909f56bfc062723c751e8b465ee728b) (PreviewImporter) -> (artifact id: '054290ce61db15648acd836fb108c1cb') in 0.000310709 seconds
Number of updated asset objects reloaded before import = 0Number of asset objects unloaded after import = 0

========================================================================
Received Import Request.
  Time since last request: 185.662073 seconds.
  path: Assets/Scenes/RaceArea02.unity
  artifactKey: Guid(2c9ed9fd7a307074881e30ffe168e4ac) Importer(815301076,1909f56bfc062723c751e8b465ee728b)
Start importing Assets/Scenes/RaceArea02.unity using Guid(2c9ed9fd7a307074881e30ffe168e4ac) Importer(815301076,1909f56bfc062723c751e8b465ee728b) (PreviewImporter) -> (artifact id: '1249671b74422c9325b2ec9b169d3880') in 0.005635917 seconds
Number of updated asset objects reloaded before import = 0Number of asset objects unloaded after import = 0

========================================================================
Received Import Request.
  Time since last request: 1.181497 seconds.
  path: Assets/Scenes/RaceArea02/LightingData.asset
  artifactKey: Guid(589d0a837c7a7464a977502bc8e92f3b) Importer(815301076,1909f56bfc062723c751e8b465ee728b)
Start importing Assets/Scenes/RaceArea02/LightingData.asset using Guid(589d0a837c7a7464a977502bc8e92f3b) Importer(815301076,1909f56bfc062723c751e8b465ee728b) (PreviewImporter) -> (artifact id: 'ed27113f98baa9265f6d060c472405f0') in 0.0194935 seconds
Number of updated asset objects reloaded before import = 0Number of asset objects unloaded after import = 2

========================================================================
Received Import Request.
  Time since last request: 40.977764 seconds.
  path: Assets/Scenes/RaceArea01 1.unity
  artifactKey: Guid(3139a536f267643e786b600d019dab64) Importer(815301076,1909f56bfc062723c751e8b465ee728b)
Start importing Assets/Scenes/RaceArea01 1.unity using Guid(3139a536f267643e786b600d019dab64) Importer(815301076,1909f56bfc062723c751e8b465ee728b) (PreviewImporter) -> (artifact id: '9020a8f83b69d83df7eacf0b6833a933') in 0.001376625 seconds
Number of updated asset objects reloaded before import = 0Number of asset objects unloaded after import = 0

========================================================================
Received Import Request.
  Time since last request: 12.211862 seconds.
  path: Assets/Scenes/RaceArea2.unity
  artifactKey: Guid(3139a536f267643e786b600d019dab64) Importer(815301076,1909f56bfc062723c751e8b465ee728b)
Start importing Assets/Scenes/RaceArea2.unity using Guid(3139a536f267643e786b600d019dab64) Importer(815301076,1909f56bfc062723c751e8b465ee728b) (PreviewImporter) -> (artifact id: 'caae49f293e606c7139b694e1307716c') in 0.000342708 seconds
Number of updated asset objects reloaded before import = 0Number of asset objects unloaded after import = 0

========================================================================
Received Import Request.
  Time since last request: 33.463008 seconds.
  path: Assets/Scenes/Original02.unity
  artifactKey: Guid(2c9ed9fd7a307074881e30ffe168e4ac) Importer(815301076,1909f56bfc062723c751e8b465ee728b)
Start importing Assets/Scenes/Original02.unity using Guid(2c9ed9fd7a307074881e30ffe168e4ac) Importer(815301076,1909f56bfc062723c751e8b465ee728b) (PreviewImporter) -> (artifact id: '0be953ee3ca814c460ea8f964d1a89d4') in 0.000848375 seconds
Number of updated asset objects reloaded before import = 0Number of asset objects unloaded after import = 0

========================================================================
Received Import Request.
  Time since last request: 15.432659 seconds.
  path: Assets/Scenes/Original02
  artifactKey: Guid(379c10ef3879c440e8b6cf6377191786) Importer(815301076,1909f56bfc062723c751e8b465ee728b)
Start importing Assets/Scenes/Original02 using Guid(379c10ef3879c440e8b6cf6377191786) Importer(815301076,1909f56bfc062723c751e8b465ee728b) (PreviewImporter) -> (artifact id: '6236fcb10fa12f98a77db81ed7486412') in 0.003224417 seconds
Number of updated asset objects reloaded before import = 0Number of asset objects unloaded after import = 0

========================================================================
Received Import Request.
  Time since last request: 123.512383 seconds.
  path: Assets/Scenes/RaceArea01Settings.lighting
  artifactKey: Guid(0fba647f755284b608363106f7aa14bc) Importer(815301076,1909f56bfc062723c751e8b465ee728b)
Start importing Assets/Scenes/RaceArea01Settings.lighting using Guid(0fba647f755284b608363106f7aa14bc) Importer(815301076,1909f56bfc062723c751e8b465ee728b) (PreviewImporter) -> (artifact id: '18c3fe428babde850c05bcaaea1fc455') in 0.010981917 seconds
Number of updated asset objects reloaded before import = 0Number of asset objects unloaded after import = 1

========================================================================
Received Import Request.
  Time since last request: 124.488384 seconds.
  path: Assets/Scenes/TrackSelect
  artifactKey: Guid(edb9c265d54714b1aaa1fd3b252dbfc2) Importer(815301076,1909f56bfc062723c751e8b465ee728b)
Start importing Assets/Scenes/TrackSelect using Guid(edb9c265d54714b1aaa1fd3b252dbfc2) Importer(815301076,1909f56bfc062723c751e8b465ee728b) (PreviewImporter) -> (artifact id: 'a662c369304478a9a0c83a3f280f91e3') in 0.00253675 seconds
Number of updated asset objects reloaded before import = 0Number of asset objects unloaded after import = 0

========================================================================
Received Prepare
Begin MonoManager ReloadAssembly
Thread 0x313493000 may have been prematurely finalized
Symbol file LoadedFromMemory is not a mono symbol file
- Loaded All Assemblies, in  0.655 seconds
Refreshing native plugins compatible for Editor in 1.08 ms, found 2 plugins.
Native extension for OSXStandalone target not found
Refreshing native plugins compatible for Editor in 1.24 ms, found 2 plugins.
Mono: successfully reloaded assembly
- Finished resetting the current domain, in  0.826 seconds
Domain Reload Profiling: 1483ms
	BeginReloadAssembly (282ms)
		ExecutionOrderSort (0ms)
		DisableScriptedObjects (22ms)
		BackupInstance (0ms)
		ReleaseScriptingObjects (1ms)
		CreateAndSetChildDomain (89ms)
	RebuildCommonClasses (40ms)
	RebuildNativeTypeToScriptingClass (11ms)
	initialDomainReloadingComplete (20ms)
	LoadAllAssembliesAndSetupDomain (304ms)
		LoadAssemblies (331ms)
		RebuildTransferFunctionScriptingTraits (0ms)
		AnalyzeDomain (93ms)
			TypeCache.Refresh (12ms)
				TypeCache.ScanAssembly (0ms)
			BuildScriptInfoCaches (76ms)
			ResolveRequiredComponents (3ms)
	FinalizeReload (827ms)
		ReleaseScriptCaches (0ms)
		RebuildScriptCaches (0ms)
		SetupLoadedEditorAssemblies (646ms)
			LogAssemblyErrors (0ms)
			InitializePlatformSupportModulesInManaged (3ms)
			SetLoadedEditorAssemblies (4ms)
			BeforeProcessingInitializeOnLoad (44ms)
			ProcessInitializeOnLoadAttributes (454ms)
			ProcessInitializeOnLoadMethodAttributes (137ms)
			AfterProcessingInitializeOnLoad (3ms)
			EditorAssembliesLoaded (0ms)
		ExecutionOrderSort2 (0ms)
		AwakeInstancesAfterBackupRestoration (3ms)
Refreshing native plugins compatible for Editor in 1.49 ms, found 2 plugins.
Preloading 0 native plugins for Editor in 0.00 ms.
Unloading 0 Unused Serialized files (Serialized files now loaded: 0)
Unloading 2731 unused Assets / (66.0 KB). Loaded Objects now: 3345.
Memory consumption went from 168.8 MB to 168.7 MB.
Total: 8.817708 ms (FindLiveObjects: 0.183500 ms CreateObjectMapping: 0.083417 ms MarkObjects: 8.040334 ms  DeleteObjects: 0.509625 ms)

Prepare: number of updated asset objects reloaded= 0
========================================================================
Received Prepare
Begin MonoManager ReloadAssembly
Thread 0x3127c3000 may have been prematurely finalized
Symbol file LoadedFromMemory is not a mono symbol file
- Loaded All Assemblies, in  0.531 seconds
Refreshing native plugins compatible for Editor in 1.31 ms, found 2 plugins.
Native extension for OSXStandalone target not found
Refreshing native plugins compatible for Editor in 1.29 ms, found 2 plugins.
Mono: successfully reloaded assembly
- Finished resetting the current domain, in  0.804 seconds
Domain Reload Profiling: 1335ms
	BeginReloadAssembly (199ms)
		ExecutionOrderSort (0ms)
		DisableScriptedObjects (13ms)
		BackupInstance (0ms)
		ReleaseScriptingObjects (0ms)
		CreateAndSetChildDomain (78ms)
	RebuildCommonClasses (35ms)
	RebuildNativeTypeToScriptingClass (12ms)
	initialDomainReloadingComplete (18ms)
	LoadAllAssembliesAndSetupDomain (267ms)
		LoadAssemblies (241ms)
		RebuildTransferFunctionScriptingTraits (0ms)
		AnalyzeDomain (89ms)
			TypeCache.Refresh (10ms)
				TypeCache.ScanAssembly (0ms)
			BuildScriptInfoCaches (74ms)
			ResolveRequiredComponents (2ms)
	FinalizeReload (804ms)
		ReleaseScriptCaches (0ms)
		RebuildScriptCaches (0ms)
		SetupLoadedEditorAssemblies (656ms)
			LogAssemblyErrors (0ms)
			InitializePlatformSupportModulesInManaged (2ms)
			SetLoadedEditorAssemblies (4ms)
			BeforeProcessingInitializeOnLoad (40ms)
			ProcessInitializeOnLoadAttributes (477ms)
			ProcessInitializeOnLoadMethodAttributes (130ms)
			AfterProcessingInitializeOnLoad (3ms)
			EditorAssembliesLoaded (0ms)
		ExecutionOrderSort2 (0ms)
		AwakeInstancesAfterBackupRestoration (3ms)
Refreshing native plugins compatible for Editor in 1.17 ms, found 2 plugins.
Preloading 0 native plugins for Editor in 0.00 ms.
Unloading 0 Unused Serialized files (Serialized files now loaded: 0)
Unloading 2731 unused Assets / (0.6 MB). Loaded Objects now: 3345.
Memory consumption went from 174.9 MB to 174.4 MB.
Total: 8.020959 ms (FindLiveObjects: 0.132583 ms CreateObjectMapping: 0.063042 ms MarkObjects: 7.370500 ms  DeleteObjects: 0.454084 ms)

Prepare: number of updated asset objects reloaded= 0
========================================================================
Received Prepare
Begin MonoManager ReloadAssembly
Thread 0x3127c3000 may have been prematurely finalized
Symbol file LoadedFromMemory is not a mono symbol file
- Loaded All Assemblies, in  0.418 seconds
Refreshing native plugins compatible for Editor in 1.09 ms, found 2 plugins.
Native extension for OSXStandalone target not found
Refreshing native plugins compatible for Editor in 1.38 ms, found 2 plugins.
Mono: successfully reloaded assembly
- Finished resetting the current domain, in  0.809 seconds
Domain Reload Profiling: 1228ms
	BeginReloadAssembly (116ms)
		ExecutionOrderSort (0ms)
		DisableScriptedObjects (4ms)
		BackupInstance (0ms)
		ReleaseScriptingObjects (0ms)
		CreateAndSetChildDomain (45ms)
	RebuildCommonClasses (33ms)
	RebuildNativeTypeToScriptingClass (11ms)
	initialDomainReloadingComplete (15ms)
	LoadAllAssembliesAndSetupDomain (244ms)
		LoadAssemblies (200ms)
		RebuildTransferFunctionScriptingTraits (0ms)
		AnalyzeDomain (83ms)
			TypeCache.Refresh (5ms)
				TypeCache.ScanAssembly (0ms)
			BuildScriptInfoCaches (71ms)
			ResolveRequiredComponents (5ms)
	FinalizeReload (809ms)
		ReleaseScriptCaches (0ms)
		RebuildScriptCaches (0ms)
		SetupLoadedEditorAssemblies (665ms)
			LogAssemblyErrors (0ms)
			InitializePlatformSupportModulesInManaged (2ms)
			SetLoadedEditorAssemblies (4ms)
			BeforeProcessingInitializeOnLoad (52ms)
			ProcessInitializeOnLoadAttributes (480ms)
			ProcessInitializeOnLoadMethodAttributes (123ms)
			AfterProcessingInitializeOnLoad (3ms)
			EditorAssembliesLoaded (0ms)
		ExecutionOrderSort2 (0ms)
		AwakeInstancesAfterBackupRestoration (3ms)
Refreshing native plugins compatible for Editor in 1.30 ms, found 2 plugins.
Preloading 0 native plugins for Editor in 0.00 ms.
Unloading 0 Unused Serialized files (Serialized files now loaded: 0)
Unloading 2731 unused Assets / (0.7 MB). Loaded Objects now: 3345.
Memory consumption went from 181.0 MB to 180.3 MB.
Total: 7.837166 ms (FindLiveObjects: 0.163000 ms CreateObjectMapping: 0.082291 ms MarkObjects: 7.158042 ms  DeleteObjects: 0.433375 ms)

Prepare: number of updated asset objects reloaded= 0
========================================================================
Received Prepare
Begin MonoManager ReloadAssembly
Thread 0x17fdc7000 may have been prematurely finalized
Symbol file LoadedFromMemory is not a mono symbol file
- Loaded All Assemblies, in  0.523 seconds
Refreshing native plugins compatible for Editor in 1.09 ms, found 2 plugins.
Native extension for OSXStandalone target not found
Refreshing native plugins compatible for Editor in 1.22 ms, found 2 plugins.
Mono: successfully reloaded assembly
- Finished resetting the current domain, in  0.876 seconds
Domain Reload Profiling: 1400ms
	BeginReloadAssembly (181ms)
		ExecutionOrderSort (0ms)
		DisableScriptedObjects (8ms)
		BackupInstance (0ms)
		ReleaseScriptingObjects (0ms)
		CreateAndSetChildDomain (65ms)
	RebuildCommonClasses (38ms)
	RebuildNativeTypeToScriptingClass (10ms)
	initialDomainReloadingComplete (20ms)
	LoadAllAssembliesAndSetupDomain (273ms)
		LoadAssemblies (225ms)
		RebuildTransferFunctionScriptingTraits (0ms)
		AnalyzeDomain (104ms)
			TypeCache.Refresh (17ms)
				TypeCache.ScanAssembly (0ms)
			BuildScriptInfoCaches (79ms)
			ResolveRequiredComponents (3ms)
	FinalizeReload (877ms)
		ReleaseScriptCaches (0ms)
		RebuildScriptCaches (0ms)
		SetupLoadedEditorAssemblies (721ms)
			LogAssemblyErrors (0ms)
			InitializePlatformSupportModulesInManaged (4ms)
			SetLoadedEditorAssemblies (8ms)
			BeforeProcessingInitializeOnLoad (51ms)
			ProcessInitializeOnLoadAttributes (520ms)
			ProcessInitializeOnLoadMethodAttributes (135ms)
			AfterProcessingInitializeOnLoad (3ms)
			EditorAssembliesLoaded (0ms)
		ExecutionOrderSort2 (0ms)
		AwakeInstancesAfterBackupRestoration (3ms)
Refreshing native plugins compatible for Editor in 1.23 ms, found 2 plugins.
Preloading 0 native plugins for Editor in 0.00 ms.
Unloading 0 Unused Serialized files (Serialized files now loaded: 0)
Unloading 2731 unused Assets / (360.0 KB). Loaded Objects now: 3345.
Memory consumption went from 187.0 MB to 186.7 MB.
Total: 8.213041 ms (FindLiveObjects: 0.157625 ms CreateObjectMapping: 0.071667 ms MarkObjects: 7.501959 ms  DeleteObjects: 0.481000 ms)

Prepare: number of updated asset objects reloaded= 0
========================================================================
Received Import Request.
  Time since last request: 425.332367 seconds.
  path: Assets/Scenes/TrackSelect/LightingData.asset
  artifactKey: Guid(d2f3b82fb50f446fb9e7d4a56f8f25a3) Importer(815301076,1909f56bfc062723c751e8b465ee728b)
Start importing Assets/Scenes/TrackSelect/LightingData.asset using Guid(d2f3b82fb50f446fb9e7d4a56f8f25a3) Importer(815301076,1909f56bfc062723c751e8b465ee728b) (PreviewImporter) -> (artifact id: 'f6dfe45c2bbd240c19b88de589112660') in 0.053716625 seconds
Number of updated asset objects reloaded before import = 0Number of asset objects unloaded after import = 2

========================================================================
Received Import Request.
  Time since last request: 44.949837 seconds.
  path: Assets/Scenes/MainMenu/LightingData.asset
  artifactKey: Guid(0c80be88d3edf4d4f831d057420f4dc9) Importer(815301076,1909f56bfc062723c751e8b465ee728b)
Start importing Assets/Scenes/MainMenu/LightingData.asset using Guid(0c80be88d3edf4d4f831d057420f4dc9) Importer(815301076,1909f56bfc062723c751e8b465ee728b) (PreviewImporter) -> (artifact id: 'b88c649f123cb7f87b4d852170fc170b') in 0.01392875 seconds
Number of updated asset objects reloaded before import = 0Number of asset objects unloaded after import = 2

========================================================================
Received Import Request.
  Time since last request: 16.970209 seconds.
  path: Assets/Scenes/MainMenu
  artifactKey: Guid(91dc2438e9f424e4ab68eaced4630579) Importer(815301076,1909f56bfc062723c751e8b465ee728b)
Start importing Assets/Scenes/MainMenu using Guid(91dc2438e9f424e4ab68eaced4630579) Importer(815301076,1909f56bfc062723c751e8b465ee728b) (PreviewImporter) -> (artifact id: '6a8d03305572850af95635957be6993e') in 0.000474459 seconds
Number of updated asset objects reloaded before import = 0Number of asset objects unloaded after import = 0

========================================================================
Received Import Request.
  Time since last request: 0.579655 seconds.
  path: Assets/Scenes/MainMenu.unity
  artifactKey: Guid(a4d5067153844ec42b450de2f4fa2cb6) Importer(815301076,1909f56bfc062723c751e8b465ee728b)
Start importing Assets/Scenes/MainMenu.unity using Guid(a4d5067153844ec42b450de2f4fa2cb6) Importer(815301076,1909f56bfc062723c751e8b465ee728b) (PreviewImporter) -> (artifact id: 'a66adfc87ac3664f30912534dbed4bc8') in 0.00038275 seconds
Number of updated asset objects reloaded before import = 0Number of asset objects unloaded after import = 0

========================================================================
Received Prepare
Begin MonoManager ReloadAssembly
Thread 0x321847000 may have been prematurely finalized
Symbol file LoadedFromMemory is not a mono symbol file
- Loaded All Assemblies, in  0.541 seconds
Refreshing native plugins compatible for Editor in 1.09 ms, found 2 plugins.
Native extension for OSXStandalone target not found
Refreshing native plugins compatible for Editor in 1.58 ms, found 2 plugins.
Mono: successfully reloaded assembly
- Finished resetting the current domain, in  0.870 seconds
Domain Reload Profiling: 1413ms
	BeginReloadAssembly (197ms)
		ExecutionOrderSort (0ms)
		DisableScriptedObjects (23ms)
		BackupInstance (0ms)
		ReleaseScriptingObjects (0ms)
		CreateAndSetChildDomain (76ms)
	RebuildCommonClasses (35ms)
	RebuildNativeTypeToScriptingClass (11ms)
	initialDomainReloadingComplete (18ms)
	LoadAllAssembliesAndSetupDomain (282ms)
		LoadAssemblies (248ms)
		RebuildTransferFunctionScriptingTraits (0ms)
		AnalyzeDomain (94ms)
			TypeCache.Refresh (7ms)
				TypeCache.ScanAssembly (0ms)
			BuildScriptInfoCaches (82ms)
			ResolveRequiredComponents (3ms)
	FinalizeReload (870ms)
		ReleaseScriptCaches (0ms)
		RebuildScriptCaches (0ms)
		SetupLoadedEditorAssemblies (720ms)
			LogAssemblyErrors (0ms)
			InitializePlatformSupportModulesInManaged (2ms)
			SetLoadedEditorAssemblies (4ms)
			BeforeProcessingInitializeOnLoad (46ms)
			ProcessInitializeOnLoadAttributes (530ms)
			ProcessInitializeOnLoadMethodAttributes (135ms)
			AfterProcessingInitializeOnLoad (3ms)
			EditorAssembliesLoaded (0ms)
		ExecutionOrderSort2 (0ms)
		AwakeInstancesAfterBackupRestoration (3ms)
Refreshing native plugins compatible for Editor in 1.42 ms, found 2 plugins.
Preloading 0 native plugins for Editor in 0.00 ms.
Unloading 0 Unused Serialized files (Serialized files now loaded: 0)
Unloading 2731 unused Assets / (0.6 MB). Loaded Objects now: 3345.
Memory consumption went from 193.3 MB to 192.8 MB.
Total: 7.920208 ms (FindLiveObjects: 0.143875 ms CreateObjectMapping: 0.068125 ms MarkObjects: 7.310917 ms  DeleteObjects: 0.397041 ms)

Prepare: number of updated asset objects reloaded= 0
========================================================================
Received Import Request.
  Time since last request: 20.357844 seconds.
  path: Assets/New Terrain 1.asset
  artifactKey: Guid(c3489997ed4014245a938c24522c3ff3) Importer(2089858483,192608db42251d675da83286b1cce702)
Start importing Assets/New Terrain 1.asset using Guid(c3489997ed4014245a938c24522c3ff3) Importer(2089858483,192608db42251d675da83286b1cce702) (ScriptedImporter) -> (artifact id: '090baf51f7ac4ffef0db38f95164d551') in 0.09385125 seconds
Number of updated asset objects reloaded before import = 0Number of asset objects unloaded after import = 2

========================================================================
Received Import Request.
  Time since last request: 0.000060 seconds.
  path: Assets/Audio/Music/RaceFinish.mp3
  artifactKey: Guid(b6f53cbe21081e544b7e5438b8fbc588) Importer(2089858483,192608db42251d675da83286b1cce702)
Start importing Assets/Audio/Music/RaceFinish.mp3 using Guid(b6f53cbe21081e544b7e5438b8fbc588) Importer(2089858483,192608db42251d675da83286b1cce702) (ScriptedImporter) -> (artifact id: '172d819cbd305fa33b03d316879563b9') in 0.077829459 seconds
Number of updated asset objects reloaded before import = 0Number of asset objects unloaded after import = 1

========================================================================
Received Import Request.
  Time since last request: 0.000041 seconds.
  path: Assets/Classic Skybox/04/sky4_UP.jpg
  artifactKey: Guid(7972ac7574f5eaa4b8df0bf18579f358) Importer(2089858483,192608db42251d675da83286b1cce702)
Start importing Assets/Classic Skybox/04/sky4_UP.jpg using Guid(7972ac7574f5eaa4b8df0bf18579f358) Importer(2089858483,192608db42251d675da83286b1cce702) (ScriptedImporter) -> (artifact id: '3ffebee0f84a6d9595fcd82e2f74b3e6') in 0.033939042 seconds
Number of updated asset objects reloaded before import = 0Number of asset objects unloaded after import = 1

========================================================================
Received Import Request.
  Time since last request: 0.000102 seconds.
  path: Assets/Classic Skybox/01/sky1_BK.jpg
  artifactKey: Guid(8802fb6de4b85e545ac1e288ad45777a) Importer(2089858483,192608db42251d675da83286b1cce702)
Start importing Assets/Classic Skybox/01/sky1_BK.jpg using Guid(8802fb6de4b85e545ac1e288ad45777a) Importer(2089858483,192608db42251d675da83286b1cce702) (ScriptedImporter) -> (artifact id: 'eaa70507642082d98c1d62dcec367991') in 0.011037709 seconds
Number of updated asset objects reloaded before import = 0Number of asset objects unloaded after import = 1

========================================================================
Received Import Request.
  Time since last request: 0.000129 seconds.
  path: Assets/Classic Skybox/sky08.mat
  artifactKey: Guid(eca3c00ef1cc6ce45bfade23ebc4ab1e) Importer(2089858483,192608db42251d675da83286b1cce702)
Start importing Assets/Classic Skybox/sky08.mat using Guid(eca3c00ef1cc6ce45bfade23ebc4ab1e) Importer(2089858483,192608db42251d675da83286b1cce702) (ScriptedImporter) -> (artifact id: '209c15bfd65cfa6cd3bebcda5e358083') in 0.027161459 seconds
Number of updated asset objects reloaded before import = 0Number of asset objects unloaded after import = 7

========================================================================
Received Import Request.
  Time since last request: 0.000049 seconds.
  path: Assets/Materials/RedMat.mat
  artifactKey: Guid(011e43e2d58f5154e9970e14b0f404eb) Importer(2089858483,192608db42251d675da83286b1cce702)
Start importing Assets/Materials/RedMat.mat using Guid(011e43e2d58f5154e9970e14b0f404eb) Importer(2089858483,192608db42251d675da83286b1cce702) (ScriptedImporter) -> (artifact id: 'df32fb2772a28b4dc1bcf26d6ceea34e') in 0.010473125 seconds
Number of updated asset objects reloaded before import = 0Number of asset objects unloaded after import = 1

========================================================================
Received Import Request.
  Time since last request: 0.000096 seconds.
  path: Assets/Classic Skybox/06/sky6_UP.jpg
  artifactKey: Guid(ec0e2be427c01164498b4fc23c7a92a6) Importer(2089858483,192608db42251d675da83286b1cce702)
Start importing Assets/Classic Skybox/06/sky6_UP.jpg using Guid(ec0e2be427c01164498b4fc23c7a92a6) Importer(2089858483,192608db42251d675da83286b1cce702) (ScriptedImporter) -> (artifact id: '990737d4549768d769fd9eab48e8b8e8') in 0.008318541 seconds
Number of updated asset objects reloaded before import = 0Number of asset objects unloaded after import = 1

========================================================================
Received Import Request.
  Time since last request: 0.000112 seconds.
  path: Assets/Classic Skybox/sky05.mat
  artifactKey: Guid(3777c2609a2482a48a60ef07326b3646) Importer(2089858483,192608db42251d675da83286b1cce702)
Start importing Assets/Classic Skybox/sky05.mat using Guid(3777c2609a2482a48a60ef07326b3646) Importer(2089858483,192608db42251d675da83286b1cce702) (ScriptedImporter) -> (artifact id: '97c2d5635b500a4200bcb5af23151e65') in 0.017742416 seconds
Number of updated asset objects reloaded before import = 0Number of asset objects unloaded after import = 7

========================================================================
Received Import Request.
  Time since last request: 0.000097 seconds.
  path: Assets/Classic Skybox/sky13.mat
  artifactKey: Guid(43c0ad03dcb6b2a469387975f5050350) Importer(2089858483,192608db42251d675da83286b1cce702)
Start importing Assets/Classic Skybox/sky13.mat using Guid(43c0ad03dcb6b2a469387975f5050350) Importer(2089858483,192608db42251d675da83286b1cce702) (ScriptedImporter) -> (artifact id: '138a490bb02e90bd37c89338093e2230') in 0.026694833 seconds
Number of updated asset objects reloaded before import = 0Number of asset objects unloaded after import = 7

========================================================================
Received Import Request.
  Time since last request: 0.000061 seconds.
  path: Assets/Textures/Rock001_N.jpg
  artifactKey: Guid(a4ad15d087831f848a2dc6b117453dbb) Importer(2089858483,192608db42251d675da83286b1cce702)
Start importing Assets/Textures/Rock001_N.jpg using Guid(a4ad15d087831f848a2dc6b117453dbb) Importer(2089858483,192608db42251d675da83286b1cce702) (ScriptedImporter) -> (artifact id: '3928e13d9ba7897288d72a107bb23a15') in 0.009499458 seconds
Number of updated asset objects reloaded before import = 0Number of asset objects unloaded after import = 1

========================================================================
Received Import Request.
  Time since last request: 0.000095 seconds.
  path: Assets/Classic Skybox/04/sky4_FR.jpg
  artifactKey: Guid(64c242e2a9ec7654489f07c2bf36dd11) Importer(2089858483,192608db42251d675da83286b1cce702)
Start importing Assets/Classic Skybox/04/sky4_FR.jpg using Guid(64c242e2a9ec7654489f07c2bf36dd11) Importer(2089858483,192608db42251d675da83286b1cce702) (ScriptedImporter) -> (artifact id: '2cbc0ec65fddfa2df536bb80d3dcd69a') in 0.010395792 seconds
Number of updated asset objects reloaded before import = 0Number of asset objects unloaded after import = 1

========================================================================
Received Import Request.
  Time since last request: 0.000127 seconds.
  path: Assets/Classic Skybox/08/sky8_DN.jpg
  artifactKey: Guid(ca4d5b8083efae14aada76c0fc5c88fc) Importer(2089858483,192608db42251d675da83286b1cce702)
Start importing Assets/Classic Skybox/08/sky8_DN.jpg using Guid(ca4d5b8083efae14aada76c0fc5c88fc) Importer(2089858483,192608db42251d675da83286b1cce702) (ScriptedImporter) -> (artifact id: 'a16a138a5aa291114604d7c8a7ab707b') in 0.008386625 seconds
Number of updated asset objects reloaded before import = 0Number of asset objects unloaded after import = 1

========================================================================
Received Import Request.
  Time since last request: 0.000220 seconds.
  path: Assets/Classic Skybox/04/sky4_DN.jpg
  artifactKey: Guid(bdac2ab058314aa4fae76c1764a44e39) Importer(2089858483,192608db42251d675da83286b1cce702)
Start importing Assets/Classic Skybox/04/sky4_DN.jpg using Guid(bdac2ab058314aa4fae76c1764a44e39) Importer(2089858483,192608db42251d675da83286b1cce702) (ScriptedImporter) -> (artifact id: '3cf1598386299edce338ba5b81079b89') in 0.009559834 seconds
Number of updated asset objects reloaded before import = 0Number of asset objects unloaded after import = 1

========================================================================
Received Import Request.
  Time since last request: 0.000138 seconds.
  path: Assets/Classic Skybox/03/sky3_UP.jpg
  artifactKey: Guid(41154d751e1646647aaa5d480d97fd44) Importer(2089858483,192608db42251d675da83286b1cce702)
Start importing Assets/Classic Skybox/03/sky3_UP.jpg using Guid(41154d751e1646647aaa5d480d97fd44) Importer(2089858483,192608db42251d675da83286b1cce702) (ScriptedImporter) -> (artifact id: '7d1aa07dde389bce1f003b9cb4c336cc') in 0.011890917 seconds
Number of updated asset objects reloaded before import = 0Number of asset objects unloaded after import = 1

========================================================================
Received Import Request.
  Time since last request: 0.000321 seconds.
  path: Assets/Classic Skybox/07/sky7_RT.jpg
  artifactKey: Guid(9543965286a7d3e4ea9c8a1abfeb8b55) Importer(2089858483,192608db42251d675da83286b1cce702)
Start importing Assets/Classic Skybox/07/sky7_RT.jpg using Guid(9543965286a7d3e4ea9c8a1abfeb8b55) Importer(2089858483,192608db42251d675da83286b1cce702) (ScriptedImporter) -> (artifact id: '5a6280542834827f825f64604af97151') in 0.010420625 seconds
Number of updated asset objects reloaded before import = 0Number of asset objects unloaded after import = 1

========================================================================
Received Import Request.
  Time since last request: 0.000156 seconds.
  path: Assets/Scripts/LoadLapTime.cs
  artifactKey: Guid(144b66b30f8eab041a50ace2828a0572) Importer(2089858483,192608db42251d675da83286b1cce702)
Start importing Assets/Scripts/LoadLapTime.cs using Guid(144b66b30f8eab041a50ace2828a0572) Importer(2089858483,192608db42251d675da83286b1cce702) (ScriptedImporter) -> (artifact id: '29f8ef32d99bdf72927f4d4215438651') in 0.011316333 seconds
Number of updated asset objects reloaded before import = 0Number of asset objects unloaded after import = 0

========================================================================
Received Import Request.
  Time since last request: 0.000102 seconds.
  path: Assets/Scenes/RaceArea02.unity
  artifactKey: Guid(2c9ed9fd7a307074881e30ffe168e4ac) Importer(2089858483,192608db42251d675da83286b1cce702)
Start importing Assets/Scenes/RaceArea02.unity using Guid(2c9ed9fd7a307074881e30ffe168e4ac) Importer(2089858483,192608db42251d675da83286b1cce702) (ScriptedImporter) -> (artifact id: '327d8f56319aad8bb654150b92a52665') in 0.018220541 seconds
Number of updated asset objects reloaded before import = 0Number of asset objects unloaded after import = 1

========================================================================
Received Import Request.
  Time since last request: 0.000169 seconds.
  path: Assets/Classic Skybox/05/sky5_DN.jpg
  artifactKey: Guid(47c2b1a88ccc18e4d8117e4d1f00220e) Importer(2089858483,192608db42251d675da83286b1cce702)
Start importing Assets/Classic Skybox/05/sky5_DN.jpg using Guid(47c2b1a88ccc18e4d8117e4d1f00220e) Importer(2089858483,192608db42251d675da83286b1cce702) (ScriptedImporter) -> (artifact id: '7aa41e153536efce539ae1b277cb13af') in 0.008885708 seconds
Number of updated asset objects reloaded before import = 0Number of asset objects unloaded after import = 1

========================================================================
Received Import Request.
  Time since last request: 0.000088 seconds.
  path: Assets/Classic Skybox/06/sky6_DN.jpg
  artifactKey: Guid(ff89da3cb5241404aadc6fe1efa1abf7) Importer(2089858483,192608db42251d675da83286b1cce702)
Start importing Assets/Classic Skybox/06/sky6_DN.jpg using Guid(ff89da3cb5241404aadc6fe1efa1abf7) Importer(2089858483,192608db42251d675da83286b1cce702) (ScriptedImporter) -> (artifact id: '1b951f37cc3d1a985bb9de9c37fe560b') in 0.009409375 seconds
Number of updated asset objects reloaded before import = 0Number of asset objects unloaded after import = 1

========================================================================
Received Import Request.
  Time since last request: 0.000092 seconds.
  path: Assets/Classic Skybox/sky15.mat
  artifactKey: Guid(71b634fec31b38b46a30f6185273a772) Importer(2089858483,192608db42251d675da83286b1cce702)
Start importing Assets/Classic Skybox/sky15.mat using Guid(71b634fec31b38b46a30f6185273a772) Importer(2089858483,192608db42251d675da83286b1cce702) (ScriptedImporter) -> (artifact id: 'fd98e395a56f92963558545ad2935a07') in 0.019021708 seconds
Number of updated asset objects reloaded before import = 0Number of asset objects unloaded after import = 7

========================================================================
Received Import Request.
  Time since last request: 0.000046 seconds.
  path: Assets/Thumbnails/track01.PNG
  artifactKey: Guid(80f7748424762004d9a90b471ce902fa) Importer(2089858483,192608db42251d675da83286b1cce702)
Start importing Assets/Thumbnails/track01.PNG using Guid(80f7748424762004d9a90b471ce902fa) Importer(2089858483,192608db42251d675da83286b1cce702) (ScriptedImporter) -> (artifact id: 'b4ffecb62dd0d37a848611664bf7277b') in 0.105244833 seconds
Number of updated asset objects reloaded before import = 0Number of asset objects unloaded after import = 3

========================================================================
Received Import Request.
  Time since last request: 0.000122 seconds.
  path: Assets/Classic Skybox/09/sky9_FR.jpg
  artifactKey: Guid(f12fc5160dc00ee4aa7cc4e5c8fef03d) Importer(2089858483,192608db42251d675da83286b1cce702)
Start importing Assets/Classic Skybox/09/sky9_FR.jpg using Guid(f12fc5160dc00ee4aa7cc4e5c8fef03d) Importer(2089858483,192608db42251d675da83286b1cce702) (ScriptedImporter) -> (artifact id: 'e8d0b9be2dd224090dbee3632335bcce') in 0.0118685 seconds
Number of updated asset objects reloaded before import = 0Number of asset objects unloaded after import = 1

========================================================================
Received Import Request.
  Time since last request: 0.000226 seconds.
  path: Assets/Classic Skybox/10/sky10_LF.jpg
  artifactKey: Guid(5c6f49c169c6f5242a18b0945fb279cd) Importer(2089858483,192608db42251d675da83286b1cce702)
Start importing Assets/Classic Skybox/10/sky10_LF.jpg using Guid(5c6f49c169c6f5242a18b0945fb279cd) Importer(2089858483,192608db42251d675da83286b1cce702) (ScriptedImporter) -> (artifact id: '801d90fa33b89525f41aa2d106f914d5') in 0.008488709 seconds
Number of updated asset objects reloaded before import = 0Number of asset objects unloaded after import = 1

========================================================================
Received Import Request.
  Time since last request: 0.000121 seconds.
  path: Assets/Objects/Bush01/diffuse.png
  artifactKey: Guid(7630dab25f1fce64ba0a4f5ebf70952d) Importer(2089858483,192608db42251d675da83286b1cce702)
Start importing Assets/Objects/Bush01/diffuse.png using Guid(7630dab25f1fce64ba0a4f5ebf70952d) Importer(2089858483,192608db42251d675da83286b1cce702) (ScriptedImporter) -> (artifact id: 'ff1980738d79f0bcc54025d513bdbd0b') in 0.008637541 seconds
Number of updated asset objects reloaded before import = 0Number of asset objects unloaded after import = 1

========================================================================
Received Import Request.
  Time since last request: 0.000115 seconds.
  path: Assets/Classic Skybox/11/sky11_RT.jpg
  artifactKey: Guid(dd1dddf6dd8e7a54d848c6a8968fa589) Importer(2089858483,192608db42251d675da83286b1cce702)
Start importing Assets/Classic Skybox/11/sky11_RT.jpg using Guid(dd1dddf6dd8e7a54d848c6a8968fa589) Importer(2089858483,192608db42251d675da83286b1cce702) (ScriptedImporter) -> (artifact id: 'd53d69ce1d18611c61de9ad9ab69bdff') in 0.009165708 seconds
Number of updated asset objects reloaded before import = 0Number of asset objects unloaded after import = 1

========================================================================
Received Import Request.
  Time since last request: 0.000075 seconds.
  path: Assets/Classic Skybox/09/sky9_LF.jpg
  artifactKey: Guid(f859f9423433c694aa84e0d599464c9e) Importer(2089858483,192608db42251d675da83286b1cce702)
Start importing Assets/Classic Skybox/09/sky9_LF.jpg using Guid(f859f9423433c694aa84e0d599464c9e) Importer(2089858483,192608db42251d675da83286b1cce702) (ScriptedImporter) -> (artifact id: '027012f32f601d0cf16d8a89e0f93e6e') in 0.010647125 seconds
Number of updated asset objects reloaded before import = 0Number of asset objects unloaded after import = 1

========================================================================
Received Import Request.
  Time since last request: 0.000080 seconds.
  path: Assets/Classic Skybox/13/sky13_RT.jpg
  artifactKey: Guid(ef7cd91a5c47fe145a46ed45ce1c84c1) Importer(2089858483,192608db42251d675da83286b1cce702)
Start importing Assets/Classic Skybox/13/sky13_RT.jpg using Guid(ef7cd91a5c47fe145a46ed45ce1c84c1) Importer(2089858483,192608db42251d675da83286b1cce702) (ScriptedImporter) -> (artifact id: 'c4fbeb827d93f18eb6f5bb51a4dca134') in 0.009651833 seconds
Number of updated asset objects reloaded before import = 0Number of asset objects unloaded after import = 1

========================================================================
Received Import Request.
  Time since last request: 0.000085 seconds.
  path: Assets/Classic Skybox/14/sky14_DN.jpg
  artifactKey: Guid(d998c5cd83d4cae41abaed0b3719d0f7) Importer(2089858483,192608db42251d675da83286b1cce702)
Start importing Assets/Classic Skybox/14/sky14_DN.jpg using Guid(d998c5cd83d4cae41abaed0b3719d0f7) Importer(2089858483,192608db42251d675da83286b1cce702) (ScriptedImporter) -> (artifact id: '9939ae59420d392469123e5c21d4c2e3') in 0.009581916 seconds
Number of updated asset objects reloaded before import = 0Number of asset objects unloaded after import = 1

========================================================================
Received Import Request.
  Time since last request: 0.000052 seconds.
  path: Assets/Classic Skybox/09/sky9_DN.jpg
  artifactKey: Guid(52aa8947ae548ff42a700373ec29a864) Importer(2089858483,192608db42251d675da83286b1cce702)
Start importing Assets/Classic Skybox/09/sky9_DN.jpg using Guid(52aa8947ae548ff42a700373ec29a864) Importer(2089858483,192608db42251d675da83286b1cce702) (ScriptedImporter) -> (artifact id: 'c5b73b16092b73fc593541bee2244765') in 0.011603292 seconds
Number of updated asset objects reloaded before import = 0Number of asset objects unloaded after import = 1

========================================================================
Received Import Request.
  Time since last request: 0.000185 seconds.
  path: Assets/Classic Skybox/11/sky11_DN.jpg
  artifactKey: Guid(5b9f77c0ac0d42545a0c92da740818b0) Importer(2089858483,192608db42251d675da83286b1cce702)
Start importing Assets/Classic Skybox/11/sky11_DN.jpg using Guid(5b9f77c0ac0d42545a0c92da740818b0) Importer(2089858483,192608db42251d675da83286b1cce702) (ScriptedImporter) -> (artifact id: 'c731291b5b2dfb9187c3f2b9a13c1681') in 0.014550791 seconds
Number of updated asset objects reloaded before import = 0Number of asset objects unloaded after import = 1

========================================================================
Received Import Request.
  Time since last request: 0.000091 seconds.
  path: Assets/Classic Skybox/12/sky12_DN.jpg
  artifactKey: Guid(223b8b2a58527014fb42da76e6e30b21) Importer(2089858483,192608db42251d675da83286b1cce702)
Start importing Assets/Classic Skybox/12/sky12_DN.jpg using Guid(223b8b2a58527014fb42da76e6e30b21) Importer(2089858483,192608db42251d675da83286b1cce702) (ScriptedImporter) -> (artifact id: 'c8abbd030d4e862f3b7cf3863eafdc5e') in 0.00859775 seconds
Number of updated asset objects reloaded before import = 0Number of asset objects unloaded after import = 1

========================================================================
Received Import Request.
  Time since last request: 0.000104 seconds.
  path: Assets/Classic Skybox/12/sky12_BK.jpg
  artifactKey: Guid(67fe4f6de2a7f2e4dbd62ff499f9000e) Importer(2089858483,192608db42251d675da83286b1cce702)
Start importing Assets/Classic Skybox/12/sky12_BK.jpg using Guid(67fe4f6de2a7f2e4dbd62ff499f9000e) Importer(2089858483,192608db42251d675da83286b1cce702) (ScriptedImporter) -> (artifact id: 'f9263f56b8127065d950ccceec043084') in 0.008350459 seconds
Number of updated asset objects reloaded before import = 0Number of asset objects unloaded after import = 1

========================================================================
Received Import Request.
  Time since last request: 0.000310 seconds.
  path: Assets/Classic Skybox/06/sky6_BK.jpg
  artifactKey: Guid(f4f3eff1f88293046923e33fe111b23a) Importer(2089858483,192608db42251d675da83286b1cce702)
Start importing Assets/Classic Skybox/06/sky6_BK.jpg using Guid(f4f3eff1f88293046923e33fe111b23a) Importer(2089858483,192608db42251d675da83286b1cce702) (ScriptedImporter) -> (artifact id: 'fe7be711dcce7c57ba812abd60ea7e66') in 0.009542417 seconds
Number of updated asset objects reloaded before import = 0Number of asset objects unloaded after import = 1

========================================================================
Received Import Request.
  Time since last request: 0.000115 seconds.
  path: Assets/Classic Skybox/sky11.mat
  artifactKey: Guid(3cb99744b6248e54b8c0b0fb36aabbc7) Importer(2089858483,192608db42251d675da83286b1cce702)
Start importing Assets/Classic Skybox/sky11.mat using Guid(3cb99744b6248e54b8c0b0fb36aabbc7) Importer(2089858483,192608db42251d675da83286b1cce702) (ScriptedImporter) -> (artifact id: 'ec345236c6b13a5c0e4d5706c69e4b7c') in 0.020355083 seconds
Number of updated asset objects reloaded before import = 0Number of asset objects unloaded after import = 7

========================================================================
Received Import Request.
  Time since last request: 0.000078 seconds.
  path: Assets/Scenes/RaceArea01.unity
  artifactKey: Guid(2922f1561851bb74488cc275440583aa) Importer(2089858483,192608db42251d675da83286b1cce702)
Start importing Assets/Scenes/RaceArea01.unity using Guid(2922f1561851bb74488cc275440583aa) Importer(2089858483,192608db42251d675da83286b1cce702) (ScriptedImporter) -> (artifact id: '535d8e9c1e1896d3378efa2b3af9adcc') in 0.021744833 seconds
Number of updated asset objects reloaded before import = 0Number of asset objects unloaded after import = 1

========================================================================
Received Import Request.
  Time since last request: 0.000073 seconds.
  path: Assets/Scenes/TrackSelect.unity
  artifactKey: Guid(1742e2ffb5a689b42b6cc71188681420) Importer(2089858483,192608db42251d675da83286b1cce702)
Start importing Assets/Scenes/TrackSelect.unity using Guid(1742e2ffb5a689b42b6cc71188681420) Importer(2089858483,192608db42251d675da83286b1cce702) (ScriptedImporter) -> (artifact id: 'd30d8fbddbd6cddf78edfe231ba1f91c') in 0.004910208 seconds
Number of updated asset objects reloaded before import = 0Number of asset objects unloaded after import = 1

========================================================================
Received Import Request.
  Time since last request: 0.000098 seconds.
  path: Assets/Scripts/LapTimeManager.cs
  artifactKey: Guid(a602fe0cacc903045bcc391ba8cb7277) Importer(2089858483,192608db42251d675da83286b1cce702)
Start importing Assets/Scripts/LapTimeManager.cs using Guid(a602fe0cacc903045bcc391ba8cb7277) Importer(2089858483,192608db42251d675da83286b1cce702) (ScriptedImporter) -> (artifact id: '5580db1dbe5d5f9cccc10126c80fd133') in 0.002401458 seconds
Number of updated asset objects reloaded before import = 0Number of asset objects unloaded after import = 0

========================================================================
Received Import Request.
  Time since last request: 0.000094 seconds.
  path: Assets/Scripts/CameraChange.cs
  artifactKey: Guid(1eea9b89e06997c4e9df5288a98a08c9) Importer(2089858483,192608db42251d675da83286b1cce702)
Start importing Assets/Scripts/CameraChange.cs using Guid(1eea9b89e06997c4e9df5288a98a08c9) Importer(2089858483,192608db42251d675da83286b1cce702) (ScriptedImporter) -> (artifact id: '7f29a7fd4fd6bbba5daed7b5a269321d') in 0.002170667 seconds
Number of updated asset objects reloaded before import = 0Number of asset objects unloaded after import = 0

========================================================================
Received Import Request.
  Time since last request: 0.000117 seconds.
  path: Assets/Classic Skybox/04/sky4_LF.jpg
  artifactKey: Guid(4d56378a5285b2541807e24c084010af) Importer(2089858483,192608db42251d675da83286b1cce702)
Start importing Assets/Classic Skybox/04/sky4_LF.jpg using Guid(4d56378a5285b2541807e24c084010af) Importer(2089858483,192608db42251d675da83286b1cce702) (ScriptedImporter) -> (artifact id: '8ca937f9b39150d56d2a43a8a7557826') in 0.007852 seconds
Number of updated asset objects reloaded before import = 0Number of asset objects unloaded after import = 1

========================================================================
Received Import Request.
  Time since last request: 0.000189 seconds.
  path: Assets/Scripts/CarControlActive.js
  artifactKey: Guid(3cbf1eea116434c429e1342943dafb24) Importer(2089858483,192608db42251d675da83286b1cce702)
Start importing Assets/Scripts/CarControlActive.js using Guid(3cbf1eea116434c429e1342943dafb24) Importer(2089858483,192608db42251d675da83286b1cce702) (ScriptedImporter) -> (artifact id: '90e102a26c463f3f3f61221025dc1184') in 0.003403625 seconds
Number of updated asset objects reloaded before import = 0Number of asset objects unloaded after import = 1

========================================================================
Received Import Request.
  Time since last request: 0.000291 seconds.
  path: Assets/Scripts/HalfPointTrigger.cs
  artifactKey: Guid(a1bd1460bbefe4e45ae5f5a1aa5c004a) Importer(2089858483,192608db42251d675da83286b1cce702)
Start importing Assets/Scripts/HalfPointTrigger.cs using Guid(a1bd1460bbefe4e45ae5f5a1aa5c004a) Importer(2089858483,192608db42251d675da83286b1cce702) (ScriptedImporter) -> (artifact id: 'b79e4089bf2440974d90b48d8c53c0d5') in 0.002317375 seconds
Number of updated asset objects reloaded before import = 0Number of asset objects unloaded after import = 0

========================================================================
Received Import Request.
  Time since last request: 0.000129 seconds.
  path: Assets/Classic Skybox/08/sky8_LF.jpg
  artifactKey: Guid(890efc1bb2227914e919f1efe4912101) Importer(2089858483,192608db42251d675da83286b1cce702)
Start importing Assets/Classic Skybox/08/sky8_LF.jpg using Guid(890efc1bb2227914e919f1efe4912101) Importer(2089858483,192608db42251d675da83286b1cce702) (ScriptedImporter) -> (artifact id: '956e979b5a470db4cbccd18fb8bf3d5a') in 0.008750375 seconds
Number of updated asset objects reloaded before import = 0Number of asset objects unloaded after import = 1

========================================================================
Received Import Request.
  Time since last request: 0.000089 seconds.
  path: Assets/Classic Skybox/05/sky5_UP.jpg
  artifactKey: Guid(f78f0fc46a475ef43b2ab727f16589e1) Importer(2089858483,192608db42251d675da83286b1cce702)
Start importing Assets/Classic Skybox/05/sky5_UP.jpg using Guid(f78f0fc46a475ef43b2ab727f16589e1) Importer(2089858483,192608db42251d675da83286b1cce702) (ScriptedImporter) -> (artifact id: 'c15798b0e14235c2d7d3547d7b8c2ac9') in 0.008061084 seconds
Number of updated asset objects reloaded before import = 0Number of asset objects unloaded after import = 1

========================================================================
Received Import Request.
  Time since last request: 0.000154 seconds.
  path: Assets/Classic Skybox/06/sky6_LF.jpg
  artifactKey: Guid(fe274b3b02aac574c8c9813a54ccdf1d) Importer(2089858483,192608db42251d675da83286b1cce702)
Start importing Assets/Classic Skybox/06/sky6_LF.jpg using Guid(fe274b3b02aac574c8c9813a54ccdf1d) Importer(2089858483,192608db42251d675da83286b1cce702) (ScriptedImporter) -> (artifact id: '773443a27d513c7a343ef4c2e5e87ee7') in 0.00902225 seconds
Number of updated asset objects reloaded before import = 0Number of asset objects unloaded after import = 1

========================================================================
Received Import Request.
  Time since last request: 0.000077 seconds.
  path: Assets/Classic Skybox/14/sky14_FR.jpg
  artifactKey: Guid(4dcdffe218b75434bb477ccb4a5b80c1) Importer(2089858483,192608db42251d675da83286b1cce702)
Start importing Assets/Classic Skybox/14/sky14_FR.jpg using Guid(4dcdffe218b75434bb477ccb4a5b80c1) Importer(2089858483,192608db42251d675da83286b1cce702) (ScriptedImporter) -> (artifact id: 'f75f0161605cc8559eb2e0105682379a') in 0.009498709 seconds
Number of updated asset objects reloaded before import = 0Number of asset objects unloaded after import = 1

========================================================================
Received Import Request.
  Time since last request: 0.000122 seconds.
  path: Assets/Resources/BillingMode.json
  artifactKey: Guid(63034ee4e662445d0b9abeea2b2b5c6d) Importer(2089858483,192608db42251d675da83286b1cce702)
Start importing Assets/Resources/BillingMode.json using Guid(63034ee4e662445d0b9abeea2b2b5c6d) Importer(2089858483,192608db42251d675da83286b1cce702) (ScriptedImporter) -> (artifact id: 'b2e34774173a1926b6a145fac895e374') in 0.00218475 seconds
Number of updated asset objects reloaded before import = 0Number of asset objects unloaded after import = 1

========================================================================
Received Import Request.
  Time since last request: 0.000259 seconds.
  path: Assets/Classic Skybox/sky07.mat
  artifactKey: Guid(29d2bb922f79ece4c90867d92e25976e) Importer(2089858483,192608db42251d675da83286b1cce702)
Start importing Assets/Classic Skybox/sky07.mat using Guid(29d2bb922f79ece4c90867d92e25976e) Importer(2089858483,192608db42251d675da83286b1cce702) (ScriptedImporter) -> (artifact id: 'f00c1ae6c486cd9cd58206107fb41719') in 0.021718833 seconds
Number of updated asset objects reloaded before import = 0Number of asset objects unloaded after import = 7

========================================================================
Received Import Request.
  Time since last request: 0.000043 seconds.
  path: Assets/Classic Skybox/07/sky7_DN.jpg
  artifactKey: Guid(e490c0eb02f709349bacfbabf7347fd9) Importer(2089858483,192608db42251d675da83286b1cce702)
Start importing Assets/Classic Skybox/07/sky7_DN.jpg using Guid(e490c0eb02f709349bacfbabf7347fd9) Importer(2089858483,192608db42251d675da83286b1cce702) (ScriptedImporter) -> (artifact id: '8557ddd172176bb62d547c5260d25a15') in 0.009511083 seconds
Number of updated asset objects reloaded before import = 0Number of asset objects unloaded after import = 1

========================================================================
Received Import Request.
  Time since last request: 0.000098 seconds.
  path: Assets/Classic Skybox/09/sky9_RT.jpg
  artifactKey: Guid(66a3b9a7544f7974e99070b93ff31dc3) Importer(2089858483,192608db42251d675da83286b1cce702)
Start importing Assets/Classic Skybox/09/sky9_RT.jpg using Guid(66a3b9a7544f7974e99070b93ff31dc3) Importer(2089858483,192608db42251d675da83286b1cce702) (ScriptedImporter) -> (artifact id: '3d35170c9f5dde10da487b32658e2f05') in 0.009669083 seconds
Number of updated asset objects reloaded before import = 0Number of asset objects unloaded after import = 1

========================================================================
Received Import Request.
  Time since last request: 0.000149 seconds.
  path: Assets/Classic Skybox/07/sky7_UP.jpg
  artifactKey: Guid(4811c98ef312f914896457af26e85471) Importer(2089858483,192608db42251d675da83286b1cce702)
Start importing Assets/Classic Skybox/07/sky7_UP.jpg using Guid(4811c98ef312f914896457af26e85471) Importer(2089858483,192608db42251d675da83286b1cce702) (ScriptedImporter) -> (artifact id: '210f72286152e5037a7a12a5bad4c695') in 0.009853333 seconds
Number of updated asset objects reloaded before import = 0Number of asset objects unloaded after import = 1

========================================================================
Received Import Request.
  Time since last request: 0.000130 seconds.
  path: Assets/Classic Skybox/03/sky3_LF.jpg
  artifactKey: Guid(d3139b8fb0c6e3940891e1e11fd88dd2) Importer(2089858483,192608db42251d675da83286b1cce702)
Start importing Assets/Classic Skybox/03/sky3_LF.jpg using Guid(d3139b8fb0c6e3940891e1e11fd88dd2) Importer(2089858483,192608db42251d675da83286b1cce702) (ScriptedImporter) -> (artifact id: '3df4ef1a9ceec30d06c0cc26e5af01b0') in 0.009465 seconds
Number of updated asset objects reloaded before import = 0Number of asset objects unloaded after import = 1

========================================================================
Received Import Request.
  Time since last request: 0.000104 seconds.
  path: Assets/Classic Skybox/11/sky11_BK.jpg
  artifactKey: Guid(2edbc9ea6b7c88e428869691a7835a1f) Importer(2089858483,192608db42251d675da83286b1cce702)
Start importing Assets/Classic Skybox/11/sky11_BK.jpg using Guid(2edbc9ea6b7c88e428869691a7835a1f) Importer(2089858483,192608db42251d675da83286b1cce702) (ScriptedImporter) -> (artifact id: '4553d099b15033e5d227b0699326ae50') in 0.008994 seconds
Number of updated asset objects reloaded before import = 0Number of asset objects unloaded after import = 1

========================================================================
Received Import Request.
  Time since last request: 0.000165 seconds.
  path: Assets/Classic Skybox/05/sky5_FR.jpg
  artifactKey: Guid(3178078491426844ba9d478a96294889) Importer(2089858483,192608db42251d675da83286b1cce702)
Start importing Assets/Classic Skybox/05/sky5_FR.jpg using Guid(3178078491426844ba9d478a96294889) Importer(2089858483,192608db42251d675da83286b1cce702) (ScriptedImporter) -> (artifact id: '21abb3e9e32f416581da08a54d9993ff') in 0.008038875 seconds
Number of updated asset objects reloaded before import = 0Number of asset objects unloaded after import = 1

========================================================================
Received Import Request.
  Time since last request: 0.000107 seconds.
  path: Assets/Classic Skybox/11/sky11_UP.jpg
  artifactKey: Guid(ad479bf13d783214dad9ad1a6400af2f) Importer(2089858483,192608db42251d675da83286b1cce702)
Start importing Assets/Classic Skybox/11/sky11_UP.jpg using Guid(ad479bf13d783214dad9ad1a6400af2f) Importer(2089858483,192608db42251d675da83286b1cce702) (ScriptedImporter) -> (artifact id: '671762e2d0f96e8f7df1c46aabc32ca9') in 0.008127209 seconds
Number of updated asset objects reloaded before import = 0Number of asset objects unloaded after import = 1

========================================================================
Received Import Request.
  Time since last request: 0.000116 seconds.
  path: Assets/Scenes/RaceArea01Settings.lighting
  artifactKey: Guid(0fba647f755284b608363106f7aa14bc) Importer(2089858483,192608db42251d675da83286b1cce702)
Start importing Assets/Scenes/RaceArea01Settings.lighting using Guid(0fba647f755284b608363106f7aa14bc) Importer(2089858483,192608db42251d675da83286b1cce702) (ScriptedImporter) -> (artifact id: '0617d687fe7b789782d47c96538e03ee') in 0.010221292 seconds
Number of updated asset objects reloaded before import = 0Number of asset objects unloaded after import = 1

========================================================================
Received Import Request.
  Time since last request: 0.000152 seconds.
  path: Assets/Scripts/ButtonOption.cs
  artifactKey: Guid(d678fe5b0089e3b4693b9c172f6393e5) Importer(2089858483,192608db42251d675da83286b1cce702)
Start importing Assets/Scripts/ButtonOption.cs using Guid(d678fe5b0089e3b4693b9c172f6393e5) Importer(2089858483,192608db42251d675da83286b1cce702) (ScriptedImporter) -> (artifact id: '1c4dd452693596f0af71ca7a05abcda2') in 0.00219175 seconds
Number of updated asset objects reloaded before import = 0Number of asset objects unloaded after import = 0

========================================================================
Received Import Request.
  Time since last request: 0.000117 seconds.
  path: Assets/Objects/Bush01/Bush.prefab
  artifactKey: Guid(558ed0da307a22949bfed6a2f580e7d6) Importer(2089858483,192608db42251d675da83286b1cce702)
Start importing Assets/Objects/Bush01/Bush.prefab using Guid(558ed0da307a22949bfed6a2f580e7d6) Importer(2089858483,192608db42251d675da83286b1cce702) (ScriptedImporter) -> (artifact id: '8a10bccf3f2bea9c55ba810bcb1b14a3') in 0.045964292 seconds
Number of updated asset objects reloaded before import = 0Number of asset objects unloaded after import = 15

========================================================================
Received Import Request.
  Time since last request: 0.000043 seconds.
  path: Assets/Classic Skybox/14/sky14_BK.jpg
  artifactKey: Guid(93bffa7cd22778b4ea21df9c78eb866b) Importer(2089858483,192608db42251d675da83286b1cce702)
Start importing Assets/Classic Skybox/14/sky14_BK.jpg using Guid(93bffa7cd22778b4ea21df9c78eb866b) Importer(2089858483,192608db42251d675da83286b1cce702) (ScriptedImporter) -> (artifact id: '38fb96ed18750576a6303b09e71a4551') in 0.0096605 seconds
Number of updated asset objects reloaded before import = 0Number of asset objects unloaded after import = 1

========================================================================
Received Import Request.
  Time since last request: 0.000212 seconds.
  path: Assets/Textures/Grass001.jpg
  artifactKey: Guid(c99c8f7ebf1d6ee448c241fbbe31c285) Importer(2089858483,192608db42251d675da83286b1cce702)
Start importing Assets/Textures/Grass001.jpg using Guid(c99c8f7ebf1d6ee448c241fbbe31c285) Importer(2089858483,192608db42251d675da83286b1cce702) (ScriptedImporter) -> (artifact id: '6545207fdbc28887bf6114e4aa969705') in 0.008737125 seconds
Number of updated asset objects reloaded before import = 0Number of asset objects unloaded after import = 1

========================================================================
Received Import Request.
  Time since last request: 0.000090 seconds.
  path: Assets/Classic Skybox/13/sky13_FR.jpg
  artifactKey: Guid(ea51c7762a616e24f9d9a3b2746a6cc5) Importer(2089858483,192608db42251d675da83286b1cce702)
Start importing Assets/Classic Skybox/13/sky13_FR.jpg using Guid(ea51c7762a616e24f9d9a3b2746a6cc5) Importer(2089858483,192608db42251d675da83286b1cce702) (ScriptedImporter) -> (artifact id: 'cba62c52e28eb31d2c1031bdc630daeb') in 0.009172917 seconds
Number of updated asset objects reloaded before import = 0Number of asset objects unloaded after import = 1

========================================================================
Received Import Request.
  Time since last request: 0.000061 seconds.
  path: Assets/Classic Skybox/06/sky6_FR.jpg
  artifactKey: Guid(76c215f027cfa8846837fe20880d5114) Importer(2089858483,192608db42251d675da83286b1cce702)
Start importing Assets/Classic Skybox/06/sky6_FR.jpg using Guid(76c215f027cfa8846837fe20880d5114) Importer(2089858483,192608db42251d675da83286b1cce702) (ScriptedImporter) -> (artifact id: '9ab504d21de5d06879b69e70c59a5c41') in 0.008203125 seconds
Number of updated asset objects reloaded before import = 0Number of asset objects unloaded after import = 1

========================================================================
Received Import Request.
  Time since last request: 0.000076 seconds.
  path: Assets/Classic Skybox/08/sky8_FR.jpg
  artifactKey: Guid(8a16c944a51e675438cb40bc30e12e77) Importer(2089858483,192608db42251d675da83286b1cce702)
Start importing Assets/Classic Skybox/08/sky8_FR.jpg using Guid(8a16c944a51e675438cb40bc30e12e77) Importer(2089858483,192608db42251d675da83286b1cce702) (ScriptedImporter) -> (artifact id: '62252c607497def124bab0c0388bd5fe') in 0.009521958 seconds
Number of updated asset objects reloaded before import = 0Number of asset objects unloaded after import = 1

========================================================================
Received Import Request.
  Time since last request: 0.000117 seconds.
  path: Assets/Classic Skybox/sky09.mat
  artifactKey: Guid(45393aeb3a23e41448c136a05980c848) Importer(2089858483,192608db42251d675da83286b1cce702)
Start importing Assets/Classic Skybox/sky09.mat using Guid(45393aeb3a23e41448c136a05980c848) Importer(2089858483,192608db42251d675da83286b1cce702) (ScriptedImporter) -> (artifact id: 'baf3661100dbc90c0d047da921af4f7a') in 0.012572125 seconds
Number of updated asset objects reloaded before import = 0Number of asset objects unloaded after import = 7

========================================================================
Received Import Request.
  Time since last request: 0.000049 seconds.
  path: Assets/Classic Skybox/10/sky10_BK.jpg
  artifactKey: Guid(4ca59d6c5428b5843ae50ad392a61146) Importer(2089858483,192608db42251d675da83286b1cce702)
Start importing Assets/Classic Skybox/10/sky10_BK.jpg using Guid(4ca59d6c5428b5843ae50ad392a61146) Importer(2089858483,192608db42251d675da83286b1cce702) (ScriptedImporter) -> (artifact id: '1249f697ccaeb71b4e933124aa727614') in 0.008508083 seconds
Number of updated asset objects reloaded before import = 0Number of asset objects unloaded after import = 1

========================================================================
Received Import Request.
  Time since last request: 0.000141 seconds.
  path: Assets/Classic Skybox/07/sky7_LF.jpg
  artifactKey: Guid(50045828000b016489c63a346c778793) Importer(2089858483,192608db42251d675da83286b1cce702)
Start importing Assets/Classic Skybox/07/sky7_LF.jpg using Guid(50045828000b016489c63a346c778793) Importer(2089858483,192608db42251d675da83286b1cce702) (ScriptedImporter) -> (artifact id: 'f78056d186e8ac42144fadd497f36c67') in 0.008242292 seconds
Number of updated asset objects reloaded before import = 0Number of asset objects unloaded after import = 1

========================================================================
Received Import Request.
  Time since last request: 0.000083 seconds.
  path: Assets/Classic Skybox/08/sky8_UP.jpg
  artifactKey: Guid(46d4f698cb9102d4ca07010f05ca2fc1) Importer(2089858483,192608db42251d675da83286b1cce702)
Start importing Assets/Classic Skybox/08/sky8_UP.jpg using Guid(46d4f698cb9102d4ca07010f05ca2fc1) Importer(2089858483,192608db42251d675da83286b1cce702) (ScriptedImporter) -> (artifact id: 'ba4f38b67b4ec504f596f90bfbdcb494') in 0.009280333 seconds
Number of updated asset objects reloaded before import = 0Number of asset objects unloaded after import = 1

========================================================================
Received Import Request.
  Time since last request: 0.000095 seconds.
  path: Assets/Scripts/FinishRotate.cs
  artifactKey: Guid(47aeba967bb8dd6469e10ccb01ceeb96) Importer(2089858483,192608db42251d675da83286b1cce702)
Start importing Assets/Scripts/FinishRotate.cs using Guid(47aeba967bb8dd6469e10ccb01ceeb96) Importer(2089858483,192608db42251d675da83286b1cce702) (ScriptedImporter) -> (artifact id: '6a21e7643cb38f03ef9795b8e3fa7988') in 0.002313125 seconds
Number of updated asset objects reloaded before import = 0Number of asset objects unloaded after import = 0

========================================================================
Received Import Request.
  Time since last request: 0.000132 seconds.
  path: Assets/Scenes/RaceArea01/ReflectionProbe-0.exr
  artifactKey: Guid(d92da63b09c5245b5867704989e2512f) Importer(2089858483,192608db42251d675da83286b1cce702)
Start importing Assets/Scenes/RaceArea01/ReflectionProbe-0.exr using Guid(d92da63b09c5245b5867704989e2512f) Importer(2089858483,192608db42251d675da83286b1cce702) (ScriptedImporter) -> (artifact id: '7e3210c77e92b7eaf402bb2f033cc7f4') in 0.010180166 seconds
Number of updated asset objects reloaded before import = 0Number of asset objects unloaded after import = 1

========================================================================
Received Import Request.
  Time since last request: 0.000092 seconds.
  path: Assets/Standard Assets/CrossPlatformInput/Prefabs/MobileAircraftControls.prefab
  artifactKey: Guid(3369231b1ed7ad34e84d9240a571db81) Importer(2089858483,192608db42251d675da83286b1cce702)
Start importing Assets/Standard Assets/CrossPlatformInput/Prefabs/MobileAircraftControls.prefab using Guid(3369231b1ed7ad34e84d9240a571db81) Importer(2089858483,192608db42251d675da83286b1cce702) (ScriptedImporter) -> (artifact id: '8322685153f49419c4be0dcb28a2a65d') in 0.030435875 seconds
Number of updated asset objects reloaded before import = 0Number of asset objects unloaded after import = 56

========================================================================
Received Import Request.
  Time since last request: 0.000045 seconds.
  path: Assets/Standard Assets/CrossPlatformInput/Scripts/PlatformSpecific/MobileInput.cs
  artifactKey: Guid(9703d53e47195aa4190acd11369ccd1b) Importer(2089858483,192608db42251d675da83286b1cce702)
Start importing Assets/Standard Assets/CrossPlatformInput/Scripts/PlatformSpecific/MobileInput.cs using Guid(9703d53e47195aa4190acd11369ccd1b) Importer(2089858483,192608db42251d675da83286b1cce702) (ScriptedImporter) -> (artifact id: '68447baad18418c36850da99bc6b1510') in 0.002668834 seconds
Number of updated asset objects reloaded before import = 0Number of asset objects unloaded after import = 0

========================================================================
Received Import Request.
  Time since last request: 0.000131 seconds.
  path: Assets/Standard Assets/Vehicles/Car/Materials/SkyCarLightCoversGrey.mat
  artifactKey: Guid(bf5faaa3a8e23de45bf1350be2893dd7) Importer(2089858483,192608db42251d675da83286b1cce702)
Start importing Assets/Standard Assets/Vehicles/Car/Materials/SkyCarLightCoversGrey.mat using Guid(bf5faaa3a8e23de45bf1350be2893dd7) Importer(2089858483,192608db42251d675da83286b1cce702) (ScriptedImporter) -> (artifact id: 'd79515a7d78ac9a10ecd6e5d5e3a1e69') in 0.008300042 seconds
Number of updated asset objects reloaded before import = 0Number of asset objects unloaded after import = 2

========================================================================
Received Import Request.
  Time since last request: 0.001286 seconds.
  path: Assets/Standard Assets/CrossPlatformInput/Sprites/ButtonThumbstickUpSprite.png
  artifactKey: Guid(9866a92691696b346901281f2b329034) Importer(2089858483,192608db42251d675da83286b1cce702)
Start importing Assets/Standard Assets/CrossPlatformInput/Sprites/ButtonThumbstickUpSprite.png using Guid(9866a92691696b346901281f2b329034) Importer(2089858483,192608db42251d675da83286b1cce702) (ScriptedImporter) -> (artifact id: '78b11209372fe0c3ddd4ebea43b77930') in 0.010574 seconds
Number of updated asset objects reloaded before import = 0Number of asset objects unloaded after import = 3

========================================================================
Received Import Request.
  Time since last request: 0.000108 seconds.
  path: Assets/Objects/Bush01/translucency_gloss.png
  artifactKey: Guid(dff86183bc93dc24d853bc689c39adad) Importer(2089858483,192608db42251d675da83286b1cce702)
Start importing Assets/Objects/Bush01/translucency_gloss.png using Guid(dff86183bc93dc24d853bc689c39adad) Importer(2089858483,192608db42251d675da83286b1cce702) (ScriptedImporter) -> (artifact id: '2c176579bda123a9155af19f911da8ec') in 0.009876875 seconds
Number of updated asset objects reloaded before import = 0Number of asset objects unloaded after import = 1

========================================================================
Received Import Request.
  Time since last request: 0.000118 seconds.
  path: Assets/Objects/Tree01/shadow.png
  artifactKey: Guid(bea4fba751bf6724fa651ccb376649b2) Importer(2089858483,192608db42251d675da83286b1cce702)
Start importing Assets/Objects/Tree01/shadow.png using Guid(bea4fba751bf6724fa651ccb376649b2) Importer(2089858483,192608db42251d675da83286b1cce702) (ScriptedImporter) -> (artifact id: '032e9c457d16e1846e6395b881096d15') in 0.007860583 seconds
Number of updated asset objects reloaded before import = 0Number of asset objects unloaded after import = 1

========================================================================
Received Import Request.
  Time since last request: 0.000061 seconds.
  path: Assets/Standard Assets/CrossPlatformInput/Sprites/ButtonSpacebarSprite.png
  artifactKey: Guid(3d8675433a508ec47b8f895201eacf20) Importer(2089858483,192608db42251d675da83286b1cce702)
Start importing Assets/Standard Assets/CrossPlatformInput/Sprites/ButtonSpacebarSprite.png using Guid(3d8675433a508ec47b8f895201eacf20) Importer(2089858483,192608db42251d675da83286b1cce702) (ScriptedImporter) -> (artifact id: '31d8cc6e64cc25f08ec0711da30961c8') in 0.011423666 seconds
Number of updated asset objects reloaded before import = 0Number of asset objects unloaded after import = 3

========================================================================
Received Import Request.
  Time since last request: 0.000090 seconds.
  path: Assets/Standard Assets/CrossPlatformInput/Sprites/ButtonAcceleratorOverSprite.png
  artifactKey: Guid(eb5f6e2757c821940b69cf1456f7865a) Importer(2089858483,192608db42251d675da83286b1cce702)
Start importing Assets/Standard Assets/CrossPlatformInput/Sprites/ButtonAcceleratorOverSprite.png using Guid(eb5f6e2757c821940b69cf1456f7865a) Importer(2089858483,192608db42251d675da83286b1cce702) (ScriptedImporter) -> (artifact id: 'c6fca3db27768fb768d8dd807c3e3e7f') in 0.010719833 seconds
Number of updated asset objects reloaded before import = 0Number of asset objects unloaded after import = 3

========================================================================
Received Import Request.
  Time since last request: 0.000108 seconds.
  path: Assets/Standard Assets/CrossPlatformInput/Sprites/TouchpadSprite.png
  artifactKey: Guid(e4f1fee3de32377429fd1348fae62b10) Importer(2089858483,192608db42251d675da83286b1cce702)
Start importing Assets/Standard Assets/CrossPlatformInput/Sprites/TouchpadSprite.png using Guid(e4f1fee3de32377429fd1348fae62b10) Importer(2089858483,192608db42251d675da83286b1cce702) (ScriptedImporter) -> (artifact id: '369472d037d7078f35b6838c880c54b5') in 0.011076417 seconds
Number of updated asset objects reloaded before import = 0Number of asset objects unloaded after import = 3

========================================================================
Received Import Request.
  Time since last request: 0.000101 seconds.
  path: Assets/Standard Assets/Vehicles/Car/Materials/SkyCarWheelWhite.mat
  artifactKey: Guid(6021947067b9d6c4bac8d9e085a71558) Importer(2089858483,192608db42251d675da83286b1cce702)
Start importing Assets/Standard Assets/Vehicles/Car/Materials/SkyCarWheelWhite.mat using Guid(6021947067b9d6c4bac8d9e085a71558) Importer(2089858483,192608db42251d675da83286b1cce702) (ScriptedImporter) -> (artifact id: 'aafc497cfd01376630481c0e167e927e') in 0.007988 seconds
Number of updated asset objects reloaded before import = 0Number of asset objects unloaded after import = 3

========================================================================
Received Import Request.
  Time since last request: 0.000043 seconds.
  path: Assets/Standard Assets/CrossPlatformInput/Scripts/InputAxisScrollbar.cs
  artifactKey: Guid(7d3269566d48b8447bb48d2259e28f8b) Importer(2089858483,192608db42251d675da83286b1cce702)
Start importing Assets/Standard Assets/CrossPlatformInput/Scripts/InputAxisScrollbar.cs using Guid(7d3269566d48b8447bb48d2259e28f8b) Importer(2089858483,192608db42251d675da83286b1cce702) (ScriptedImporter) -> (artifact id: 'd4e59f70db568a513871498906c6f033') in 0.004229542 seconds
Number of updated asset objects reloaded before import = 0Number of asset objects unloaded after import = 0

========================================================================
Received Import Request.
  Time since last request: 0.000165 seconds.
  path: Assets/Standard Assets/CrossPlatformInput/Scripts/AxisTouchButton.cs
  artifactKey: Guid(9ab98b66288df7b4fa182075f2f12bd6) Importer(2089858483,192608db42251d675da83286b1cce702)
Start importing Assets/Standard Assets/CrossPlatformInput/Scripts/AxisTouchButton.cs using Guid(9ab98b66288df7b4fa182075f2f12bd6) Importer(2089858483,192608db42251d675da83286b1cce702) (ScriptedImporter) -> (artifact id: 'a7a08c7ad5b2cc1e936966483519c0a6') in 0.002814417 seconds
Number of updated asset objects reloaded before import = 0Number of asset objects unloaded after import = 0

========================================================================
Received Import Request.
  Time since last request: 0.000110 seconds.
  path: Assets/Standard Assets/CrossPlatformInput/Prefabs/CarTiltControls.prefab
  artifactKey: Guid(174090ae7f9eff84abe76f0ff062efac) Importer(2089858483,192608db42251d675da83286b1cce702)
Start importing Assets/Standard Assets/CrossPlatformInput/Prefabs/CarTiltControls.prefab using Guid(174090ae7f9eff84abe76f0ff062efac) Importer(2089858483,192608db42251d675da83286b1cce702) (ScriptedImporter) -> (artifact id: '224feebf8d5c4786d52fb77e1703a1b0') in 0.013892375 seconds
Number of updated asset objects reloaded before import = 0Number of asset objects unloaded after import = 32

========================================================================
Received Import Request.
  Time since last request: 0.000134 seconds.
  path: Assets/Standard Assets/Vehicles/Car/Audio/DecelerationHigh.wav
  artifactKey: Guid(03bf91d88fce91c41995d27de63cc967) Importer(2089858483,192608db42251d675da83286b1cce702)
Start importing Assets/Standard Assets/Vehicles/Car/Audio/DecelerationHigh.wav using Guid(03bf91d88fce91c41995d27de63cc967) Importer(2089858483,192608db42251d675da83286b1cce702) (ScriptedImporter) -> (artifact id: '7a414c223ec6c08573b6d86fd55014f9') in 0.014070625 seconds
Number of updated asset objects reloaded before import = 0Number of asset objects unloaded after import = 1

========================================================================
Received Import Request.
  Time since last request: 0.000141 seconds.
  path: Assets/Objects/Tree02/diffuse.png
  artifactKey: Guid(f0b0ad9341f661248b53e3e615be29a4) Importer(2089858483,192608db42251d675da83286b1cce702)
Start importing Assets/Objects/Tree02/diffuse.png using Guid(f0b0ad9341f661248b53e3e615be29a4) Importer(2089858483,192608db42251d675da83286b1cce702) (ScriptedImporter) -> (artifact id: 'db22dc4db28ede22223ea5fe783e8524') in 0.00768775 seconds
Number of updated asset objects reloaded before import = 0Number of asset objects unloaded after import = 1

========================================================================
Received Import Request.
  Time since last request: 0.000091 seconds.
  path: Assets/Objects/Tree01/BroadLeaf01a3.prefab
  artifactKey: Guid(6e6795000f6196845ac9df7712ff0edf) Importer(2089858483,192608db42251d675da83286b1cce702)
Start importing Assets/Objects/Tree01/BroadLeaf01a3.prefab using Guid(6e6795000f6196845ac9df7712ff0edf) Importer(2089858483,192608db42251d675da83286b1cce702) (ScriptedImporter) -> (artifact id: 'e7e6d19ab29cc823f7570ea896395dca') in 0.027040417 seconds
Number of updated asset objects reloaded before import = 0Number of asset objects unloaded after import = 16

========================================================================
Received Import Request.
  Time since last request: 0.000076 seconds.
  path: Assets/Standard Assets/CrossPlatformInput/Scripts/VirtualInput.cs
  artifactKey: Guid(0f57aeb1b8dce3342bea5c28ac17db24) Importer(2089858483,192608db42251d675da83286b1cce702)
Start importing Assets/Standard Assets/CrossPlatformInput/Scripts/VirtualInput.cs using Guid(0f57aeb1b8dce3342bea5c28ac17db24) Importer(2089858483,192608db42251d675da83286b1cce702) (ScriptedImporter) -> (artifact id: '6baa8620a2e2832e839d227a80769f22') in 0.002647542 seconds
Number of updated asset objects reloaded before import = 0Number of asset objects unloaded after import = 0

========================================================================
Received Import Request.
  Time since last request: 0.000127 seconds.
  path: Assets/Standard Assets/Vehicles/Car/Audio/Skid.wav
  artifactKey: Guid(bd9566abdbf08834281bfb4ea8b92a5d) Importer(2089858483,192608db42251d675da83286b1cce702)
Start importing Assets/Standard Assets/Vehicles/Car/Audio/Skid.wav using Guid(bd9566abdbf08834281bfb4ea8b92a5d) Importer(2089858483,192608db42251d675da83286b1cce702) (ScriptedImporter) -> (artifact id: 'e49e186bd27573f1b80898ce2e3f82ae') in 0.013900709 seconds
Number of updated asset objects reloaded before import = 0Number of asset objects unloaded after import = 1

========================================================================
Received Import Request.
  Time since last request: 0.000091 seconds.
  path: Assets/Standard Assets/CrossPlatformInput/Scripts/ButtonHandler.cs
  artifactKey: Guid(85bf3be603548374ca46f521a3aa7fda) Importer(2089858483,192608db42251d675da83286b1cce702)
Start importing Assets/Standard Assets/CrossPlatformInput/Scripts/ButtonHandler.cs using Guid(85bf3be603548374ca46f521a3aa7fda) Importer(2089858483,192608db42251d675da83286b1cce702) (ScriptedImporter) -> (artifact id: '531620b6b573508b3c106a95704c1ae0') in 0.002393125 seconds
Number of updated asset objects reloaded before import = 0Number of asset objects unloaded after import = 0

========================================================================
Received Import Request.
  Time since last request: 0.000190 seconds.
  path: Assets/Standard Assets/CrossPlatformInput/Sprites/ButtonAcceleratorUpSprite.png
  artifactKey: Guid(f588d850485d0ae479d73cf3bd0b7b00) Importer(2089858483,192608db42251d675da83286b1cce702)
Start importing Assets/Standard Assets/CrossPlatformInput/Sprites/ButtonAcceleratorUpSprite.png using Guid(f588d850485d0ae479d73cf3bd0b7b00) Importer(2089858483,192608db42251d675da83286b1cce702) (ScriptedImporter) -> (artifact id: '9dd9a8e85400aca6d101e36a0f5a27c3') in 0.011043041 seconds
Number of updated asset objects reloaded before import = 0Number of asset objects unloaded after import = 3

========================================================================
Received Import Request.
  Time since last request: 0.000137 seconds.
  path: Assets/Scenes/TrackSelect/ReflectionProbe-0.exr
  artifactKey: Guid(b365ab3b4d3054a4388d3a26b1efe448) Importer(2089858483,192608db42251d675da83286b1cce702)
Start importing Assets/Scenes/TrackSelect/ReflectionProbe-0.exr using Guid(b365ab3b4d3054a4388d3a26b1efe448) Importer(2089858483,192608db42251d675da83286b1cce702) (ScriptedImporter) -> (artifact id: 'fa35cca8ddacae5b68744b0ed4579bf8') in 0.006729125 seconds
Number of updated asset objects reloaded before import = 0Number of asset objects unloaded after import = 1

========================================================================
Received Import Request.
  Time since last request: 0.000146 seconds.
  path: Assets/Objects/Tree01/normal_specular.png
  artifactKey: Guid(83eea599dbb2a77428a35d274ef55559) Importer(2089858483,192608db42251d675da83286b1cce702)
Start importing Assets/Objects/Tree01/normal_specular.png using Guid(83eea599dbb2a77428a35d274ef55559) Importer(2089858483,192608db42251d675da83286b1cce702) (ScriptedImporter) -> (artifact id: 'f8dd6ede6cb2703fbc274a8399a99ab3') in 0.009244583 seconds
Number of updated asset objects reloaded before import = 0Number of asset objects unloaded after import = 1

========================================================================
Received Import Request.
  Time since last request: 0.000080 seconds.
  path: Assets/Standard Assets/Vehicles/Car/Prefabs/Car.prefab
  artifactKey: Guid(0e7ee4df08df88c4880f43398f9ad2c2) Importer(2089858483,192608db42251d675da83286b1cce702)
Start importing Assets/Standard Assets/Vehicles/Car/Prefabs/Car.prefab using Guid(0e7ee4df08df88c4880f43398f9ad2c2) Importer(2089858483,192608db42251d675da83286b1cce702) (ScriptedImporter) -> (artifact id: 'e5ba17284d72d0a366b62b459ecbf6ab') in 0.0332205 seconds
Number of updated asset objects reloaded before import = 0Number of asset objects unloaded after import = 143

========================================================================
Received Import Request.
  Time since last request: 0.000103 seconds.
  path: Assets/Standard Assets/CrossPlatformInput/Scripts/TouchPad.cs
  artifactKey: Guid(1caf40fc8bebb6b43b2550c05ca791d6) Importer(2089858483,192608db42251d675da83286b1cce702)
Start importing Assets/Standard Assets/CrossPlatformInput/Scripts/TouchPad.cs using Guid(1caf40fc8bebb6b43b2550c05ca791d6) Importer(2089858483,192608db42251d675da83286b1cce702) (ScriptedImporter) -> (artifact id: '5681acf24c4411a2f948b6cd2b70841f') in 0.002517584 seconds
Number of updated asset objects reloaded before import = 0Number of asset objects unloaded after import = 0

========================================================================
Received Import Request.
  Time since last request: 0.000107 seconds.
  path: Assets/Scenes/MainMenu/ReflectionProbe-0.exr
  artifactKey: Guid(4c2f47191a9c647ea8a297bb15c03d98) Importer(2089858483,192608db42251d675da83286b1cce702)
Start importing Assets/Scenes/MainMenu/ReflectionProbe-0.exr using Guid(4c2f47191a9c647ea8a297bb15c03d98) Importer(2089858483,192608db42251d675da83286b1cce702) (ScriptedImporter) -> (artifact id: '36feb2f631e421c9c3bf4aa5dcf56c39') in 0.006384959 seconds
Number of updated asset objects reloaded before import = 0Number of asset objects unloaded after import = 1

========================================================================
Received Import Request.
  Time since last request: 0.000129 seconds.
  path: Assets/Standard Assets/CrossPlatformInput/Sprites/ButtonBrakeUpSprite.png
  artifactKey: Guid(827c9cd4a3943534f909ac6473e17288) Importer(2089858483,192608db42251d675da83286b1cce702)
Start importing Assets/Standard Assets/CrossPlatformInput/Sprites/ButtonBrakeUpSprite.png using Guid(827c9cd4a3943534f909ac6473e17288) Importer(2089858483,192608db42251d675da83286b1cce702) (ScriptedImporter) -> (artifact id: '81d77de757475adf11c8165f3197e49d') in 0.011193708 seconds
Number of updated asset objects reloaded before import = 0Number of asset objects unloaded after import = 3

========================================================================
Received Import Request.
  Time since last request: 0.000109 seconds.
  path: Assets/Standard Assets/Vehicles/Car/Materials/ParticleSmokeWhite.mat
  artifactKey: Guid(c617e7cbee0d2344a9b5e53116c43a2c) Importer(2089858483,192608db42251d675da83286b1cce702)
Start importing Assets/Standard Assets/Vehicles/Car/Materials/ParticleSmokeWhite.mat using Guid(c617e7cbee0d2344a9b5e53116c43a2c) Importer(2089858483,192608db42251d675da83286b1cce702) (ScriptedImporter) -> (artifact id: '7bedcfbb5bce1359563765dc584f3235') in 0.004778666 seconds
Number of updated asset objects reloaded before import = 0Number of asset objects unloaded after import = 2

========================================================================
Received Import Request.
  Time since last request: 0.000136 seconds.
  path: Assets/Objects/Tree01/translucency_gloss.png
  artifactKey: Guid(adfdf14880391334c8e0f388152ef560) Importer(2089858483,192608db42251d675da83286b1cce702)
Start importing Assets/Objects/Tree01/translucency_gloss.png using Guid(adfdf14880391334c8e0f388152ef560) Importer(2089858483,192608db42251d675da83286b1cce702) (ScriptedImporter) -> (artifact id: '2c73d6574ccf4e159ac6d3fb629d8b7b') in 0.008182042 seconds
Number of updated asset objects reloaded before import = 0Number of asset objects unloaded after import = 1

========================================================================
Received Import Request.
  Time since last request: 0.000092 seconds.
  path: Assets/Objects/Tree02/shadow.png
  artifactKey: Guid(aa22f90697e38b543bd9c0b727e2fbfd) Importer(2089858483,192608db42251d675da83286b1cce702)
Start importing Assets/Objects/Tree02/shadow.png using Guid(aa22f90697e38b543bd9c0b727e2fbfd) Importer(2089858483,192608db42251d675da83286b1cce702) (ScriptedImporter) -> (artifact id: '546adcd839a96920c47a1662a799038f') in 0.007163584 seconds
Number of updated asset objects reloaded before import = 0Number of asset objects unloaded after import = 1

========================================================================
Received Import Request.
  Time since last request: 0.000074 seconds.
  path: Assets/Standard Assets/CrossPlatformInput/Sprites/SliderHandleSprite.png
  artifactKey: Guid(0626b924325d1c34cafa6b22297f4e4f) Importer(2089858483,192608db42251d675da83286b1cce702)
Start importing Assets/Standard Assets/CrossPlatformInput/Sprites/SliderHandleSprite.png using Guid(0626b924325d1c34cafa6b22297f4e4f) Importer(2089858483,192608db42251d675da83286b1cce702) (ScriptedImporter) -> (artifact id: '7899e864d1d3c473aaa8856e888d9cb7') in 0.011241917 seconds
Number of updated asset objects reloaded before import = 0Number of asset objects unloaded after import = 3

========================================================================
Received Import Request.
  Time since last request: 0.000098 seconds.
  path: Assets/Scenes/RaceArea02/LightingData.asset
  artifactKey: Guid(589d0a837c7a7464a977502bc8e92f3b) Importer(2089858483,192608db42251d675da83286b1cce702)
Start importing Assets/Scenes/RaceArea02/LightingData.asset using Guid(589d0a837c7a7464a977502bc8e92f3b) Importer(2089858483,192608db42251d675da83286b1cce702) (ScriptedImporter) -> (artifact id: '63547f66c4147c7fc08ac1d7c45167b2') in 0.006614583 seconds
Number of updated asset objects reloaded before import = 0Number of asset objects unloaded after import = 2

========================================================================
Received Import Request.
  Time since last request: 0.000091 seconds.
  path: Assets/Standard Assets/CrossPlatformInput/Sprites/ButtonTimescaleSlowUpSprite.png
  artifactKey: Guid(9d7c6e4896067aa4fa512a00f692ac1c) Importer(2089858483,192608db42251d675da83286b1cce702)
Start importing Assets/Standard Assets/CrossPlatformInput/Sprites/ButtonTimescaleSlowUpSprite.png using Guid(9d7c6e4896067aa4fa512a00f692ac1c) Importer(2089858483,192608db42251d675da83286b1cce702) (ScriptedImporter) -> (artifact id: 'e1c5f48a726b18ada8d9eb9ae9ae6472') in 0.012075625 seconds
Number of updated asset objects reloaded before import = 0Number of asset objects unloaded after import = 3

========================================================================
Received Import Request.
  Time since last request: 0.000099 seconds.
  path: Assets/Classic Skybox/sky02.mat
  artifactKey: Guid(1407c2790b7870b42a0df8ac84066e0c) Importer(2089858483,192608db42251d675da83286b1cce702)
Start importing Assets/Classic Skybox/sky02.mat using Guid(1407c2790b7870b42a0df8ac84066e0c) Importer(2089858483,192608db42251d675da83286b1cce702) (ScriptedImporter) -> (artifact id: 'af65af309c726fbd83f6f165259b13d4') in 0.012035541 seconds
Number of updated asset objects reloaded before import = 0Number of asset objects unloaded after import = 7

========================================================================
Received Import Request.
  Time since last request: 0.000102 seconds.
  path: Assets/Classic Skybox/10/sky10_FR.jpg
  artifactKey: Guid(6a61cc66f5ff4a049ba02b4a1ad1580a) Importer(2089858483,192608db42251d675da83286b1cce702)
Start importing Assets/Classic Skybox/10/sky10_FR.jpg using Guid(6a61cc66f5ff4a049ba02b4a1ad1580a) Importer(2089858483,192608db42251d675da83286b1cce702) (ScriptedImporter) -> (artifact id: '001fca66f6c1b3fdcf6be773b55f10fd') in 0.00834175 seconds
Number of updated asset objects reloaded before import = 0Number of asset objects unloaded after import = 1

========================================================================
Received Import Request.
  Time since last request: 0.000153 seconds.
  path: Assets/Standard Assets/CrossPlatformInput/Sprites/ButtonArrowUpSprite.png
  artifactKey: Guid(4db017495c69e8140a56a0e2b669e3f8) Importer(2089858483,192608db42251d675da83286b1cce702)
Start importing Assets/Standard Assets/CrossPlatformInput/Sprites/ButtonArrowUpSprite.png using Guid(4db017495c69e8140a56a0e2b669e3f8) Importer(2089858483,192608db42251d675da83286b1cce702) (ScriptedImporter) -> (artifact id: 'f009c41edb7bc8a0dca09b763a741542') in 0.012886792 seconds
Number of updated asset objects reloaded before import = 0Number of asset objects unloaded after import = 3

========================================================================
Received Import Request.
  Time since last request: 0.000167 seconds.
  path: Assets/Classic Skybox/15/sky15_UP.jpg
  artifactKey: Guid(d82c3ea068ac83d409d3c9422624bf09) Importer(2089858483,192608db42251d675da83286b1cce702)
Start importing Assets/Classic Skybox/15/sky15_UP.jpg using Guid(d82c3ea068ac83d409d3c9422624bf09) Importer(2089858483,192608db42251d675da83286b1cce702) (ScriptedImporter) -> (artifact id: 'ada1dce91480616b53430e4fd536182a') in 0.011306084 seconds
Number of updated asset objects reloaded before import = 0Number of asset objects unloaded after import = 1

========================================================================
Received Import Request.
  Time since last request: 0.000082 seconds.
  path: Assets/Classic Skybox/sky01.mat
  artifactKey: Guid(8185c62f5ccafe247bd3d1a04315857d) Importer(2089858483,192608db42251d675da83286b1cce702)
Start importing Assets/Classic Skybox/sky01.mat using Guid(8185c62f5ccafe247bd3d1a04315857d) Importer(2089858483,192608db42251d675da83286b1cce702) (ScriptedImporter) -> (artifact id: '50295adad63fb1e715143f0ed9113735') in 0.011446584 seconds
Number of updated asset objects reloaded before import = 0Number of asset objects unloaded after import = 7

========================================================================
Received Import Request.
  Time since last request: 0.000064 seconds.
  path: Assets/Standard Assets/CrossPlatformInput/Scripts/Joystick.cs
  artifactKey: Guid(00c3c865782347f41b6358d9fba14b48) Importer(2089858483,192608db42251d675da83286b1cce702)
Start importing Assets/Standard Assets/CrossPlatformInput/Scripts/Joystick.cs using Guid(00c3c865782347f41b6358d9fba14b48) Importer(2089858483,192608db42251d675da83286b1cce702) (ScriptedImporter) -> (artifact id: 'aaa065550b07060525f6efaaf04f66dd') in 0.002694208 seconds
Number of updated asset objects reloaded before import = 0Number of asset objects unloaded after import = 0

========================================================================
Received Import Request.
  Time since last request: 0.000117 seconds.
  path: Assets/Classic Skybox/09/sky9_UP.jpg
  artifactKey: Guid(c06acf3a25078a64586aa72f31733548) Importer(2089858483,192608db42251d675da83286b1cce702)
Start importing Assets/Classic Skybox/09/sky9_UP.jpg using Guid(c06acf3a25078a64586aa72f31733548) Importer(2089858483,192608db42251d675da83286b1cce702) (ScriptedImporter) -> (artifact id: '457c6d86a4966c3f586b7e6accde71dc') in 0.007902625 seconds
Number of updated asset objects reloaded before import = 0Number of asset objects unloaded after import = 1

========================================================================
Received Import Request.
  Time since last request: 0.000151 seconds.
  path: Assets/Classic Skybox/14/sky14_LF.jpg
  artifactKey: Guid(301c1e2bcec62a340873bf7d9d9e4f28) Importer(2089858483,192608db42251d675da83286b1cce702)
Start importing Assets/Classic Skybox/14/sky14_LF.jpg using Guid(301c1e2bcec62a340873bf7d9d9e4f28) Importer(2089858483,192608db42251d675da83286b1cce702) (ScriptedImporter) -> (artifact id: 'a972e1ff90d20d7a018ec86e81109a28') in 0.009386042 seconds
Number of updated asset objects reloaded before import = 0Number of asset objects unloaded after import = 1

========================================================================
Received Import Request.
  Time since last request: 0.000149 seconds.
  path: Assets/Classic Skybox/15/sky15_RT.jpg
  artifactKey: Guid(52ff10d96db650c4eba64d1da9b5b6bd) Importer(2089858483,192608db42251d675da83286b1cce702)
Start importing Assets/Classic Skybox/15/sky15_RT.jpg using Guid(52ff10d96db650c4eba64d1da9b5b6bd) Importer(2089858483,192608db42251d675da83286b1cce702) (ScriptedImporter) -> (artifact id: 'ce04304372f3e846d5d0102d3b4e052f') in 0.008320792 seconds
Number of updated asset objects reloaded before import = 0Number of asset objects unloaded after import = 1

========================================================================
Received Import Request.
  Time since last request: 0.000090 seconds.
  path: Assets/Standard Assets/CrossPlatformInput/Sprites/ButtonBrakeOverSprite.png
  artifactKey: Guid(5b1a64ea234fb2343b8d0686c51280de) Importer(2089858483,192608db42251d675da83286b1cce702)
Start importing Assets/Standard Assets/CrossPlatformInput/Sprites/ButtonBrakeOverSprite.png using Guid(5b1a64ea234fb2343b8d0686c51280de) Importer(2089858483,192608db42251d675da83286b1cce702) (ScriptedImporter) -> (artifact id: '146e815772af9bf874c6b71998037bac') in 0.011226 seconds
Number of updated asset objects reloaded before import = 0Number of asset objects unloaded after import = 3

========================================================================
Received Import Request.
  Time since last request: 0.000054 seconds.
  path: Assets/Standard Assets/Vehicles/Car/Materials/SkyCarLightGlows.mat
  artifactKey: Guid(3682f7747d485db4586750a832808b31) Importer(2089858483,192608db42251d675da83286b1cce702)
Start importing Assets/Standard Assets/Vehicles/Car/Materials/SkyCarLightGlows.mat using Guid(3682f7747d485db4586750a832808b31) Importer(2089858483,192608db42251d675da83286b1cce702) (ScriptedImporter) -> (artifact id: 'b7074d4da4eca889d544e8060e9baa5e') in 0.004560292 seconds
Number of updated asset objects reloaded before import = 0Number of asset objects unloaded after import = 2

========================================================================
Received Import Request.
  Time since last request: 0.000065 seconds.
  path: Assets/Scripts/Dreamcar01Track.cs
  artifactKey: Guid(27815e1d3f27a63479653a67f57edd8c) Importer(2089858483,192608db42251d675da83286b1cce702)
Start importing Assets/Scripts/Dreamcar01Track.cs using Guid(27815e1d3f27a63479653a67f57edd8c) Importer(2089858483,192608db42251d675da83286b1cce702) (ScriptedImporter) -> (artifact id: '76f79a4ad73e69a29c0f28d379b64cab') in 0.002540167 seconds
Number of updated asset objects reloaded before import = 0Number of asset objects unloaded after import = 0

========================================================================
Received Import Request.
  Time since last request: 0.000086 seconds.
  path: Assets/Standard Assets/CrossPlatformInput/Scripts/TiltInput.cs
  artifactKey: Guid(5c2d84226fbbaf94e9c1451f1c39b06a) Importer(2089858483,192608db42251d675da83286b1cce702)
Start importing Assets/Standard Assets/CrossPlatformInput/Scripts/TiltInput.cs using Guid(5c2d84226fbbaf94e9c1451f1c39b06a) Importer(2089858483,192608db42251d675da83286b1cce702) (ScriptedImporter) -> (artifact id: '8fe3180316c5a837420bf00099173d12') in 0.002747167 seconds
Number of updated asset objects reloaded before import = 0Number of asset objects unloaded after import = 0

========================================================================
Received Import Request.
  Time since last request: 0.000136 seconds.
  path: Assets/Objects/Tree01/diffuse.png
  artifactKey: Guid(ce2e367eb67d6164ea54a49d52094788) Importer(2089858483,192608db42251d675da83286b1cce702)
Start importing Assets/Objects/Tree01/diffuse.png using Guid(ce2e367eb67d6164ea54a49d52094788) Importer(2089858483,192608db42251d675da83286b1cce702) (ScriptedImporter) -> (artifact id: 'e7b24c30031e21b6f39a30e63ee83796') in 0.009155833 seconds
Number of updated asset objects reloaded before import = 0Number of asset objects unloaded after import = 1

========================================================================
Received Import Request.
  Time since last request: 0.000146 seconds.
  path: Assets/Classic Skybox/10/sky10_RT.jpg
  artifactKey: Guid(359242a6e627241448ab6accbf1104f9) Importer(2089858483,192608db42251d675da83286b1cce702)
Start importing Assets/Classic Skybox/10/sky10_RT.jpg using Guid(359242a6e627241448ab6accbf1104f9) Importer(2089858483,192608db42251d675da83286b1cce702) (ScriptedImporter) -> (artifact id: '3f5d6cfcf741692f2a4fe4d01e8459d9') in 0.008405458 seconds
Number of updated asset objects reloaded before import = 0Number of asset objects unloaded after import = 1

========================================================================
Received Import Request.
  Time since last request: 0.000121 seconds.
  path: Assets/Scenes/RaceArea02/ReflectionProbe-0.exr
  artifactKey: Guid(7e9bffe2a97984f789283176aff33a95) Importer(2089858483,192608db42251d675da83286b1cce702)
Start importing Assets/Scenes/RaceArea02/ReflectionProbe-0.exr using Guid(7e9bffe2a97984f789283176aff33a95) Importer(2089858483,192608db42251d675da83286b1cce702) (ScriptedImporter) -> (artifact id: '5532cc05e977063c538f23bc935c58eb') in 0.008340958 seconds
Number of updated asset objects reloaded before import = 0Number of asset objects unloaded after import = 1

========================================================================
Received Import Request.
  Time since last request: 0.005338 seconds.
  path: Assets/Standard Assets/Vehicles/Car/Scripts/CarAudio.cs
  artifactKey: Guid(20fa55eb64c5cea4aa3c71ae19c434bf) Importer(2089858483,192608db42251d675da83286b1cce702)
Start importing Assets/Standard Assets/Vehicles/Car/Scripts/CarAudio.cs using Guid(20fa55eb64c5cea4aa3c71ae19c434bf) Importer(2089858483,192608db42251d675da83286b1cce702) (ScriptedImporter) -> (artifact id: '3f2db584b7d47ec6a457e90de142f347') in 0.002572833 seconds
Number of updated asset objects reloaded before import = 0Number of asset objects unloaded after import = 0

========================================================================
Received Import Request.
  Time since last request: 0.000115 seconds.
  path: Assets/Standard Assets/Vehicles/Car/Scripts/WheelEffects.cs
  artifactKey: Guid(c62479c3465024b48b42983b1b2eeaaf) Importer(2089858483,192608db42251d675da83286b1cce702)
Start importing Assets/Standard Assets/Vehicles/Car/Scripts/WheelEffects.cs using Guid(c62479c3465024b48b42983b1b2eeaaf) Importer(2089858483,192608db42251d675da83286b1cce702) (ScriptedImporter) -> (artifact id: '04aab7d3843774ccc3d8bde316e9cfcb') in 0.002728667 seconds
Number of updated asset objects reloaded before import = 0Number of asset objects unloaded after import = 0

========================================================================
Received Import Request.
  Time since last request: 0.000118 seconds.
  path: Assets/Standard Assets/Vehicles/Car/Textures/SkyCarBodyNormals.png
  artifactKey: Guid(d4ffb7d0ebee510498fba9d50f2296f7) Importer(2089858483,192608db42251d675da83286b1cce702)
Start importing Assets/Standard Assets/Vehicles/Car/Textures/SkyCarBodyNormals.png using Guid(d4ffb7d0ebee510498fba9d50f2296f7) Importer(2089858483,192608db42251d675da83286b1cce702) (ScriptedImporter) -> (artifact id: '40ee6f6da4ecbc853b439787c3217137') in 0.008035459 seconds
Number of updated asset objects reloaded before import = 0Number of asset objects unloaded after import = 1

========================================================================
Received Import Request.
  Time since last request: 0.000110 seconds.
  path: Assets/Standard Assets/Vehicles/Car/Textures/ParticleCloudWhite.png
  artifactKey: Guid(b16c22b4e3fa11d4b9e83f6fcfac8cc6) Importer(2089858483,192608db42251d675da83286b1cce702)
Start importing Assets/Standard Assets/Vehicles/Car/Textures/ParticleCloudWhite.png using Guid(b16c22b4e3fa11d4b9e83f6fcfac8cc6) Importer(2089858483,192608db42251d675da83286b1cce702) (ScriptedImporter) -> (artifact id: 'bde993ec920fb2d93dc676413beb6eb0') in 0.008940416 seconds
Number of updated asset objects reloaded before import = 0Number of asset objects unloaded after import = 1

========================================================================
Received Import Request.
  Time since last request: 0.000094 seconds.
  path: Assets/Standard Assets/Vehicles/Car/Scripts/Mudguard.cs
  artifactKey: Guid(459cec5b068041e44a60a6e3b6abb0eb) Importer(2089858483,192608db42251d675da83286b1cce702)
Start importing Assets/Standard Assets/Vehicles/Car/Scripts/Mudguard.cs using Guid(459cec5b068041e44a60a6e3b6abb0eb) Importer(2089858483,192608db42251d675da83286b1cce702) (ScriptedImporter) -> (artifact id: '497c3381dc2525644f93da025aa796c2') in 0.002649542 seconds
Number of updated asset objects reloaded before import = 0Number of asset objects unloaded after import = 0

========================================================================
Received Import Request.
  Time since last request: 0.000097 seconds.
  path: Assets/Standard Assets/Vehicles/Car/Scripts/CarSelfRighting.cs
  artifactKey: Guid(9db865986f75ee44eba89ace4646af65) Importer(2089858483,192608db42251d675da83286b1cce702)
Start importing Assets/Standard Assets/Vehicles/Car/Scripts/CarSelfRighting.cs using Guid(9db865986f75ee44eba89ace4646af65) Importer(2089858483,192608db42251d675da83286b1cce702) (ScriptedImporter) -> (artifact id: 'e954a4dcc22a7c8ca8c6d477122ba6ee') in 0.002677625 seconds
Number of updated asset objects reloaded before import = 0Number of asset objects unloaded after import = 0

========================================================================
Received Import Request.
  Time since last request: 0.000184 seconds.
  path: Assets/Standard Assets/Vehicles/Car/Scripts/Suspension.cs
  artifactKey: Guid(9ec1e45165d1f2544bff59f5a80db8ab) Importer(2089858483,192608db42251d675da83286b1cce702)
Start importing Assets/Standard Assets/Vehicles/Car/Scripts/Suspension.cs using Guid(9ec1e45165d1f2544bff59f5a80db8ab) Importer(2089858483,192608db42251d675da83286b1cce702) (ScriptedImporter) -> (artifact id: 'e4ed7625ad819b7129cb993decec8d6a') in 0.002227 seconds
Number of updated asset objects reloaded before import = 0Number of asset objects unloaded after import = 0

========================================================================
Received Import Request.
  Time since last request: 0.000120 seconds.
  path: Assets/Standard Assets/Vehicles/Car/Shaders/ReflectiveDiffuseSpecTransp.shader
  artifactKey: Guid(27ef16960c5db91489f664f287da107e) Importer(2089858483,192608db42251d675da83286b1cce702)
Start importing Assets/Standard Assets/Vehicles/Car/Shaders/ReflectiveDiffuseSpecTransp.shader using Guid(27ef16960c5db91489f664f287da107e) Importer(2089858483,192608db42251d675da83286b1cce702) (ScriptedImporter) -> (artifact id: 'a368aaf66c96f6601a6c472b493c289c') in 0.006555 seconds
Number of updated asset objects reloaded before import = 0Number of asset objects unloaded after import = 1

========================================================================
Received Import Request.
  Time since last request: 0.000078 seconds.
  path: Assets/Standard Assets/Vehicles/Car/Shaders/DiffuseReflectiveShader.shader
  artifactKey: Guid(eed5000546afeea48bdeeb5cf208c2e9) Importer(2089858483,192608db42251d675da83286b1cce702)
Start importing Assets/Standard Assets/Vehicles/Car/Shaders/DiffuseReflectiveShader.shader using Guid(eed5000546afeea48bdeeb5cf208c2e9) Importer(2089858483,192608db42251d675da83286b1cce702) (ScriptedImporter) -> (artifact id: '2bc8a708234175c095c6fbe51efab15c') in 0.003547459 seconds
Number of updated asset objects reloaded before import = 0Number of asset objects unloaded after import = 1

========================================================================
Received Import Request.
  Time since last request: 0.000145 seconds.
  path: Assets/Standard Assets/Vehicles/Car/Textures/SkyCarWheelOcclusion.png
  artifactKey: Guid(9486e5d1d37e86246b9bd1e314a8a721) Importer(2089858483,192608db42251d675da83286b1cce702)
Start importing Assets/Standard Assets/Vehicles/Car/Textures/SkyCarWheelOcclusion.png using Guid(9486e5d1d37e86246b9bd1e314a8a721) Importer(2089858483,192608db42251d675da83286b1cce702) (ScriptedImporter) -> (artifact id: 'a5513bd4ea7bce0c84ec60818255cb85') in 0.0090765 seconds
Number of updated asset objects reloaded before import = 0Number of asset objects unloaded after import = 1

========================================================================
Received Prepare
Begin MonoManager ReloadAssembly
Thread 0x321347000 may have been prematurely finalized
Symbol file LoadedFromMemory is not a mono symbol file
- Loaded All Assemblies, in  0.629 seconds
Refreshing native plugins compatible for Editor in 1.28 ms, found 2 plugins.
Native extension for OSXStandalone target not found
Refreshing native plugins compatible for Editor in 1.58 ms, found 2 plugins.
Mono: successfully reloaded assembly
- Finished resetting the current domain, in  0.952 seconds
Domain Reload Profiling: 1583ms
	BeginReloadAssembly (206ms)
		ExecutionOrderSort (0ms)
		DisableScriptedObjects (9ms)
		BackupInstance (0ms)
		ReleaseScriptingObjects (0ms)
		CreateAndSetChildDomain (83ms)
	RebuildCommonClasses (35ms)
	RebuildNativeTypeToScriptingClass (14ms)
	initialDomainReloadingComplete (25ms)
	LoadAllAssembliesAndSetupDomain (350ms)
		LoadAssemblies (307ms)
		RebuildTransferFunctionScriptingTraits (0ms)
		AnalyzeDomain (109ms)
			TypeCache.Refresh (18ms)
				TypeCache.ScanAssembly (0ms)
			BuildScriptInfoCaches (86ms)
			ResolveRequiredComponents (3ms)
	FinalizeReload (953ms)
		ReleaseScriptCaches (0ms)
		RebuildScriptCaches (0ms)
		SetupLoadedEditorAssemblies (770ms)
			LogAssemblyErrors (0ms)
			InitializePlatformSupportModulesInManaged (3ms)
			SetLoadedEditorAssemblies (4ms)
			BeforeProcessingInitializeOnLoad (72ms)
			ProcessInitializeOnLoadAttributes (549ms)
			ProcessInitializeOnLoadMethodAttributes (137ms)
			AfterProcessingInitializeOnLoad (3ms)
			EditorAssembliesLoaded (0ms)
		ExecutionOrderSort2 (0ms)
		AwakeInstancesAfterBackupRestoration (3ms)
Refreshing native plugins compatible for Editor in 1.19 ms, found 2 plugins.
Preloading 0 native plugins for Editor in 0.00 ms.
Unloading 0 Unused Serialized files (Serialized files now loaded: 0)
Unloading 2731 unused Assets / (503.2 KB). Loaded Objects now: 3346.
Memory consumption went from 205.2 MB to 204.7 MB.
Total: 9.499375 ms (FindLiveObjects: 0.151083 ms CreateObjectMapping: 0.070209 ms MarkObjects: 8.233458 ms  DeleteObjects: 1.043708 ms)

Prepare: number of updated asset objects reloaded= 0
========================================================================
Received Prepare
Begin MonoManager ReloadAssembly
Thread 0x317c87000 may have been prematurely finalized
Symbol file LoadedFromMemory is not a mono symbol file
- Loaded All Assemblies, in  0.510 seconds
Refreshing native plugins compatible for Editor in 1.13 ms, found 2 plugins.
Native extension for OSXStandalone target not found
Refreshing native plugins compatible for Editor in 1.31 ms, found 2 plugins.
Mono: successfully reloaded assembly
- Finished resetting the current domain, in  0.876 seconds
Domain Reload Profiling: 1387ms
	BeginReloadAssembly (182ms)
		ExecutionOrderSort (0ms)
		DisableScriptedObjects (7ms)
		BackupInstance (0ms)
		ReleaseScriptingObjects (0ms)
		CreateAndSetChildDomain (77ms)
	RebuildCommonClasses (36ms)
	RebuildNativeTypeToScriptingClass (10ms)
	initialDomainReloadingComplete (15ms)
	LoadAllAssembliesAndSetupDomain (268ms)
		LoadAssemblies (235ms)
		RebuildTransferFunctionScriptingTraits (0ms)
		AnalyzeDomain (96ms)
			TypeCache.Refresh (6ms)
				TypeCache.ScanAssembly (0ms)
			BuildScriptInfoCaches (85ms)
			ResolveRequiredComponents (2ms)
	FinalizeReload (876ms)
		ReleaseScriptCaches (0ms)
		RebuildScriptCaches (0ms)
		SetupLoadedEditorAssemblies (722ms)
			LogAssemblyErrors (0ms)
			InitializePlatformSupportModulesInManaged (3ms)
			SetLoadedEditorAssemblies (5ms)
			BeforeProcessingInitializeOnLoad (57ms)
			ProcessInitializeOnLoadAttributes (520ms)
			ProcessInitializeOnLoadMethodAttributes (132ms)
			AfterProcessingInitializeOnLoad (3ms)
			EditorAssembliesLoaded (0ms)
		ExecutionOrderSort2 (0ms)
		AwakeInstancesAfterBackupRestoration (3ms)
Refreshing native plugins compatible for Editor in 1.48 ms, found 2 plugins.
Preloading 0 native plugins for Editor in 0.00 ms.
Unloading 0 Unused Serialized files (Serialized files now loaded: 0)
Unloading 2731 unused Assets / (357.8 KB). Loaded Objects now: 3346.
Memory consumption went from 211.2 MB to 210.9 MB.
Total: 8.414250 ms (FindLiveObjects: 0.166417 ms CreateObjectMapping: 0.078208 ms MarkObjects: 7.688000 ms  DeleteObjects: 0.481125 ms)

Prepare: number of updated asset objects reloaded= 0
========================================================================
Received Prepare
Begin MonoManager ReloadAssembly
Thread 0x3219c7000 may have been prematurely finalized
Symbol file LoadedFromMemory is not a mono symbol file
- Loaded All Assemblies, in  0.518 seconds
Refreshing native plugins compatible for Editor in 1.04 ms, found 2 plugins.
Native extension for OSXStandalone target not found
Refreshing native plugins compatible for Editor in 1.26 ms, found 2 plugins.
Mono: successfully reloaded assembly
- Finished resetting the current domain, in  0.886 seconds
Domain Reload Profiling: 1406ms
	BeginReloadAssembly (186ms)
		ExecutionOrderSort (0ms)
		DisableScriptedObjects (10ms)
		BackupInstance (0ms)
		ReleaseScriptingObjects (0ms)
		CreateAndSetChildDomain (73ms)
	RebuildCommonClasses (35ms)
	RebuildNativeTypeToScriptingClass (11ms)
	initialDomainReloadingComplete (23ms)
	LoadAllAssembliesAndSetupDomain (265ms)
		LoadAssemblies (233ms)
		RebuildTransferFunctionScriptingTraits (0ms)
		AnalyzeDomain (93ms)
			TypeCache.Refresh (6ms)
				TypeCache.ScanAssembly (0ms)
			BuildScriptInfoCaches (83ms)
			ResolveRequiredComponents (2ms)
	FinalizeReload (887ms)
		ReleaseScriptCaches (0ms)
		RebuildScriptCaches (0ms)
		SetupLoadedEditorAssemblies (721ms)
			LogAssemblyErrors (0ms)
			InitializePlatformSupportModulesInManaged (2ms)
			SetLoadedEditorAssemblies (4ms)
			BeforeProcessingInitializeOnLoad (46ms)
			ProcessInitializeOnLoadAttributes (530ms)
			ProcessInitializeOnLoadMethodAttributes (135ms)
			AfterProcessingInitializeOnLoad (3ms)
			EditorAssembliesLoaded (0ms)
		ExecutionOrderSort2 (0ms)
		AwakeInstancesAfterBackupRestoration (3ms)
Refreshing native plugins compatible for Editor in 1.13 ms, found 2 plugins.
Preloading 0 native plugins for Editor in 0.00 ms.
Unloading 0 Unused Serialized files (Serialized files now loaded: 0)
Unloading 2731 unused Assets / (270.0 KB). Loaded Objects now: 3346.
Memory consumption went from 217.3 MB to 217.1 MB.
Total: 8.466000 ms (FindLiveObjects: 0.140000 ms CreateObjectMapping: 0.064292 ms MarkObjects: 7.818541 ms  DeleteObjects: 0.442250 ms)

Prepare: number of updated asset objects reloaded= 0
========================================================================
Received Prepare
Begin MonoManager ReloadAssembly
Thread 0x313493000 may have been prematurely finalized
Symbol file LoadedFromMemory is not a mono symbol file
- Loaded All Assemblies, in  0.546 seconds
Refreshing native plugins compatible for Editor in 3.57 ms, found 2 plugins.
Native extension for OSXStandalone target not found
Refreshing native plugins compatible for Editor in 1.54 ms, found 2 plugins.
Mono: successfully reloaded assembly
- Finished resetting the current domain, in  0.888 seconds
Domain Reload Profiling: 1435ms
	BeginReloadAssembly (184ms)
		ExecutionOrderSort (0ms)
		DisableScriptedObjects (15ms)
		BackupInstance (0ms)
		ReleaseScriptingObjects (0ms)
		CreateAndSetChildDomain (85ms)
	RebuildCommonClasses (39ms)
	RebuildNativeTypeToScriptingClass (11ms)
	initialDomainReloadingComplete (18ms)
	LoadAllAssembliesAndSetupDomain (295ms)
		LoadAssemblies (235ms)
		RebuildTransferFunctionScriptingTraits (0ms)
		AnalyzeDomain (107ms)
			TypeCache.Refresh (10ms)
				TypeCache.ScanAssembly (0ms)
			BuildScriptInfoCaches (92ms)
			ResolveRequiredComponents (3ms)
	FinalizeReload (888ms)
		ReleaseScriptCaches (0ms)
		RebuildScriptCaches (0ms)
		SetupLoadedEditorAssemblies (725ms)
			LogAssemblyErrors (0ms)
			InitializePlatformSupportModulesInManaged (2ms)
			SetLoadedEditorAssemblies (4ms)
			BeforeProcessingInitializeOnLoad (39ms)
			ProcessInitializeOnLoadAttributes (538ms)
			ProcessInitializeOnLoadMethodAttributes (138ms)
			AfterProcessingInitializeOnLoad (3ms)
			EditorAssembliesLoaded (0ms)
		ExecutionOrderSort2 (0ms)
		AwakeInstancesAfterBackupRestoration (3ms)
Refreshing native plugins compatible for Editor in 1.17 ms, found 2 plugins.
Preloading 0 native plugins for Editor in 0.00 ms.
Unloading 0 Unused Serialized files (Serialized files now loaded: 0)
Unloading 2731 unused Assets / (355.0 KB). Loaded Objects now: 3346.
Memory consumption went from 223.4 MB to 223.1 MB.
Total: 9.159792 ms (FindLiveObjects: 0.174333 ms CreateObjectMapping: 0.068542 ms MarkObjects: 8.382667 ms  DeleteObjects: 0.533709 ms)

Prepare: number of updated asset objects reloaded= 0
========================================================================
Received Prepare
Begin MonoManager ReloadAssembly
Thread 0x313493000 may have been prematurely finalized
Symbol file LoadedFromMemory is not a mono symbol file
- Loaded All Assemblies, in  0.580 seconds
Refreshing native plugins compatible for Editor in 1.09 ms, found 2 plugins.
Native extension for OSXStandalone target not found
Refreshing native plugins compatible for Editor in 1.24 ms, found 2 plugins.
Mono: successfully reloaded assembly
- Finished resetting the current domain, in  0.828 seconds
Domain Reload Profiling: 1410ms
	BeginReloadAssembly (219ms)
		ExecutionOrderSort (0ms)
		DisableScriptedObjects (11ms)
		BackupInstance (0ms)
		ReleaseScriptingObjects (0ms)
		CreateAndSetChildDomain (77ms)
	RebuildCommonClasses (35ms)
	RebuildNativeTypeToScriptingClass (11ms)
	initialDomainReloadingComplete (17ms)
	LoadAllAssembliesAndSetupDomain (300ms)
		LoadAssemblies (267ms)
		RebuildTransferFunctionScriptingTraits (0ms)
		AnalyzeDomain (112ms)
			TypeCache.Refresh (6ms)
				TypeCache.ScanAssembly (0ms)
			BuildScriptInfoCaches (100ms)
			ResolveRequiredComponents (3ms)
	FinalizeReload (829ms)
		ReleaseScriptCaches (0ms)
		RebuildScriptCaches (0ms)
		SetupLoadedEditorAssemblies (677ms)
			LogAssemblyErrors (0ms)
			InitializePlatformSupportModulesInManaged (2ms)
			SetLoadedEditorAssemblies (4ms)
			BeforeProcessingInitializeOnLoad (48ms)
			ProcessInitializeOnLoadAttributes (490ms)
			ProcessInitializeOnLoadMethodAttributes (129ms)
			AfterProcessingInitializeOnLoad (3ms)
			EditorAssembliesLoaded (0ms)
		ExecutionOrderSort2 (0ms)
		AwakeInstancesAfterBackupRestoration (3ms)
Refreshing native plugins compatible for Editor in 1.10 ms, found 2 plugins.
Preloading 0 native plugins for Editor in 0.00 ms.
Unloading 0 Unused Serialized files (Serialized files now loaded: 0)
Unloading 2731 unused Assets / (215.5 KB). Loaded Objects now: 3346.
Memory consumption went from 229.6 MB to 229.3 MB.
Total: 8.161625 ms (FindLiveObjects: 0.141625 ms CreateObjectMapping: 0.066333 ms MarkObjects: 7.496417 ms  DeleteObjects: 0.456666 ms)

Prepare: number of updated asset objects reloaded= 0
========================================================================
Received Prepare
Begin MonoManager ReloadAssembly
Thread 0x3127c3000 may have been prematurely finalized
Symbol file LoadedFromMemory is not a mono symbol file
- Loaded All Assemblies, in  0.483 seconds
Refreshing native plugins compatible for Editor in 1.12 ms, found 2 plugins.
Native extension for OSXStandalone target not found
Refreshing native plugins compatible for Editor in 1.46 ms, found 2 plugins.
Mono: successfully reloaded assembly
- Finished resetting the current domain, in  0.885 seconds
Domain Reload Profiling: 1369ms
	BeginReloadAssembly (123ms)
		ExecutionOrderSort (0ms)
		DisableScriptedObjects (7ms)
		BackupInstance (0ms)
		ReleaseScriptingObjects (0ms)
		CreateAndSetChildDomain (51ms)
	RebuildCommonClasses (33ms)
	RebuildNativeTypeToScriptingClass (11ms)
	initialDomainReloadingComplete (19ms)
	LoadAllAssembliesAndSetupDomain (298ms)
		LoadAssemblies (245ms)
		RebuildTransferFunctionScriptingTraits (0ms)
		AnalyzeDomain (89ms)
			TypeCache.Refresh (7ms)
				TypeCache.ScanAssembly (0ms)
			BuildScriptInfoCaches (77ms)
			ResolveRequiredComponents (2ms)
	FinalizeReload (885ms)
		ReleaseScriptCaches (0ms)
		RebuildScriptCaches (0ms)
		SetupLoadedEditorAssemblies (721ms)
			LogAssemblyErrors (0ms)
			InitializePlatformSupportModulesInManaged (2ms)
			SetLoadedEditorAssemblies (5ms)
			BeforeProcessingInitializeOnLoad (51ms)
			ProcessInitializeOnLoadAttributes (524ms)
			ProcessInitializeOnLoadMethodAttributes (136ms)
			AfterProcessingInitializeOnLoad (3ms)
			EditorAssembliesLoaded (0ms)
		ExecutionOrderSort2 (0ms)
		AwakeInstancesAfterBackupRestoration (3ms)
Refreshing native plugins compatible for Editor in 1.18 ms, found 2 plugins.
Preloading 0 native plugins for Editor in 0.00 ms.
Unloading 0 Unused Serialized files (Serialized files now loaded: 0)
Unloading 2731 unused Assets / (251.7 KB). Loaded Objects now: 3346.
Memory consumption went from 235.6 MB to 235.4 MB.
Total: 8.818875 ms (FindLiveObjects: 0.178916 ms CreateObjectMapping: 0.081667 ms MarkObjects: 8.021458 ms  DeleteObjects: 0.536250 ms)

Prepare: number of updated asset objects reloaded= 0
========================================================================
Received Prepare
Begin MonoManager ReloadAssembly
Thread 0x3127c3000 may have been prematurely finalized
Symbol file LoadedFromMemory is not a mono symbol file
- Loaded All Assemblies, in  0.621 seconds
Refreshing native plugins compatible for Editor in 1.40 ms, found 2 plugins.
Native extension for OSXStandalone target not found
Refreshing native plugins compatible for Editor in 1.32 ms, found 2 plugins.
Mono: successfully reloaded assembly
- Finished resetting the current domain, in  0.879 seconds
Domain Reload Profiling: 1502ms
	BeginReloadAssembly (235ms)
		ExecutionOrderSort (0ms)
		DisableScriptedObjects (10ms)
		BackupInstance (0ms)
		ReleaseScriptingObjects (0ms)
		CreateAndSetChildDomain (87ms)
	RebuildCommonClasses (35ms)
	RebuildNativeTypeToScriptingClass (11ms)
	initialDomainReloadingComplete (17ms)
	LoadAllAssembliesAndSetupDomain (324ms)
		LoadAssemblies (294ms)
		RebuildTransferFunctionScriptingTraits (0ms)
		AnalyzeDomain (114ms)
			TypeCache.Refresh (26ms)
				TypeCache.ScanAssembly (0ms)
			BuildScriptInfoCaches (84ms)
			ResolveRequiredComponents (3ms)
	FinalizeReload (880ms)
		ReleaseScriptCaches (0ms)
		RebuildScriptCaches (0ms)
		SetupLoadedEditorAssemblies (728ms)
			LogAssemblyErrors (0ms)
			InitializePlatformSupportModulesInManaged (5ms)
			SetLoadedEditorAssemblies (4ms)
			BeforeProcessingInitializeOnLoad (48ms)
			ProcessInitializeOnLoadAttributes (529ms)
			ProcessInitializeOnLoadMethodAttributes (139ms)
			AfterProcessingInitializeOnLoad (3ms)
			EditorAssembliesLoaded (0ms)
		ExecutionOrderSort2 (0ms)
		AwakeInstancesAfterBackupRestoration (3ms)
Refreshing native plugins compatible for Editor in 1.38 ms, found 2 plugins.
Preloading 0 native plugins for Editor in 0.00 ms.
Unloading 0 Unused Serialized files (Serialized files now loaded: 0)
Unloading 2731 unused Assets / (344.1 KB). Loaded Objects now: 3346.
Memory consumption went from 241.7 MB to 241.3 MB.
Total: 8.509458 ms (FindLiveObjects: 0.164167 ms CreateObjectMapping: 0.066541 ms MarkObjects: 7.825542 ms  DeleteObjects: 0.452000 ms)

Prepare: number of updated asset objects reloaded= 0
========================================================================
Received Prepare
Begin MonoManager ReloadAssembly
Thread 0x3127c3000 may have been prematurely finalized
Symbol file LoadedFromMemory is not a mono symbol file
- Loaded All Assemblies, in  0.500 seconds
Refreshing native plugins compatible for Editor in 1.15 ms, found 2 plugins.
Native extension for OSXStandalone target not found
Refreshing native plugins compatible for Editor in 1.42 ms, found 2 plugins.
Mono: successfully reloaded assembly
- Finished resetting the current domain, in  0.854 seconds
Domain Reload Profiling: 1354ms
	BeginReloadAssembly (192ms)
		ExecutionOrderSort (0ms)
		DisableScriptedObjects (8ms)
		BackupInstance (0ms)
		ReleaseScriptingObjects (0ms)
		CreateAndSetChildDomain (76ms)
	RebuildCommonClasses (39ms)
	RebuildNativeTypeToScriptingClass (11ms)
	initialDomainReloadingComplete (21ms)
	LoadAllAssembliesAndSetupDomain (238ms)
		LoadAssemblies (219ms)
		RebuildTransferFunctionScriptingTraits (0ms)
		AnalyzeDomain (82ms)
			TypeCache.Refresh (6ms)
				TypeCache.ScanAssembly (0ms)
			BuildScriptInfoCaches (71ms)
			ResolveRequiredComponents (2ms)
	FinalizeReload (854ms)
		ReleaseScriptCaches (0ms)
		RebuildScriptCaches (0ms)
		SetupLoadedEditorAssemblies (700ms)
			LogAssemblyErrors (0ms)
			InitializePlatformSupportModulesInManaged (2ms)
			SetLoadedEditorAssemblies (4ms)
			BeforeProcessingInitializeOnLoad (43ms)
			ProcessInitializeOnLoadAttributes (509ms)
			ProcessInitializeOnLoadMethodAttributes (139ms)
			AfterProcessingInitializeOnLoad (3ms)
			EditorAssembliesLoaded (0ms)
		ExecutionOrderSort2 (0ms)
		AwakeInstancesAfterBackupRestoration (3ms)
Refreshing native plugins compatible for Editor in 1.15 ms, found 2 plugins.
Preloading 0 native plugins for Editor in 0.00 ms.
Unloading 0 Unused Serialized files (Serialized files now loaded: 0)
Unloading 2731 unused Assets / (212.9 KB). Loaded Objects now: 3346.
Memory consumption went from 247.8 MB to 247.6 MB.
Total: 8.339625 ms (FindLiveObjects: 0.157917 ms CreateObjectMapping: 0.071250 ms MarkObjects: 7.637042 ms  DeleteObjects: 0.473000 ms)

Prepare: number of updated asset objects reloaded= 0
========================================================================
Received Import Request.
  Time since last request: 1428.369269 seconds.
  path: Assets/Scenes/TrackSelect.unity
  artifactKey: Guid(1742e2ffb5a689b42b6cc71188681420) Importer(815301076,1909f56bfc062723c751e8b465ee728b)
Start importing Assets/Scenes/TrackSelect.unity using Guid(1742e2ffb5a689b42b6cc71188681420) Importer(815301076,1909f56bfc062723c751e8b465ee728b) (PreviewImporter) -> (artifact id: '3d4cee8468d65be5918c352b0ff55761') in 0.011251666 seconds
Number of updated asset objects reloaded before import = 0Number of asset objects unloaded after import = 0

========================================================================
Received Import Request.
  Time since last request: 18.077249 seconds.
  path: Assets/Scenes/RaceArea02.unity
  artifactKey: Guid(2c9ed9fd7a307074881e30ffe168e4ac) Importer(815301076,1909f56bfc062723c751e8b465ee728b)
Start importing Assets/Scenes/RaceArea02.unity using Guid(2c9ed9fd7a307074881e30ffe168e4ac) Importer(815301076,1909f56bfc062723c751e8b465ee728b) (PreviewImporter) -> (artifact id: '91c2926f1753ccd7b8dc172d6110e2cb') in 0.001466916 seconds
Number of updated asset objects reloaded before import = 0Number of asset objects unloaded after import = 0

========================================================================
Received Import Request.
  Time since last request: 124.297550 seconds.
  path: Assets/Textures/Asphalt001.jpg
  artifactKey: Guid(dcd02a661d69dda4fa9c8798cdd53f7c) Importer(815301076,1909f56bfc062723c751e8b465ee728b)
Start importing Assets/Textures/Asphalt001.jpg using Guid(dcd02a661d69dda4fa9c8798cdd53f7c) Importer(815301076,1909f56bfc062723c751e8b465ee728b) (PreviewImporter) -> (artifact id: 'a212d4c405f857236fef6448163810f8') in 0.193969084 seconds
Number of updated asset objects reloaded before import = 0Number of asset objects unloaded after import = 2

========================================================================
Received Import Request.
  Time since last request: 0.000065 seconds.
  path: Assets/Textures/Grass001_N.jpg
  artifactKey: Guid(8051b1fd8a5a47b49a20cf5c9a1f445e) Importer(815301076,1909f56bfc062723c751e8b465ee728b)
Start importing Assets/Textures/Grass001_N.jpg using Guid(8051b1fd8a5a47b49a20cf5c9a1f445e) Importer(815301076,1909f56bfc062723c751e8b465ee728b) (PreviewImporter) -> (artifact id: 'b8bea7f980d465bf6fb8667e57ee2f30') in 0.072580042 seconds
Number of updated asset objects reloaded before import = 0Number of asset objects unloaded after import = 2

========================================================================
Received Import Request.
  Time since last request: 3.203472 seconds.
  path: Assets/Thumbnails/track01.PNG
  artifactKey: Guid(80f7748424762004d9a90b471ce902fa) Importer(815301076,1909f56bfc062723c751e8b465ee728b)
Start importing Assets/Thumbnails/track01.PNG using Guid(80f7748424762004d9a90b471ce902fa) Importer(815301076,1909f56bfc062723c751e8b465ee728b) (PreviewImporter) -> (artifact id: 'f67057efe245294287de0a66fbdbd60b') in 0.038304208 seconds
Number of updated asset objects reloaded before import = 0Number of asset objects unloaded after import = 3

========================================================================
Received Import Request.
  Time since last request: 29.544145 seconds.
  path: Assets/Thumbnails/Screenshot 2025-05-13 at 9.14.02 AM.png
  artifactKey: Guid(664cfeac1e2c543fbad246d7ea1f191d) Importer(815301076,1909f56bfc062723c751e8b465ee728b)
Start importing Assets/Thumbnails/Screenshot 2025-05-13 at 9.14.02 AM.png using Guid(664cfeac1e2c543fbad246d7ea1f191d) Importer(815301076,1909f56bfc062723c751e8b465ee728b) (PreviewImporter) -> (artifact id: '84eb0b156e3802e3886635d3255c3f7d') in 0.028489292 seconds
Number of updated asset objects reloaded before import = 0Number of asset objects unloaded after import = 2

========================================================================
Received Import Request.
  Time since last request: 10.678836 seconds.
  path: Assets/Thumbnails/track02.png
  artifactKey: Guid(664cfeac1e2c543fbad246d7ea1f191d) Importer(815301076,1909f56bfc062723c751e8b465ee728b)
Start importing Assets/Thumbnails/track02.png using Guid(664cfeac1e2c543fbad246d7ea1f191d) Importer(815301076,1909f56bfc062723c751e8b465ee728b) (PreviewImporter) -> (artifact id: 'a26a7060c1e317e417f02af899d35cca') in 0.012760125 seconds
Number of updated asset objects reloaded before import = 0Number of asset objects unloaded after import = 2

========================================================================
Received Import Request.
  Time since last request: 93.588776 seconds.
  path: Assets/New Terrain.asset
  artifactKey: Guid(bf91ee4b98ee02a41833d706990661a0) Importer(815301076,1909f56bfc062723c751e8b465ee728b)
Start importing Assets/New Terrain.asset using Guid(bf91ee4b98ee02a41833d706990661a0) Importer(815301076,1909f56bfc062723c751e8b465ee728b) (PreviewImporter) -> (artifact id: '465f84ff55434739633fdd992936e645') in 0.070284083 seconds
Number of updated asset objects reloaded before import = 0Number of asset objects unloaded after import = 44

========================================================================
Received Import Request.
  Time since last request: 62.387202 seconds.
  path: Assets/Thumbnails/track02.png
  artifactKey: Guid(664cfeac1e2c543fbad246d7ea1f191d) Importer(815301076,1909f56bfc062723c751e8b465ee728b)
Start importing Assets/Thumbnails/track02.png using Guid(664cfeac1e2c543fbad246d7ea1f191d) Importer(815301076,1909f56bfc062723c751e8b465ee728b) (PreviewImporter) -> (artifact id: '4e349a188fac9a55c9ee9e5de32b5989') in 0.020023291 seconds
Number of updated asset objects reloaded before import = 0Number of asset objects unloaded after import = 2

========================================================================
Received Import Request.
  Time since last request: 6.967609 seconds.
  path: Assets/Thumbnails/track02.png
  artifactKey: Guid(664cfeac1e2c543fbad246d7ea1f191d) Importer(815301076,1909f56bfc062723c751e8b465ee728b)
Start importing Assets/Thumbnails/track02.png using Guid(664cfeac1e2c543fbad246d7ea1f191d) Importer(815301076,1909f56bfc062723c751e8b465ee728b) (PreviewImporter) -> (artifact id: '44a8229fd1f537ac451acf12aa66535e') in 0.022774292 seconds
Number of updated asset objects reloaded before import = 0Number of asset objects unloaded after import = 3

========================================================================
Received Import Request.
  Time since last request: 297.767879 seconds.
  path: Assets/Thumbnails/Car001Thumb.png
  artifactKey: Guid(0b7d2a23c0aec48ad87b21dd0f86a73c) Importer(815301076,1909f56bfc062723c751e8b465ee728b)
Start importing Assets/Thumbnails/Car001Thumb.png using Guid(0b7d2a23c0aec48ad87b21dd0f86a73c) Importer(815301076,1909f56bfc062723c751e8b465ee728b) (PreviewImporter) -> (artifact id: '588261e186e7f8ec4a1006c93b568d20') in 0.023929917 seconds
Number of updated asset objects reloaded before import = 0Number of asset objects unloaded after import = 2

========================================================================
Received Import Request.
  Time since last request: 4.356452 seconds.
  path: Assets/Thumbnails/Car003Thumb.png
  artifactKey: Guid(39144777d48c147859a5cd18c3611aaf) Importer(815301076,1909f56bfc062723c751e8b465ee728b)
Start importing Assets/Thumbnails/Car003Thumb.png using Guid(39144777d48c147859a5cd18c3611aaf) Importer(815301076,1909f56bfc062723c751e8b465ee728b) (PreviewImporter) -> (artifact id: '6863111208f69c15a4e9300ead49a32f') in 0.00552575 seconds
Number of updated asset objects reloaded before import = 0Number of asset objects unloaded after import = 2

========================================================================
Received Import Request.
  Time since last request: 15.126238 seconds.
  path: Assets/Thumbnails/Car001Thumb.png
  artifactKey: Guid(0b7d2a23c0aec48ad87b21dd0f86a73c) Importer(815301076,1909f56bfc062723c751e8b465ee728b)
Start importing Assets/Thumbnails/Car001Thumb.png using Guid(0b7d2a23c0aec48ad87b21dd0f86a73c) Importer(815301076,1909f56bfc062723c751e8b465ee728b) (PreviewImporter) -> (artifact id: '0dfd61db61cfa7d2005a627738ff5683') in 0.012249541 seconds
Number of updated asset objects reloaded before import = 0Number of asset objects unloaded after import = 3

========================================================================
Received Import Request.
  Time since last request: 8.212216 seconds.
  path: Assets/Thumbnails/Car003Thumb.png
  artifactKey: Guid(39144777d48c147859a5cd18c3611aaf) Importer(815301076,1909f56bfc062723c751e8b465ee728b)
Start importing Assets/Thumbnails/Car003Thumb.png using Guid(39144777d48c147859a5cd18c3611aaf) Importer(815301076,1909f56bfc062723c751e8b465ee728b) (PreviewImporter) -> (artifact id: 'e83e0815d7e6128d036c141290aca39d') in 0.007902292 seconds
Number of updated asset objects reloaded before import = 0Number of asset objects unloaded after import = 3

========================================================================
Received Import Request.
  Time since last request: 592.139141 seconds.
  path: Assets/Materials/Flag.mat
  artifactKey: Guid(a0cf77caf5e01294e9cc9fbe184f3ebc) Importer(815301076,1909f56bfc062723c751e8b465ee728b)
Start importing Assets/Materials/Flag.mat using Guid(a0cf77caf5e01294e9cc9fbe184f3ebc) Importer(815301076,1909f56bfc062723c751e8b465ee728b) (PreviewImporter) -> (artifact id: 'b8cc2a1078a7a381979501e0f8f2bd93') in 0.399834375 seconds
Number of updated asset objects reloaded before import = 0Number of asset objects unloaded after import = 2

========================================================================
Received Prepare
Refreshing native plugins compatible for Editor in 6.04 ms, found 2 plugins.
Preloading 0 native plugins for Editor in 0.00 ms.
Unloading 0 Unused Serialized files (Serialized files now loaded: 0)
Unloading 2699 unused Assets / (0.6 MB). Loaded Objects now: 3400.
Memory consumption went from 239.6 MB to 239.1 MB.
Total: 22.965291 ms (FindLiveObjects: 0.210833 ms CreateObjectMapping: 0.077167 ms MarkObjects: 22.248291 ms  DeleteObjects: 0.428333 ms)

Prepare: number of updated asset objects reloaded= 0
========================================================================
Received Import Request.
  Time since last request: 28.738921 seconds.
  path: Assets/Scripts/GlobalCar.cs
  artifactKey: Guid(a455287d717314f4c842bda95f82cab2) Importer(815301076,1909f56bfc062723c751e8b465ee728b)
Start importing Assets/Scripts/GlobalCar.cs using Guid(a455287d717314f4c842bda95f82cab2) Importer(815301076,1909f56bfc062723c751e8b465ee728b) (PreviewImporter) -> (artifact id: '7a03802e699a281ce72e645a5b98e922') in 0.001159417 seconds
Number of updated asset objects reloaded before import = 0Number of asset objects unloaded after import = 0

========================================================================
Received Prepare
Begin MonoManager ReloadAssembly
Thread 0x3127c3000 may have been prematurely finalized
Symbol file LoadedFromMemory is not a mono symbol file
- Loaded All Assemblies, in  0.586 seconds
Refreshing native plugins compatible for Editor in 1.05 ms, found 2 plugins.
Native extension for OSXStandalone target not found
Refreshing native plugins compatible for Editor in 1.19 ms, found 2 plugins.
Mono: successfully reloaded assembly
- Finished resetting the current domain, in  0.837 seconds
Domain Reload Profiling: 1424ms
	BeginReloadAssembly (182ms)
		ExecutionOrderSort (0ms)
		DisableScriptedObjects (10ms)
		BackupInstance (0ms)
		ReleaseScriptingObjects (1ms)
		CreateAndSetChildDomain (75ms)
	RebuildCommonClasses (34ms)
	RebuildNativeTypeToScriptingClass (11ms)
	initialDomainReloadingComplete (25ms)
	LoadAllAssembliesAndSetupDomain (334ms)
		LoadAssemblies (286ms)
		RebuildTransferFunctionScriptingTraits (0ms)
		AnalyzeDomain (103ms)
			TypeCache.Refresh (11ms)
				TypeCache.ScanAssembly (0ms)
			BuildScriptInfoCaches (87ms)
			ResolveRequiredComponents (3ms)
	FinalizeReload (837ms)
		ReleaseScriptCaches (0ms)
		RebuildScriptCaches (0ms)
		SetupLoadedEditorAssemblies (683ms)
			LogAssemblyErrors (0ms)
			InitializePlatformSupportModulesInManaged (2ms)
			SetLoadedEditorAssemblies (5ms)
			BeforeProcessingInitializeOnLoad (43ms)
			ProcessInitializeOnLoadAttributes (497ms)
			ProcessInitializeOnLoadMethodAttributes (133ms)
			AfterProcessingInitializeOnLoad (3ms)
			EditorAssembliesLoaded (0ms)
		ExecutionOrderSort2 (0ms)
		AwakeInstancesAfterBackupRestoration (3ms)
Refreshing native plugins compatible for Editor in 1.15 ms, found 2 plugins.
Preloading 0 native plugins for Editor in 0.00 ms.
Unloading 0 Unused Serialized files (Serialized files now loaded: 0)
Unloading 2732 unused Assets / (319.2 KB). Loaded Objects now: 3399.
Memory consumption went from 254.6 MB to 254.2 MB.
Total: 7.623500 ms (FindLiveObjects: 0.141042 ms CreateObjectMapping: 0.065333 ms MarkObjects: 7.059750 ms  DeleteObjects: 0.356791 ms)

Prepare: number of updated asset objects reloaded= 0
========================================================================
Received Prepare
Begin MonoManager ReloadAssembly
Thread 0x3127c3000 may have been prematurely finalized
Symbol file LoadedFromMemory is not a mono symbol file
- Loaded All Assemblies, in  0.527 seconds
Refreshing native plugins compatible for Editor in 1.15 ms, found 2 plugins.
Native extension for OSXStandalone target not found
Refreshing native plugins compatible for Editor in 1.44 ms, found 2 plugins.
Mono: successfully reloaded assembly
- Finished resetting the current domain, in  0.847 seconds
Domain Reload Profiling: 1375ms
	BeginReloadAssembly (181ms)
		ExecutionOrderSort (0ms)
		DisableScriptedObjects (10ms)
		BackupInstance (0ms)
		ReleaseScriptingObjects (0ms)
		CreateAndSetChildDomain (82ms)
	RebuildCommonClasses (35ms)
	RebuildNativeTypeToScriptingClass (16ms)
	initialDomainReloadingComplete (29ms)
	LoadAllAssembliesAndSetupDomain (267ms)
		LoadAssemblies (216ms)
		RebuildTransferFunctionScriptingTraits (0ms)
		AnalyzeDomain (93ms)
			TypeCache.Refresh (8ms)
				TypeCache.ScanAssembly (0ms)
			BuildScriptInfoCaches (81ms)
			ResolveRequiredComponents (2ms)
	FinalizeReload (847ms)
		ReleaseScriptCaches (0ms)
		RebuildScriptCaches (0ms)
		SetupLoadedEditorAssemblies (696ms)
			LogAssemblyErrors (0ms)
			InitializePlatformSupportModulesInManaged (3ms)
			SetLoadedEditorAssemblies (4ms)
			BeforeProcessingInitializeOnLoad (41ms)
			ProcessInitializeOnLoadAttributes (511ms)
			ProcessInitializeOnLoadMethodAttributes (135ms)
			AfterProcessingInitializeOnLoad (3ms)
			EditorAssembliesLoaded (0ms)
		ExecutionOrderSort2 (0ms)
		AwakeInstancesAfterBackupRestoration (3ms)
Refreshing native plugins compatible for Editor in 1.21 ms, found 2 plugins.
Preloading 0 native plugins for Editor in 0.00 ms.
Unloading 0 Unused Serialized files (Serialized files now loaded: 0)
Unloading 2732 unused Assets / (0.5 MB). Loaded Objects now: 3399.
Memory consumption went from 260.7 MB to 260.2 MB.
Total: 8.599458 ms (FindLiveObjects: 0.156833 ms CreateObjectMapping: 0.076500 ms MarkObjects: 7.887334 ms  DeleteObjects: 0.478083 ms)

Prepare: number of updated asset objects reloaded= 0
========================================================================
Received Prepare
Begin MonoManager ReloadAssembly
Thread 0x3127c3000 may have been prematurely finalized
Symbol file LoadedFromMemory is not a mono symbol file
- Loaded All Assemblies, in  0.586 seconds
Refreshing native plugins compatible for Editor in 1.35 ms, found 2 plugins.
Native extension for OSXStandalone target not found
Refreshing native plugins compatible for Editor in 1.21 ms, found 2 plugins.
Mono: successfully reloaded assembly
- Finished resetting the current domain, in  0.854 seconds
Domain Reload Profiling: 1442ms
	BeginReloadAssembly (191ms)
		ExecutionOrderSort (0ms)
		DisableScriptedObjects (19ms)
		BackupInstance (0ms)
		ReleaseScriptingObjects (0ms)
		CreateAndSetChildDomain (74ms)
	RebuildCommonClasses (38ms)
	RebuildNativeTypeToScriptingClass (11ms)
	initialDomainReloadingComplete (24ms)
	LoadAllAssembliesAndSetupDomain (322ms)
		LoadAssemblies (274ms)
		RebuildTransferFunctionScriptingTraits (0ms)
		AnalyzeDomain (98ms)
			TypeCache.Refresh (6ms)
				TypeCache.ScanAssembly (0ms)
			BuildScriptInfoCaches (87ms)
			ResolveRequiredComponents (3ms)
	FinalizeReload (855ms)
		ReleaseScriptCaches (0ms)
		RebuildScriptCaches (0ms)
		SetupLoadedEditorAssemblies (696ms)
			LogAssemblyErrors (0ms)
			InitializePlatformSupportModulesInManaged (2ms)
			SetLoadedEditorAssemblies (5ms)
			BeforeProcessingInitializeOnLoad (53ms)
			ProcessInitializeOnLoadAttributes (512ms)
			ProcessInitializeOnLoadMethodAttributes (120ms)
			AfterProcessingInitializeOnLoad (3ms)
			EditorAssembliesLoaded (0ms)
		ExecutionOrderSort2 (0ms)
		AwakeInstancesAfterBackupRestoration (3ms)
Refreshing native plugins compatible for Editor in 1.09 ms, found 2 plugins.
Preloading 0 native plugins for Editor in 0.00 ms.
Unloading 0 Unused Serialized files (Serialized files now loaded: 0)
Unloading 2732 unused Assets / (305.8 KB). Loaded Objects now: 3399.
Memory consumption went from 266.7 MB to 266.4 MB.
Total: 7.696917 ms (FindLiveObjects: 0.148125 ms CreateObjectMapping: 0.072958 ms MarkObjects: 7.096209 ms  DeleteObjects: 0.379042 ms)

Prepare: number of updated asset objects reloaded= 0
========================================================================
Received Import Request.
  Time since last request: 953.781998 seconds.
  path: Assets/Standard Assets/Vehicles/Car
  artifactKey: Guid(09cfa44c71dfd864283e08dc3fa7fb4b) Importer(815301076,1909f56bfc062723c751e8b465ee728b)
Start importing Assets/Standard Assets/Vehicles/Car using Guid(09cfa44c71dfd864283e08dc3fa7fb4b) Importer(815301076,1909f56bfc062723c751e8b465ee728b) (PreviewImporter) -> (artifact id: '13c82fbdc92133f3429594f9af3e6600') in 0.015521416 seconds
Number of updated asset objects reloaded before import = 0Number of asset objects unloaded after import = 0

========================================================================
Received Import Request.
  Time since last request: 2.071877 seconds.
  path: Assets/Standard Assets/Vehicles/Car/Materials
  artifactKey: Guid(7404f79cd1f1cf04492f2326283a7bb5) Importer(815301076,1909f56bfc062723c751e8b465ee728b)
Start importing Assets/Standard Assets/Vehicles/Car/Materials using Guid(7404f79cd1f1cf04492f2326283a7bb5) Importer(815301076,1909f56bfc062723c751e8b465ee728b) (PreviewImporter) -> (artifact id: '3e93b9ee160001300bbb7e252eefe7b8') in 0.003941792 seconds
Number of updated asset objects reloaded before import = 0Number of asset objects unloaded after import = 0

========================================================================
Received Import Request.
  Time since last request: 0.054445 seconds.
  path: Assets/Standard Assets/Vehicles/Car/Materials/ParticleBurnout.mat
  artifactKey: Guid(32314ba6cfa407640bffbb7b20708949) Importer(815301076,1909f56bfc062723c751e8b465ee728b)
Start importing Assets/Standard Assets/Vehicles/Car/Materials/ParticleBurnout.mat using Guid(32314ba6cfa407640bffbb7b20708949) Importer(815301076,1909f56bfc062723c751e8b465ee728b) (PreviewImporter) -> (artifact id: '1b7f96de5e555138f1c0251da4bb75ef') in 0.538804708 seconds
Number of updated asset objects reloaded before import = 0Number of asset objects unloaded after import = 2

========================================================================
Received Import Request.
  Time since last request: 0.000186 seconds.
  path: Assets/Standard Assets/Vehicles/Car/Materials/TrailSkid.mat
  artifactKey: Guid(f4dd0bba6decdd5418fd3d541ff5f7f0) Importer(815301076,1909f56bfc062723c751e8b465ee728b)
Start importing Assets/Standard Assets/Vehicles/Car/Materials/TrailSkid.mat using Guid(f4dd0bba6decdd5418fd3d541ff5f7f0) Importer(815301076,1909f56bfc062723c751e8b465ee728b) (PreviewImporter) -> (artifact id: '02a7ab7824d77a940c9a7e4d71cec2a9') in 0.053642917 seconds
Number of updated asset objects reloaded before import = 0Number of asset objects unloaded after import = 2

========================================================================
Received Import Request.
  Time since last request: 0.000083 seconds.
  path: Assets/Standard Assets/Vehicles/Car/Materials/SkyCarWheelGrey.mat
  artifactKey: Guid(965a4c3cf8f0acb408f15384c947b3fd) Importer(815301076,1909f56bfc062723c751e8b465ee728b)
Start importing Assets/Standard Assets/Vehicles/Car/Materials/SkyCarWheelGrey.mat using Guid(965a4c3cf8f0acb408f15384c947b3fd) Importer(815301076,1909f56bfc062723c751e8b465ee728b) (PreviewImporter) -> (artifact id: '2b3489a39af755a767f2d905fcae78de') in 0.166661292 seconds
Number of updated asset objects reloaded before import = 0Number of asset objects unloaded after import = 3

========================================================================
Received Import Request.
  Time since last request: 0.000054 seconds.
  path: Assets/Standard Assets/Vehicles/Car/Materials/SkyCarLightCoversWhite.mat
  artifactKey: Guid(bedcbcc4d577778478a5f01fe1415af1) Importer(815301076,1909f56bfc062723c751e8b465ee728b)
Start importing Assets/Standard Assets/Vehicles/Car/Materials/SkyCarLightCoversWhite.mat using Guid(bedcbcc4d577778478a5f01fe1415af1) Importer(815301076,1909f56bfc062723c751e8b465ee728b) (PreviewImporter) -> (artifact id: '03fc386537c0ed7cdcf4ca933f49b7e9') in 0.118075292 seconds
Number of updated asset objects reloaded before import = 0Number of asset objects unloaded after import = 1

========================================================================
Received Import Request.
  Time since last request: 48.661640 seconds.
  path: Assets/Standard Assets/Vehicles/Car/Materials/SkyCarBodyGrey 1.mat
  artifactKey: Guid(7b18f7b57fa2449c9b5cdcb0460a7d87) Importer(815301076,1909f56bfc062723c751e8b465ee728b)
Start importing Assets/Standard Assets/Vehicles/Car/Materials/SkyCarBodyGrey 1.mat using Guid(7b18f7b57fa2449c9b5cdcb0460a7d87) Importer(815301076,1909f56bfc062723c751e8b465ee728b) (PreviewImporter) -> (artifact id: '28a18bc5bdaf2a5e05906050fa8f45bb') in 0.063809667 seconds
Number of updated asset objects reloaded before import = 0Number of asset objects unloaded after import = 3

========================================================================
Received Import Request.
  Time since last request: 16.346502 seconds.
  path: Assets/Standard Assets/Vehicles/Car/Materials/SkyCarBodyRed.mat
  artifactKey: Guid(7b18f7b57fa2449c9b5cdcb0460a7d87) Importer(815301076,1909f56bfc062723c751e8b465ee728b)
Start importing Assets/Standard Assets/Vehicles/Car/Materials/SkyCarBodyRed.mat using Guid(7b18f7b57fa2449c9b5cdcb0460a7d87) Importer(815301076,1909f56bfc062723c751e8b465ee728b) (PreviewImporter) -> (artifact id: '326249cbcddca5497385827d93d30395') in 0.030774875 seconds
Number of updated asset objects reloaded before import = 0Number of asset objects unloaded after import = 3

========================================================================
Received Import Request.
  Time since last request: 28.216858 seconds.
  path: Assets/Standard Assets/Vehicles/Car/Materials/SkyCarBodyRed.mat
  artifactKey: Guid(7b18f7b57fa2449c9b5cdcb0460a7d87) Importer(815301076,1909f56bfc062723c751e8b465ee728b)
Start importing Assets/Standard Assets/Vehicles/Car/Materials/SkyCarBodyRed.mat using Guid(7b18f7b57fa2449c9b5cdcb0460a7d87) Importer(815301076,1909f56bfc062723c751e8b465ee728b) (PreviewImporter) -> (artifact id: '9156106e1ad5f0ccb78178d2d3b20001') in 0.042990458 seconds
Number of updated asset objects reloaded before import = 0Number of asset objects unloaded after import = 3

========================================================================
Received Import Request.
  Time since last request: 10.390889 seconds.
  path: Assets/Standard Assets/Vehicles/Car/Materials/SkyCarBodyGreen.mat
  artifactKey: Guid(432d7c22b8ed14b69b99e90dcc8c2307) Importer(815301076,1909f56bfc062723c751e8b465ee728b)
Start importing Assets/Standard Assets/Vehicles/Car/Materials/SkyCarBodyGreen.mat using Guid(432d7c22b8ed14b69b99e90dcc8c2307) Importer(815301076,1909f56bfc062723c751e8b465ee728b) (PreviewImporter) -> (artifact id: 'a7d90f618c46ec9aa2d723aa6aef007e') in 0.013739541 seconds
Number of updated asset objects reloaded before import = 0Number of asset objects unloaded after import = 3

========================================================================
Received Prepare
Refreshing native plugins compatible for Editor in 7.28 ms, found 2 plugins.
Preloading 0 native plugins for Editor in 0.00 ms.
Unloading 0 Unused Serialized files (Serialized files now loaded: 0)
Unloading 2700 unused Assets / (65.0 KB). Loaded Objects now: 3403.
Memory consumption went from 257.7 MB to 257.6 MB.
Total: 70.126125 ms (FindLiveObjects: 0.281250 ms CreateObjectMapping: 0.075208 ms MarkObjects: 69.235334 ms  DeleteObjects: 0.533625 ms)

Prepare: number of updated asset objects reloaded= 0
========================================================================
Received Prepare
Begin MonoManager ReloadAssembly
Thread 0x3127c3000 may have been prematurely finalized
Symbol file LoadedFromMemory is not a mono symbol file
- Loaded All Assemblies, in  0.663 seconds
Refreshing native plugins compatible for Editor in 1.28 ms, found 2 plugins.
Native extension for OSXStandalone target not found
Refreshing native plugins compatible for Editor in 1.22 ms, found 2 plugins.
Mono: successfully reloaded assembly
- Finished resetting the current domain, in  0.818 seconds
Domain Reload Profiling: 1482ms
	BeginReloadAssembly (251ms)
		ExecutionOrderSort (0ms)
		DisableScriptedObjects (23ms)
		BackupInstance (0ms)
		ReleaseScriptingObjects (0ms)
		CreateAndSetChildDomain (107ms)
	RebuildCommonClasses (35ms)
	RebuildNativeTypeToScriptingClass (11ms)
	initialDomainReloadingComplete (20ms)
	LoadAllAssembliesAndSetupDomain (346ms)
		LoadAssemblies (287ms)
		RebuildTransferFunctionScriptingTraits (0ms)
		AnalyzeDomain (123ms)
			TypeCache.Refresh (23ms)
				TypeCache.ScanAssembly (0ms)
			BuildScriptInfoCaches (95ms)
			ResolveRequiredComponents (3ms)
	FinalizeReload (818ms)
		ReleaseScriptCaches (0ms)
		RebuildScriptCaches (0ms)
		SetupLoadedEditorAssemblies (670ms)
			LogAssemblyErrors (0ms)
			InitializePlatformSupportModulesInManaged (2ms)
			SetLoadedEditorAssemblies (4ms)
			BeforeProcessingInitializeOnLoad (42ms)
			ProcessInitializeOnLoadAttributes (483ms)
			ProcessInitializeOnLoadMethodAttributes (135ms)
			AfterProcessingInitializeOnLoad (3ms)
			EditorAssembliesLoaded (0ms)
		ExecutionOrderSort2 (0ms)
		AwakeInstancesAfterBackupRestoration (3ms)
Refreshing native plugins compatible for Editor in 1.13 ms, found 2 plugins.
Preloading 0 native plugins for Editor in 0.00 ms.
Unloading 0 Unused Serialized files (Serialized files now loaded: 0)
Unloading 2733 unused Assets / (497.1 KB). Loaded Objects now: 3402.
Memory consumption went from 272.9 MB to 272.4 MB.
Total: 7.998875 ms (FindLiveObjects: 0.138291 ms CreateObjectMapping: 0.064209 ms MarkObjects: 7.320417 ms  DeleteObjects: 0.475250 ms)

Prepare: number of updated asset objects reloaded= 0
========================================================================
Received Import Request.
  Time since last request: 173.077946 seconds.
  path: Assets/Scripts/CarChoice.cs
  artifactKey: Guid(ff7a8cd58a4984118b078eb0b0564204) Importer(815301076,1909f56bfc062723c751e8b465ee728b)
Start importing Assets/Scripts/CarChoice.cs using Guid(ff7a8cd58a4984118b078eb0b0564204) Importer(815301076,1909f56bfc062723c751e8b465ee728b) (PreviewImporter) -> (artifact id: '107d944db8b8d3d81b4620acb31bdb28') in 0.002747208 seconds
Number of updated asset objects reloaded before import = 0Number of asset objects unloaded after import = 0

========================================================================
Received Prepare
Begin MonoManager ReloadAssembly
Thread 0x3127c3000 may have been prematurely finalized
Symbol file LoadedFromMemory is not a mono symbol file
- Loaded All Assemblies, in  0.429 seconds
Refreshing native plugins compatible for Editor in 1.12 ms, found 2 plugins.
Native extension for OSXStandalone target not found
Refreshing native plugins compatible for Editor in 1.24 ms, found 2 plugins.
Mono: successfully reloaded assembly
- Finished resetting the current domain, in  0.853 seconds
Domain Reload Profiling: 1284ms
	BeginReloadAssembly (124ms)
		ExecutionOrderSort (0ms)
		DisableScriptedObjects (5ms)
		BackupInstance (0ms)
		ReleaseScriptingObjects (0ms)
		CreateAndSetChildDomain (52ms)
	RebuildCommonClasses (34ms)
	RebuildNativeTypeToScriptingClass (11ms)
	initialDomainReloadingComplete (15ms)
	LoadAllAssembliesAndSetupDomain (245ms)
		LoadAssemblies (195ms)
		RebuildTransferFunctionScriptingTraits (0ms)
		AnalyzeDomain (87ms)
			TypeCache.Refresh (10ms)
				TypeCache.ScanAssembly (0ms)
			BuildScriptInfoCaches (72ms)
			ResolveRequiredComponents (3ms)
	FinalizeReload (854ms)
		ReleaseScriptCaches (0ms)
		RebuildScriptCaches (0ms)
		SetupLoadedEditorAssemblies (697ms)
			LogAssemblyErrors (0ms)
			InitializePlatformSupportModulesInManaged (2ms)
			SetLoadedEditorAssemblies (4ms)
			BeforeProcessingInitializeOnLoad (48ms)
			ProcessInitializeOnLoadAttributes (506ms)
			ProcessInitializeOnLoadMethodAttributes (133ms)
			AfterProcessingInitializeOnLoad (3ms)
			EditorAssembliesLoaded (0ms)
		ExecutionOrderSort2 (0ms)
		AwakeInstancesAfterBackupRestoration (3ms)
Refreshing native plugins compatible for Editor in 1.12 ms, found 2 plugins.
Preloading 0 native plugins for Editor in 0.00 ms.
Unloading 0 Unused Serialized files (Serialized files now loaded: 0)
Unloading 2733 unused Assets / (491.9 KB). Loaded Objects now: 3402.
Memory consumption went from 279.0 MB to 278.5 MB.
Total: 8.028875 ms (FindLiveObjects: 0.154000 ms CreateObjectMapping: 0.069417 ms MarkObjects: 7.324167 ms  DeleteObjects: 0.480416 ms)

Prepare: number of updated asset objects reloaded= 0
========================================================================
Received Prepare
Begin MonoManager ReloadAssembly
Thread 0x3127c3000 may have been prematurely finalized
Symbol file LoadedFromMemory is not a mono symbol file
- Loaded All Assemblies, in  0.547 seconds
Refreshing native plugins compatible for Editor in 1.04 ms, found 2 plugins.
Native extension for OSXStandalone target not found
Refreshing native plugins compatible for Editor in 1.27 ms, found 2 plugins.
Mono: successfully reloaded assembly
- Finished resetting the current domain, in  0.940 seconds
Domain Reload Profiling: 1488ms
	BeginReloadAssembly (178ms)
		ExecutionOrderSort (0ms)
		DisableScriptedObjects (9ms)
		BackupInstance (0ms)
		ReleaseScriptingObjects (0ms)
		CreateAndSetChildDomain (75ms)
	RebuildCommonClasses (34ms)
	RebuildNativeTypeToScriptingClass (12ms)
	initialDomainReloadingComplete (19ms)
	LoadAllAssembliesAndSetupDomain (305ms)
		LoadAssemblies (273ms)
		RebuildTransferFunctionScriptingTraits (0ms)
		AnalyzeDomain (90ms)
			TypeCache.Refresh (9ms)
				TypeCache.ScanAssembly (0ms)
			BuildScriptInfoCaches (76ms)
			ResolveRequiredComponents (2ms)
	FinalizeReload (940ms)
		ReleaseScriptCaches (0ms)
		RebuildScriptCaches (0ms)
		SetupLoadedEditorAssemblies (751ms)
			LogAssemblyErrors (0ms)
			InitializePlatformSupportModulesInManaged (2ms)
			SetLoadedEditorAssemblies (4ms)
			BeforeProcessingInitializeOnLoad (55ms)
			ProcessInitializeOnLoadAttributes (554ms)
			ProcessInitializeOnLoadMethodAttributes (132ms)
			AfterProcessingInitializeOnLoad (3ms)
			EditorAssembliesLoaded (0ms)
		ExecutionOrderSort2 (0ms)
		AwakeInstancesAfterBackupRestoration (3ms)
Refreshing native plugins compatible for Editor in 1.28 ms, found 2 plugins.
Preloading 0 native plugins for Editor in 0.00 ms.
Unloading 0 Unused Serialized files (Serialized files now loaded: 0)
Unloading 2733 unused Assets / (0.5 MB). Loaded Objects now: 3402.
Memory consumption went from 285.0 MB to 284.5 MB.
Total: 8.496459 ms (FindLiveObjects: 0.149500 ms CreateObjectMapping: 0.065500 ms MarkObjects: 7.659583 ms  DeleteObjects: 0.621250 ms)

Prepare: number of updated asset objects reloaded= 0
========================================================================
Received Import Request.
  Time since last request: 97.979182 seconds.
  path: Assets/Scripts/CarChoice.cs
  artifactKey: Guid(ff7a8cd58a4984118b078eb0b0564204) Importer(815301076,1909f56bfc062723c751e8b465ee728b)
Start importing Assets/Scripts/CarChoice.cs using Guid(ff7a8cd58a4984118b078eb0b0564204) Importer(815301076,1909f56bfc062723c751e8b465ee728b) (PreviewImporter) -> (artifact id: '6d46090e1fa4d705d8a1027c5568a603') in 0.001914834 seconds
Number of updated asset objects reloaded before import = 0Number of asset objects unloaded after import = 0

========================================================================
Received Prepare
Begin MonoManager ReloadAssembly
Thread 0x3127c3000 may have been prematurely finalized
Symbol file LoadedFromMemory is not a mono symbol file
- Loaded All Assemblies, in  0.596 seconds
Refreshing native plugins compatible for Editor in 1.14 ms, found 2 plugins.
Native extension for OSXStandalone target not found
Refreshing native plugins compatible for Editor in 1.27 ms, found 2 plugins.
Mono: successfully reloaded assembly
- Finished resetting the current domain, in  0.894 seconds
Domain Reload Profiling: 1492ms
	BeginReloadAssembly (204ms)
		ExecutionOrderSort (0ms)
		DisableScriptedObjects (16ms)
		BackupInstance (0ms)
		ReleaseScriptingObjects (0ms)
		CreateAndSetChildDomain (82ms)
	RebuildCommonClasses (35ms)
	RebuildNativeTypeToScriptingClass (11ms)
	initialDomainReloadingComplete (24ms)
	LoadAllAssembliesAndSetupDomain (324ms)
		LoadAssemblies (293ms)
		RebuildTransferFunctionScriptingTraits (0ms)
		AnalyzeDomain (94ms)
			TypeCache.Refresh (8ms)
				TypeCache.ScanAssembly (0ms)
			BuildScriptInfoCaches (81ms)
			ResolveRequiredComponents (3ms)
	FinalizeReload (894ms)
		ReleaseScriptCaches (0ms)
		RebuildScriptCaches (0ms)
		SetupLoadedEditorAssemblies (726ms)
			LogAssemblyErrors (0ms)
			InitializePlatformSupportModulesInManaged (2ms)
			SetLoadedEditorAssemblies (4ms)
			BeforeProcessingInitializeOnLoad (45ms)
			ProcessInitializeOnLoadAttributes (536ms)
			ProcessInitializeOnLoadMethodAttributes (136ms)
			AfterProcessingInitializeOnLoad (3ms)
			EditorAssembliesLoaded (0ms)
		ExecutionOrderSort2 (0ms)
		AwakeInstancesAfterBackupRestoration (3ms)
Refreshing native plugins compatible for Editor in 1.24 ms, found 2 plugins.
Preloading 0 native plugins for Editor in 0.00 ms.
Unloading 0 Unused Serialized files (Serialized files now loaded: 0)
Unloading 2733 unused Assets / (287.5 KB). Loaded Objects now: 3402.
Memory consumption went from 291.1 MB to 290.8 MB.
Total: 8.903500 ms (FindLiveObjects: 0.168333 ms CreateObjectMapping: 0.074500 ms MarkObjects: 8.186542 ms  DeleteObjects: 0.473375 ms)

Prepare: number of updated asset objects reloaded= 0
========================================================================
Received Prepare
Begin MonoManager ReloadAssembly
Thread 0x3127c3000 may have been prematurely finalized
Symbol file LoadedFromMemory is not a mono symbol file
- Loaded All Assemblies, in  0.611 seconds
Refreshing native plugins compatible for Editor in 1.32 ms, found 2 plugins.
Native extension for OSXStandalone target not found
Refreshing native plugins compatible for Editor in 1.49 ms, found 2 plugins.
Mono: successfully reloaded assembly
- Finished resetting the current domain, in  0.869 seconds
Domain Reload Profiling: 1482ms
	BeginReloadAssembly (245ms)
		ExecutionOrderSort (0ms)
		DisableScriptedObjects (16ms)
		BackupInstance (0ms)
		ReleaseScriptingObjects (0ms)
		CreateAndSetChildDomain (84ms)
	RebuildCommonClasses (36ms)
	RebuildNativeTypeToScriptingClass (11ms)
	initialDomainReloadingComplete (18ms)
	LoadAllAssembliesAndSetupDomain (301ms)
		LoadAssemblies (302ms)
		RebuildTransferFunctionScriptingTraits (0ms)
		AnalyzeDomain (97ms)
			TypeCache.Refresh (7ms)
				TypeCache.ScanAssembly (0ms)
			BuildScriptInfoCaches (85ms)
			ResolveRequiredComponents (3ms)
	FinalizeReload (870ms)
		ReleaseScriptCaches (0ms)
		RebuildScriptCaches (0ms)
		SetupLoadedEditorAssemblies (713ms)
			LogAssemblyErrors (0ms)
			InitializePlatformSupportModulesInManaged (2ms)
			SetLoadedEditorAssemblies (6ms)
			BeforeProcessingInitializeOnLoad (60ms)
			ProcessInitializeOnLoadAttributes (507ms)
			ProcessInitializeOnLoadMethodAttributes (134ms)
			AfterProcessingInitializeOnLoad (3ms)
			EditorAssembliesLoaded (0ms)
		ExecutionOrderSort2 (0ms)
		AwakeInstancesAfterBackupRestoration (3ms)
Refreshing native plugins compatible for Editor in 1.16 ms, found 2 plugins.
Preloading 0 native plugins for Editor in 0.00 ms.
Unloading 0 Unused Serialized files (Serialized files now loaded: 0)
Unloading 2733 unused Assets / (296.3 KB). Loaded Objects now: 3402.
Memory consumption went from 297.2 MB to 296.9 MB.
Total: 8.269334 ms (FindLiveObjects: 0.196000 ms CreateObjectMapping: 0.106334 ms MarkObjects: 7.484833 ms  DeleteObjects: 0.481209 ms)

Prepare: number of updated asset objects reloaded= 0
========================================================================
Received Prepare
Begin MonoManager ReloadAssembly
Thread 0x3127c3000 may have been prematurely finalized
Symbol file LoadedFromMemory is not a mono symbol file
- Loaded All Assemblies, in  0.567 seconds
Refreshing native plugins compatible for Editor in 1.09 ms, found 2 plugins.
Native extension for OSXStandalone target not found
Refreshing native plugins compatible for Editor in 1.26 ms, found 2 plugins.
Mono: successfully reloaded assembly
- Finished resetting the current domain, in  0.861 seconds
Domain Reload Profiling: 1430ms
	BeginReloadAssembly (218ms)
		ExecutionOrderSort (0ms)
		DisableScriptedObjects (7ms)
		BackupInstance (0ms)
		ReleaseScriptingObjects (0ms)
		CreateAndSetChildDomain (71ms)
	RebuildCommonClasses (36ms)
	RebuildNativeTypeToScriptingClass (11ms)
	initialDomainReloadingComplete (20ms)
	LoadAllAssembliesAndSetupDomain (284ms)
		LoadAssemblies (284ms)
		RebuildTransferFunctionScriptingTraits (0ms)
		AnalyzeDomain (92ms)
			TypeCache.Refresh (7ms)
				TypeCache.ScanAssembly (0ms)
			BuildScriptInfoCaches (81ms)
			ResolveRequiredComponents (2ms)
	FinalizeReload (862ms)
		ReleaseScriptCaches (0ms)
		RebuildScriptCaches (0ms)
		SetupLoadedEditorAssemblies (701ms)
			LogAssemblyErrors (0ms)
			InitializePlatformSupportModulesInManaged (2ms)
			SetLoadedEditorAssemblies (4ms)
			BeforeProcessingInitializeOnLoad (42ms)
			ProcessInitializeOnLoadAttributes (520ms)
			ProcessInitializeOnLoadMethodAttributes (129ms)
			AfterProcessingInitializeOnLoad (3ms)
			EditorAssembliesLoaded (0ms)
		ExecutionOrderSort2 (0ms)
		AwakeInstancesAfterBackupRestoration (3ms)
Refreshing native plugins compatible for Editor in 1.12 ms, found 2 plugins.
Preloading 0 native plugins for Editor in 0.00 ms.
Unloading 0 Unused Serialized files (Serialized files now loaded: 0)
Unloading 2733 unused Assets / (0.5 MB). Loaded Objects now: 3402.
Memory consumption went from 303.2 MB to 302.7 MB.
Total: 8.900875 ms (FindLiveObjects: 0.148834 ms CreateObjectMapping: 0.067959 ms MarkObjects: 8.025333 ms  DeleteObjects: 0.658000 ms)

Prepare: number of updated asset objects reloaded= 0
========================================================================
Received Import Request.
  Time since last request: 305.653862 seconds.
  path: Assets/Scenes/RaceArea01.unity
  artifactKey: Guid(2922f1561851bb74488cc275440583aa) Importer(815301076,1909f56bfc062723c751e8b465ee728b)
Start importing Assets/Scenes/RaceArea01.unity using Guid(2922f1561851bb74488cc275440583aa) Importer(815301076,1909f56bfc062723c751e8b465ee728b) (PreviewImporter) -> (artifact id: '29d3343de2a5820b29c98b983811b1c7') in 0.008677166 seconds
Number of updated asset objects reloaded before import = 0Number of asset objects unloaded after import = 0

========================================================================
Received Import Request.
  Time since last request: 122.442857 seconds.
  path: Assets/Scenes/RaceArea02.unity
  artifactKey: Guid(2c9ed9fd7a307074881e30ffe168e4ac) Importer(815301076,1909f56bfc062723c751e8b465ee728b)
Start importing Assets/Scenes/RaceArea02.unity using Guid(2c9ed9fd7a307074881e30ffe168e4ac) Importer(815301076,1909f56bfc062723c751e8b465ee728b) (PreviewImporter) -> (artifact id: 'a859b0f00784e4cac122bde60f7c30be') in 0.003724584 seconds
Number of updated asset objects reloaded before import = 0Number of asset objects unloaded after import = 0

========================================================================
Received Import Request.
  Time since last request: 20.222617 seconds.
  path: Assets/Scenes/RaceArea02.unity
  artifactKey: Guid(2c9ed9fd7a307074881e30ffe168e4ac) Importer(815301076,1909f56bfc062723c751e8b465ee728b)
Start importing Assets/Scenes/RaceArea02.unity using Guid(2c9ed9fd7a307074881e30ffe168e4ac) Importer(815301076,1909f56bfc062723c751e8b465ee728b) (PreviewImporter) -> (artifact id: '20f35ed975095788613eb294885d0fbb') in 0.00078025 seconds
Number of updated asset objects reloaded before import = 0Number of asset objects unloaded after import = 0

========================================================================
Received Import Request.
  Time since last request: 3237.266568 seconds.
  path: Assets/Scenes/RaceArea02.unity
  artifactKey: Guid(2c9ed9fd7a307074881e30ffe168e4ac) Importer(815301076,1909f56bfc062723c751e8b465ee728b)
Start importing Assets/Scenes/RaceArea02.unity using Guid(2c9ed9fd7a307074881e30ffe168e4ac) Importer(815301076,1909f56bfc062723c751e8b465ee728b) (PreviewImporter) -> (artifact id: '88f7ed6a1de10d11f51d9a7276a6754f') in 0.019051459 seconds
Number of updated asset objects reloaded before import = 0Number of asset objects unloaded after import = 0

========================================================================
Received Prepare
Begin MonoManager ReloadAssembly
Thread 0x3127c3000 may have been prematurely finalized
Symbol file LoadedFromMemory is not a mono symbol file
- Loaded All Assemblies, in  1.241 seconds
Refreshing native plugins compatible for Editor in 1.38 ms, found 2 plugins.
Native extension for OSXStandalone target not found
Refreshing native plugins compatible for Editor in 1.56 ms, found 2 plugins.
Mono: successfully reloaded assembly
- Finished resetting the current domain, in  1.251 seconds
Domain Reload Profiling: 2493ms
	BeginReloadAssembly (776ms)
		ExecutionOrderSort (0ms)
		DisableScriptedObjects (85ms)
		BackupInstance (0ms)
		ReleaseScriptingObjects (1ms)
		CreateAndSetChildDomain (255ms)
	RebuildCommonClasses (58ms)
	RebuildNativeTypeToScriptingClass (15ms)
	initialDomainReloadingComplete (29ms)
	LoadAllAssembliesAndSetupDomain (363ms)
		LoadAssemblies (520ms)
		RebuildTransferFunctionScriptingTraits (0ms)
		AnalyzeDomain (131ms)
			TypeCache.Refresh (13ms)
				TypeCache.ScanAssembly (0ms)
			BuildScriptInfoCaches (108ms)
			ResolveRequiredComponents (3ms)
	FinalizeReload (1251ms)
		ReleaseScriptCaches (0ms)
		RebuildScriptCaches (0ms)
		SetupLoadedEditorAssemblies (1061ms)
			LogAssemblyErrors (0ms)
			InitializePlatformSupportModulesInManaged (3ms)
			SetLoadedEditorAssemblies (5ms)
			BeforeProcessingInitializeOnLoad (51ms)
			ProcessInitializeOnLoadAttributes (836ms)
			ProcessInitializeOnLoadMethodAttributes (164ms)
			AfterProcessingInitializeOnLoad (4ms)
			EditorAssembliesLoaded (0ms)
		ExecutionOrderSort2 (0ms)
		AwakeInstancesAfterBackupRestoration (3ms)
Refreshing native plugins compatible for Editor in 1.48 ms, found 2 plugins.
Preloading 0 native plugins for Editor in 0.00 ms.
Unloading 0 Unused Serialized files (Serialized files now loaded: 0)
Unloading 2733 unused Assets / (506.5 KB). Loaded Objects now: 3402.
Memory consumption went from 309.1 MB to 308.6 MB.
Total: 10.844417 ms (FindLiveObjects: 0.170958 ms CreateObjectMapping: 0.081667 ms MarkObjects: 10.063042 ms  DeleteObjects: 0.527750 ms)

Prepare: number of updated asset objects reloaded= 0
========================================================================
Received Prepare
Begin MonoManager ReloadAssembly
Thread 0x16d13b000 may have been prematurely finalized
Symbol file LoadedFromMemory is not a mono symbol file
- Loaded All Assemblies, in  0.846 seconds
Refreshing native plugins compatible for Editor in 1.38 ms, found 2 plugins.
Native extension for OSXStandalone target not found
Refreshing native plugins compatible for Editor in 1.85 ms, found 2 plugins.
Mono: successfully reloaded assembly
- Finished resetting the current domain, in  1.009 seconds
Domain Reload Profiling: 1856ms
	BeginReloadAssembly (391ms)
		ExecutionOrderSort (0ms)
		DisableScriptedObjects (13ms)
		BackupInstance (0ms)
		ReleaseScriptingObjects (0ms)
		CreateAndSetChildDomain (120ms)
	RebuildCommonClasses (82ms)
	RebuildNativeTypeToScriptingClass (16ms)
	initialDomainReloadingComplete (38ms)
	LoadAllAssembliesAndSetupDomain (320ms)
		LoadAssemblies (418ms)
		RebuildTransferFunctionScriptingTraits (0ms)
		AnalyzeDomain (108ms)
			TypeCache.Refresh (9ms)
				TypeCache.ScanAssembly (0ms)
			BuildScriptInfoCaches (93ms)
			ResolveRequiredComponents (3ms)
	FinalizeReload (1009ms)
		ReleaseScriptCaches (0ms)
		RebuildScriptCaches (0ms)
		SetupLoadedEditorAssemblies (818ms)
			LogAssemblyErrors (0ms)
			InitializePlatformSupportModulesInManaged (3ms)
			SetLoadedEditorAssemblies (5ms)
			BeforeProcessingInitializeOnLoad (50ms)
			ProcessInitializeOnLoadAttributes (591ms)
			ProcessInitializeOnLoadMethodAttributes (167ms)
			AfterProcessingInitializeOnLoad (4ms)
			EditorAssembliesLoaded (0ms)
		ExecutionOrderSort2 (0ms)
		AwakeInstancesAfterBackupRestoration (4ms)
Refreshing native plugins compatible for Editor in 1.38 ms, found 2 plugins.
Preloading 0 native plugins for Editor in 0.00 ms.
Unloading 0 Unused Serialized files (Serialized files now loaded: 0)
Unloading 2733 unused Assets / (0.7 MB). Loaded Objects now: 3402.
Memory consumption went from 315.1 MB to 314.4 MB.
Total: 9.708875 ms (FindLiveObjects: 0.159417 ms CreateObjectMapping: 0.082708 ms MarkObjects: 8.938792 ms  DeleteObjects: 0.527208 ms)

Prepare: number of updated asset objects reloaded= 0
========================================================================
Received Prepare
Begin MonoManager ReloadAssembly
Thread 0x16d13b000 may have been prematurely finalized
Symbol file LoadedFromMemory is not a mono symbol file
- Loaded All Assemblies, in  0.685 seconds
Refreshing native plugins compatible for Editor in 1.36 ms, found 2 plugins.
Native extension for OSXStandalone target not found
Refreshing native plugins compatible for Editor in 1.51 ms, found 2 plugins.
Mono: successfully reloaded assembly
- Finished resetting the current domain, in  1.066 seconds
Domain Reload Profiling: 1753ms
	BeginReloadAssembly (246ms)
		ExecutionOrderSort (0ms)
		DisableScriptedObjects (11ms)
		BackupInstance (0ms)
		ReleaseScriptingObjects (0ms)
		CreateAndSetChildDomain (113ms)
	RebuildCommonClasses (43ms)
	RebuildNativeTypeToScriptingClass (13ms)
	initialDomainReloadingComplete (21ms)
	LoadAllAssembliesAndSetupDomain (363ms)
		LoadAssemblies (318ms)
		RebuildTransferFunctionScriptingTraits (0ms)
		AnalyzeDomain (111ms)
			TypeCache.Refresh (10ms)
				TypeCache.ScanAssembly (0ms)
			BuildScriptInfoCaches (94ms)
			ResolveRequiredComponents (4ms)
	FinalizeReload (1067ms)
		ReleaseScriptCaches (0ms)
		RebuildScriptCaches (0ms)
		SetupLoadedEditorAssemblies (872ms)
			LogAssemblyErrors (0ms)
			InitializePlatformSupportModulesInManaged (3ms)
			SetLoadedEditorAssemblies (5ms)
			BeforeProcessingInitializeOnLoad (53ms)
			ProcessInitializeOnLoadAttributes (646ms)
			ProcessInitializeOnLoadMethodAttributes (162ms)
			AfterProcessingInitializeOnLoad (4ms)
			EditorAssembliesLoaded (0ms)
		ExecutionOrderSort2 (0ms)
		AwakeInstancesAfterBackupRestoration (3ms)
Refreshing native plugins compatible for Editor in 1.58 ms, found 2 plugins.
Preloading 0 native plugins for Editor in 0.00 ms.
Unloading 0 Unused Serialized files (Serialized files now loaded: 0)
Unloading 2733 unused Assets / (445.3 KB). Loaded Objects now: 3402.
Memory consumption went from 321.2 MB to 320.8 MB.
Total: 10.080667 ms (FindLiveObjects: 0.156958 ms CreateObjectMapping: 0.083625 ms MarkObjects: 9.254250 ms  DeleteObjects: 0.584875 ms)

Prepare: number of updated asset objects reloaded= 0
========================================================================
Received Prepare
Begin MonoManager ReloadAssembly
Thread 0x16d13b000 may have been prematurely finalized
Symbol file LoadedFromMemory is not a mono symbol file
- Loaded All Assemblies, in  0.600 seconds
Refreshing native plugins compatible for Editor in 1.35 ms, found 2 plugins.
Native extension for OSXStandalone target not found
Refreshing native plugins compatible for Editor in 1.49 ms, found 2 plugins.
Mono: successfully reloaded assembly
- Finished resetting the current domain, in  0.973 seconds
Domain Reload Profiling: 1574ms
	BeginReloadAssembly (205ms)
		ExecutionOrderSort (0ms)
		DisableScriptedObjects (10ms)
		BackupInstance (0ms)
		ReleaseScriptingObjects (0ms)
		CreateAndSetChildDomain (94ms)
	RebuildCommonClasses (50ms)
	RebuildNativeTypeToScriptingClass (14ms)
	initialDomainReloadingComplete (25ms)
	LoadAllAssembliesAndSetupDomain (306ms)
		LoadAssemblies (256ms)
		RebuildTransferFunctionScriptingTraits (0ms)
		AnalyzeDomain (105ms)
			TypeCache.Refresh (7ms)
				TypeCache.ScanAssembly (0ms)
			BuildScriptInfoCaches (93ms)
			ResolveRequiredComponents (3ms)
	FinalizeReload (973ms)
		ReleaseScriptCaches (0ms)
		RebuildScriptCaches (0ms)
		SetupLoadedEditorAssemblies (789ms)
			LogAssemblyErrors (0ms)
			InitializePlatformSupportModulesInManaged (3ms)
			SetLoadedEditorAssemblies (5ms)
			BeforeProcessingInitializeOnLoad (47ms)
			ProcessInitializeOnLoadAttributes (570ms)
			ProcessInitializeOnLoadMethodAttributes (160ms)
			AfterProcessingInitializeOnLoad (4ms)
			EditorAssembliesLoaded (0ms)
		ExecutionOrderSort2 (0ms)
		AwakeInstancesAfterBackupRestoration (3ms)
Refreshing native plugins compatible for Editor in 1.69 ms, found 2 plugins.
Preloading 0 native plugins for Editor in 0.00 ms.
Unloading 0 Unused Serialized files (Serialized files now loaded: 0)
Unloading 2733 unused Assets / (418.1 KB). Loaded Objects now: 3402.
Memory consumption went from 327.3 MB to 326.8 MB.
Total: 10.294625 ms (FindLiveObjects: 0.173041 ms CreateObjectMapping: 0.122250 ms MarkObjects: 9.266875 ms  DeleteObjects: 0.731792 ms)

Prepare: number of updated asset objects reloaded= 0
========================================================================
Received Import Request.
  Time since last request: 355.798327 seconds.
  path: Assets/Scenes/RaceArea02.unity
  artifactKey: Guid(2c9ed9fd7a307074881e30ffe168e4ac) Importer(815301076,1909f56bfc062723c751e8b465ee728b)
Start importing Assets/Scenes/RaceArea02.unity using Guid(2c9ed9fd7a307074881e30ffe168e4ac) Importer(815301076,1909f56bfc062723c751e8b465ee728b) (PreviewImporter) -> (artifact id: 'd95efd9193f8228d2aa1a032c6d5ba0a') in 0.01824125 seconds
Number of updated asset objects reloaded before import = 0Number of asset objects unloaded after import = 0

========================================================================
Received Prepare
Begin MonoManager ReloadAssembly
Thread 0x16d13b000 may have been prematurely finalized
Symbol file LoadedFromMemory is not a mono symbol file
- Loaded All Assemblies, in  0.580 seconds
Refreshing native plugins compatible for Editor in 1.85 ms, found 2 plugins.
Native extension for OSXStandalone target not found
Refreshing native plugins compatible for Editor in 1.58 ms, found 2 plugins.
Mono: successfully reloaded assembly
- Finished resetting the current domain, in  0.996 seconds
Domain Reload Profiling: 1577ms
	BeginReloadAssembly (185ms)
		ExecutionOrderSort (0ms)
		DisableScriptedObjects (8ms)
		BackupInstance (0ms)
		ReleaseScriptingObjects (0ms)
		CreateAndSetChildDomain (90ms)
	RebuildCommonClasses (51ms)
	RebuildNativeTypeToScriptingClass (14ms)
	initialDomainReloadingComplete (24ms)
	LoadAllAssembliesAndSetupDomain (307ms)
		LoadAssemblies (253ms)
		RebuildTransferFunctionScriptingTraits (0ms)
		AnalyzeDomain (103ms)
			TypeCache.Refresh (8ms)
				TypeCache.ScanAssembly (0ms)
			BuildScriptInfoCaches (90ms)
			ResolveRequiredComponents (3ms)
	FinalizeReload (996ms)
		ReleaseScriptCaches (0ms)
		RebuildScriptCaches (0ms)
		SetupLoadedEditorAssemblies (800ms)
			LogAssemblyErrors (0ms)
			InitializePlatformSupportModulesInManaged (3ms)
			SetLoadedEditorAssemblies (5ms)
			BeforeProcessingInitializeOnLoad (54ms)
			ProcessInitializeOnLoadAttributes (576ms)
			ProcessInitializeOnLoadMethodAttributes (160ms)
			AfterProcessingInitializeOnLoad (4ms)
			EditorAssembliesLoaded (0ms)
		ExecutionOrderSort2 (0ms)
		AwakeInstancesAfterBackupRestoration (4ms)
Refreshing native plugins compatible for Editor in 1.42 ms, found 2 plugins.
Preloading 0 native plugins for Editor in 0.00 ms.
Unloading 0 Unused Serialized files (Serialized files now loaded: 0)
Unloading 2733 unused Assets / (73.1 KB). Loaded Objects now: 3402.
Memory consumption went from 333.3 MB to 333.3 MB.
Total: 10.265917 ms (FindLiveObjects: 0.192500 ms CreateObjectMapping: 0.110625 ms MarkObjects: 9.473458 ms  DeleteObjects: 0.488542 ms)

Prepare: number of updated asset objects reloaded= 0
========================================================================
Received Prepare
Begin MonoManager ReloadAssembly
Thread 0x16d13b000 may have been prematurely finalized
Symbol file LoadedFromMemory is not a mono symbol file
- Loaded All Assemblies, in  0.583 seconds
Refreshing native plugins compatible for Editor in 1.97 ms, found 2 plugins.
Native extension for OSXStandalone target not found
Refreshing native plugins compatible for Editor in 1.49 ms, found 2 plugins.
Mono: successfully reloaded assembly
- Finished resetting the current domain, in  0.978 seconds
Domain Reload Profiling: 1562ms
	BeginReloadAssembly (204ms)
		ExecutionOrderSort (0ms)
		DisableScriptedObjects (11ms)
		BackupInstance (0ms)
		ReleaseScriptingObjects (1ms)
		CreateAndSetChildDomain (83ms)
	RebuildCommonClasses (54ms)
	RebuildNativeTypeToScriptingClass (14ms)
	initialDomainReloadingComplete (21ms)
	LoadAllAssembliesAndSetupDomain (291ms)
		LoadAssemblies (254ms)
		RebuildTransferFunctionScriptingTraits (0ms)
		AnalyzeDomain (101ms)
			TypeCache.Refresh (7ms)
				TypeCache.ScanAssembly (0ms)
			BuildScriptInfoCaches (89ms)
			ResolveRequiredComponents (3ms)
	FinalizeReload (978ms)
		ReleaseScriptCaches (0ms)
		RebuildScriptCaches (0ms)
		SetupLoadedEditorAssemblies (800ms)
			LogAssemblyErrors (0ms)
			InitializePlatformSupportModulesInManaged (3ms)
			SetLoadedEditorAssemblies (8ms)
			BeforeProcessingInitializeOnLoad (50ms)
			ProcessInitializeOnLoadAttributes (578ms)
			ProcessInitializeOnLoadMethodAttributes (158ms)
			AfterProcessingInitializeOnLoad (4ms)
			EditorAssembliesLoaded (0ms)
		ExecutionOrderSort2 (0ms)
		AwakeInstancesAfterBackupRestoration (4ms)
Refreshing native plugins compatible for Editor in 1.60 ms, found 2 plugins.
Preloading 0 native plugins for Editor in 0.00 ms.
Unloading 0 Unused Serialized files (Serialized files now loaded: 0)
Unloading 2733 unused Assets / (433.4 KB). Loaded Objects now: 3402.
Memory consumption went from 339.4 MB to 339.0 MB.
Total: 9.975584 ms (FindLiveObjects: 0.165458 ms CreateObjectMapping: 0.084250 ms MarkObjects: 9.201625 ms  DeleteObjects: 0.523459 ms)

Prepare: number of updated asset objects reloaded= 0
========================================================================
Received Prepare
Begin MonoManager ReloadAssembly
Thread 0x16d13b000 may have been prematurely finalized
Symbol file LoadedFromMemory is not a mono symbol file
- Loaded All Assemblies, in  0.625 seconds
Refreshing native plugins compatible for Editor in 1.31 ms, found 2 plugins.
Native extension for OSXStandalone target not found
Refreshing native plugins compatible for Editor in 1.63 ms, found 2 plugins.
Mono: successfully reloaded assembly
- Finished resetting the current domain, in  0.999 seconds
Domain Reload Profiling: 1625ms
	BeginReloadAssembly (238ms)
		ExecutionOrderSort (0ms)
		DisableScriptedObjects (12ms)
		BackupInstance (0ms)
		ReleaseScriptingObjects (0ms)
		CreateAndSetChildDomain (96ms)
	RebuildCommonClasses (44ms)
	RebuildNativeTypeToScriptingClass (14ms)
	initialDomainReloadingComplete (22ms)
	LoadAllAssembliesAndSetupDomain (308ms)
		LoadAssemblies (270ms)
		RebuildTransferFunctionScriptingTraits (0ms)
		AnalyzeDomain (113ms)
			TypeCache.Refresh (9ms)
				TypeCache.ScanAssembly (0ms)
			BuildScriptInfoCaches (97ms)
			ResolveRequiredComponents (3ms)
	FinalizeReload (1000ms)
		ReleaseScriptCaches (0ms)
		RebuildScriptCaches (0ms)
		SetupLoadedEditorAssemblies (815ms)
			LogAssemblyErrors (0ms)
			InitializePlatformSupportModulesInManaged (3ms)
			SetLoadedEditorAssemblies (5ms)
			BeforeProcessingInitializeOnLoad (49ms)
			ProcessInitializeOnLoadAttributes (595ms)
			ProcessInitializeOnLoadMethodAttributes (159ms)
			AfterProcessingInitializeOnLoad (4ms)
			EditorAssembliesLoaded (0ms)
		ExecutionOrderSort2 (0ms)
		AwakeInstancesAfterBackupRestoration (4ms)
Refreshing native plugins compatible for Editor in 1.42 ms, found 2 plugins.
Preloading 0 native plugins for Editor in 0.00 ms.
Unloading 0 Unused Serialized files (Serialized files now loaded: 0)
Unloading 2733 unused Assets / (445.3 KB). Loaded Objects now: 3402.
Memory consumption went from 345.5 MB to 345.0 MB.
Total: 9.905708 ms (FindLiveObjects: 0.183166 ms CreateObjectMapping: 0.087583 ms MarkObjects: 9.089584 ms  DeleteObjects: 0.544916 ms)

Prepare: number of updated asset objects reloaded= 0
========================================================================
Received Prepare
Begin MonoManager ReloadAssembly
Thread 0x16d13b000 may have been prematurely finalized
Symbol file LoadedFromMemory is not a mono symbol file
- Loaded All Assemblies, in  0.623 seconds
Refreshing native plugins compatible for Editor in 1.63 ms, found 2 plugins.
Native extension for OSXStandalone target not found
Refreshing native plugins compatible for Editor in 1.48 ms, found 2 plugins.
Mono: successfully reloaded assembly
- Finished resetting the current domain, in  0.996 seconds
Domain Reload Profiling: 1621ms
	BeginReloadAssembly (219ms)
		ExecutionOrderSort (0ms)
		DisableScriptedObjects (11ms)
		BackupInstance (0ms)
		ReleaseScriptingObjects (0ms)
		CreateAndSetChildDomain (83ms)
	RebuildCommonClasses (47ms)
	RebuildNativeTypeToScriptingClass (14ms)
	initialDomainReloadingComplete (22ms)
	LoadAllAssembliesAndSetupDomain (323ms)
		LoadAssemblies (288ms)
		RebuildTransferFunctionScriptingTraits (0ms)
		AnalyzeDomain (106ms)
			TypeCache.Refresh (8ms)
				TypeCache.ScanAssembly (0ms)
			BuildScriptInfoCaches (92ms)
			ResolveRequiredComponents (3ms)
	FinalizeReload (996ms)
		ReleaseScriptCaches (0ms)
		RebuildScriptCaches (0ms)
		SetupLoadedEditorAssemblies (813ms)
			LogAssemblyErrors (0ms)
			InitializePlatformSupportModulesInManaged (3ms)
			SetLoadedEditorAssemblies (6ms)
			BeforeProcessingInitializeOnLoad (47ms)
			ProcessInitializeOnLoadAttributes (595ms)
			ProcessInitializeOnLoadMethodAttributes (159ms)
			AfterProcessingInitializeOnLoad (4ms)
			EditorAssembliesLoaded (0ms)
		ExecutionOrderSort2 (0ms)
		AwakeInstancesAfterBackupRestoration (3ms)
Refreshing native plugins compatible for Editor in 1.69 ms, found 2 plugins.
Preloading 0 native plugins for Editor in 0.00 ms.
Unloading 0 Unused Serialized files (Serialized files now loaded: 0)
Unloading 2733 unused Assets / (0.7 MB). Loaded Objects now: 3402.
Memory consumption went from 351.5 MB to 350.8 MB.
Total: 9.624250 ms (FindLiveObjects: 0.172292 ms CreateObjectMapping: 0.090083 ms MarkObjects: 8.850875 ms  DeleteObjects: 0.510250 ms)

Prepare: number of updated asset objects reloaded= 0
========================================================================
Received Prepare
Begin MonoManager ReloadAssembly
Thread 0x16d13b000 may have been prematurely finalized
Symbol file LoadedFromMemory is not a mono symbol file
- Loaded All Assemblies, in  0.655 seconds
Refreshing native plugins compatible for Editor in 1.42 ms, found 2 plugins.
Native extension for OSXStandalone target not found
Refreshing native plugins compatible for Editor in 1.47 ms, found 2 plugins.
Mono: successfully reloaded assembly
- Finished resetting the current domain, in  1.042 seconds
Domain Reload Profiling: 1698ms
	BeginReloadAssembly (218ms)
		ExecutionOrderSort (0ms)
		DisableScriptedObjects (9ms)
		BackupInstance (0ms)
		ReleaseScriptingObjects (0ms)
		CreateAndSetChildDomain (85ms)
	RebuildCommonClasses (44ms)
	RebuildNativeTypeToScriptingClass (14ms)
	initialDomainReloadingComplete (24ms)
	LoadAllAssembliesAndSetupDomain (356ms)
		LoadAssemblies (308ms)
		RebuildTransferFunctionScriptingTraits (0ms)
		AnalyzeDomain (114ms)
			TypeCache.Refresh (9ms)
				TypeCache.ScanAssembly (0ms)
			BuildScriptInfoCaches (99ms)
			ResolveRequiredComponents (3ms)
	FinalizeReload (1042ms)
		ReleaseScriptCaches (0ms)
		RebuildScriptCaches (0ms)
		SetupLoadedEditorAssemblies (847ms)
			LogAssemblyErrors (0ms)
			InitializePlatformSupportModulesInManaged (3ms)
			SetLoadedEditorAssemblies (7ms)
			BeforeProcessingInitializeOnLoad (81ms)
			ProcessInitializeOnLoadAttributes (593ms)
			ProcessInitializeOnLoadMethodAttributes (160ms)
			AfterProcessingInitializeOnLoad (4ms)
			EditorAssembliesLoaded (0ms)
		ExecutionOrderSort2 (0ms)
		AwakeInstancesAfterBackupRestoration (3ms)
Refreshing native plugins compatible for Editor in 1.53 ms, found 2 plugins.
Preloading 0 native plugins for Editor in 0.00 ms.
Unloading 0 Unused Serialized files (Serialized files now loaded: 0)
Unloading 2733 unused Assets / (66.0 KB). Loaded Objects now: 3402.
Memory consumption went from 357.4 MB to 357.4 MB.
Total: 10.056334 ms (FindLiveObjects: 0.157084 ms CreateObjectMapping: 0.079791 ms MarkObjects: 9.352167 ms  DeleteObjects: 0.466584 ms)

Prepare: number of updated asset objects reloaded= 0
========================================================================
Received Prepare
Begin MonoManager ReloadAssembly
Thread 0x16d13b000 may have been prematurely finalized
Symbol file LoadedFromMemory is not a mono symbol file
- Loaded All Assemblies, in  0.537 seconds
Refreshing native plugins compatible for Editor in 4.32 ms, found 2 plugins.
Native extension for OSXStandalone target not found
Refreshing native plugins compatible for Editor in 1.52 ms, found 2 plugins.
Mono: successfully reloaded assembly
- Finished resetting the current domain, in  1.050 seconds
Domain Reload Profiling: 1588ms
	BeginReloadAssembly (155ms)
		ExecutionOrderSort (0ms)
		DisableScriptedObjects (6ms)
		BackupInstance (0ms)
		ReleaseScriptingObjects (0ms)
		CreateAndSetChildDomain (64ms)
	RebuildCommonClasses (42ms)
	RebuildNativeTypeToScriptingClass (13ms)
	initialDomainReloadingComplete (20ms)
	LoadAllAssembliesAndSetupDomain (308ms)
		LoadAssemblies (256ms)
		RebuildTransferFunctionScriptingTraits (0ms)
		AnalyzeDomain (103ms)
			TypeCache.Refresh (8ms)
				TypeCache.ScanAssembly (0ms)
			BuildScriptInfoCaches (90ms)
			ResolveRequiredComponents (3ms)
	FinalizeReload (1050ms)
		ReleaseScriptCaches (0ms)
		RebuildScriptCaches (0ms)
		SetupLoadedEditorAssemblies (843ms)
			LogAssemblyErrors (0ms)
			InitializePlatformSupportModulesInManaged (4ms)
			SetLoadedEditorAssemblies (6ms)
			BeforeProcessingInitializeOnLoad (70ms)
			ProcessInitializeOnLoadAttributes (599ms)
			ProcessInitializeOnLoadMethodAttributes (159ms)
			AfterProcessingInitializeOnLoad (4ms)
			EditorAssembliesLoaded (0ms)
		ExecutionOrderSort2 (0ms)
		AwakeInstancesAfterBackupRestoration (4ms)
Refreshing native plugins compatible for Editor in 1.38 ms, found 2 plugins.
Preloading 0 native plugins for Editor in 0.00 ms.
Unloading 0 Unused Serialized files (Serialized files now loaded: 0)
Unloading 2733 unused Assets / (273.9 KB). Loaded Objects now: 3402.
Memory consumption went from 363.4 MB to 363.2 MB.
Total: 9.665416 ms (FindLiveObjects: 0.174458 ms CreateObjectMapping: 0.082166 ms MarkObjects: 8.910917 ms  DeleteObjects: 0.496709 ms)

Prepare: number of updated asset objects reloaded= 0
========================================================================
Received Prepare
Begin MonoManager ReloadAssembly
Thread 0x16d13b000 may have been prematurely finalized
Symbol file LoadedFromMemory is not a mono symbol file
- Loaded All Assemblies, in  0.624 seconds
Refreshing native plugins compatible for Editor in 1.37 ms, found 2 plugins.
Native extension for OSXStandalone target not found
Refreshing native plugins compatible for Editor in 1.66 ms, found 2 plugins.
Mono: successfully reloaded assembly
- Finished resetting the current domain, in  1.009 seconds
Domain Reload Profiling: 1634ms
	BeginReloadAssembly (214ms)
		ExecutionOrderSort (0ms)
		DisableScriptedObjects (9ms)
		BackupInstance (0ms)
		ReleaseScriptingObjects (0ms)
		CreateAndSetChildDomain (85ms)
	RebuildCommonClasses (44ms)
	RebuildNativeTypeToScriptingClass (13ms)
	initialDomainReloadingComplete (26ms)
	LoadAllAssembliesAndSetupDomain (327ms)
		LoadAssemblies (267ms)
		RebuildTransferFunctionScriptingTraits (0ms)
		AnalyzeDomain (110ms)
			TypeCache.Refresh (9ms)
				TypeCache.ScanAssembly (0ms)
			BuildScriptInfoCaches (95ms)
			ResolveRequiredComponents (3ms)
	FinalizeReload (1009ms)
		ReleaseScriptCaches (0ms)
		RebuildScriptCaches (0ms)
		SetupLoadedEditorAssemblies (823ms)
			LogAssemblyErrors (0ms)
			InitializePlatformSupportModulesInManaged (4ms)
			SetLoadedEditorAssemblies (5ms)
			BeforeProcessingInitializeOnLoad (57ms)
			ProcessInitializeOnLoadAttributes (597ms)
			ProcessInitializeOnLoadMethodAttributes (157ms)
			AfterProcessingInitializeOnLoad (4ms)
			EditorAssembliesLoaded (0ms)
		ExecutionOrderSort2 (0ms)
		AwakeInstancesAfterBackupRestoration (3ms)
Refreshing native plugins compatible for Editor in 1.46 ms, found 2 plugins.
Preloading 0 native plugins for Editor in 0.00 ms.
Unloading 0 Unused Serialized files (Serialized files now loaded: 0)
Unloading 2733 unused Assets / (0.6 MB). Loaded Objects now: 3402.
Memory consumption went from 369.4 MB to 368.8 MB.
Total: 9.573166 ms (FindLiveObjects: 0.159000 ms CreateObjectMapping: 0.082292 ms MarkObjects: 8.829500 ms  DeleteObjects: 0.501542 ms)

Prepare: number of updated asset objects reloaded= 0
========================================================================
Received Prepare
Begin MonoManager ReloadAssembly
Thread 0x16d13b000 may have been prematurely finalized
Symbol file LoadedFromMemory is not a mono symbol file
- Loaded All Assemblies, in  0.626 seconds
Refreshing native plugins compatible for Editor in 1.30 ms, found 2 plugins.
Native extension for OSXStandalone target not found
Refreshing native plugins compatible for Editor in 1.49 ms, found 2 plugins.
Mono: successfully reloaded assembly
- Finished resetting the current domain, in  0.993 seconds
Domain Reload Profiling: 1620ms
	BeginReloadAssembly (197ms)
		ExecutionOrderSort (0ms)
		DisableScriptedObjects (12ms)
		BackupInstance (0ms)
		ReleaseScriptingObjects (0ms)
		CreateAndSetChildDomain (82ms)
	RebuildCommonClasses (49ms)
	RebuildNativeTypeToScriptingClass (14ms)
	initialDomainReloadingComplete (25ms)
	LoadAllAssembliesAndSetupDomain (343ms)
		LoadAssemblies (280ms)
		RebuildTransferFunctionScriptingTraits (0ms)
		AnalyzeDomain (114ms)
			TypeCache.Refresh (8ms)
				TypeCache.ScanAssembly (0ms)
			BuildScriptInfoCaches (100ms)
			ResolveRequiredComponents (3ms)
	FinalizeReload (993ms)
		ReleaseScriptCaches (0ms)
		RebuildScriptCaches (0ms)
		SetupLoadedEditorAssemblies (804ms)
			LogAssemblyErrors (0ms)
			InitializePlatformSupportModulesInManaged (3ms)
			SetLoadedEditorAssemblies (5ms)
			BeforeProcessingInitializeOnLoad (53ms)
			ProcessInitializeOnLoadAttributes (579ms)
			ProcessInitializeOnLoadMethodAttributes (160ms)
			AfterProcessingInitializeOnLoad (4ms)
			EditorAssembliesLoaded (0ms)
		ExecutionOrderSort2 (0ms)
		AwakeInstancesAfterBackupRestoration (3ms)
Refreshing native plugins compatible for Editor in 1.99 ms, found 2 plugins.
Preloading 0 native plugins for Editor in 0.00 ms.
Unloading 0 Unused Serialized files (Serialized files now loaded: 0)
Unloading 2733 unused Assets / (483.2 KB). Loaded Objects now: 3402.
Memory consumption went from 375.4 MB to 374.9 MB.
Total: 10.465417 ms (FindLiveObjects: 0.174125 ms CreateObjectMapping: 0.089209 ms MarkObjects: 9.639208 ms  DeleteObjects: 0.562417 ms)

Prepare: number of updated asset objects reloaded= 0
========================================================================
Received Import Request.
  Time since last request: 605.057872 seconds.
  path: Assets/Standard Assets/Vehicles/Car/Scripts/CarSelfRighting.cs
  artifactKey: Guid(9db865986f75ee44eba89ace4646af65) Importer(815301076,1909f56bfc062723c751e8b465ee728b)
Start importing Assets/Standard Assets/Vehicles/Car/Scripts/CarSelfRighting.cs using Guid(9db865986f75ee44eba89ace4646af65) Importer(815301076,1909f56bfc062723c751e8b465ee728b) (PreviewImporter) -> (artifact id: 'c6facfa6fefa55b2cf5c17d857aa3810') in 0.012035167 seconds
Number of updated asset objects reloaded before import = 0Number of asset objects unloaded after import = 0

========================================================================
Received Prepare
Begin MonoManager ReloadAssembly
Thread 0x16d13b000 may have been prematurely finalized
Symbol file LoadedFromMemory is not a mono symbol file
- Loaded All Assemblies, in  0.621 seconds
Refreshing native plugins compatible for Editor in 1.51 ms, found 2 plugins.
Native extension for OSXStandalone target not found
Refreshing native plugins compatible for Editor in 1.67 ms, found 2 plugins.
Mono: successfully reloaded assembly
- Finished resetting the current domain, in  1.009 seconds
Domain Reload Profiling: 1632ms
	BeginReloadAssembly (196ms)
		ExecutionOrderSort (0ms)
		DisableScriptedObjects (8ms)
		BackupInstance (0ms)
		ReleaseScriptingObjects (0ms)
		CreateAndSetChildDomain (93ms)
	RebuildCommonClasses (44ms)
	RebuildNativeTypeToScriptingClass (13ms)
	initialDomainReloadingComplete (26ms)
	LoadAllAssembliesAndSetupDomain (342ms)
		LoadAssemblies (268ms)
		RebuildTransferFunctionScriptingTraits (0ms)
		AnalyzeDomain (131ms)
			TypeCache.Refresh (29ms)
				TypeCache.ScanAssembly (0ms)
			BuildScriptInfoCaches (97ms)
			ResolveRequiredComponents (3ms)
	FinalizeReload (1010ms)
		ReleaseScriptCaches (0ms)
		RebuildScriptCaches (0ms)
		SetupLoadedEditorAssemblies (817ms)
			LogAssemblyErrors (0ms)
			InitializePlatformSupportModulesInManaged (3ms)
			SetLoadedEditorAssemblies (5ms)
			BeforeProcessingInitializeOnLoad (55ms)
			ProcessInitializeOnLoadAttributes (590ms)
			ProcessInitializeOnLoadMethodAttributes (160ms)
			AfterProcessingInitializeOnLoad (4ms)
			EditorAssembliesLoaded (0ms)
		ExecutionOrderSort2 (0ms)
		AwakeInstancesAfterBackupRestoration (3ms)
Refreshing native plugins compatible for Editor in 1.40 ms, found 2 plugins.
Preloading 0 native plugins for Editor in 0.00 ms.
Unloading 0 Unused Serialized files (Serialized files now loaded: 0)
Unloading 2733 unused Assets / (507.0 KB). Loaded Objects now: 3402.
Memory consumption went from 381.4 MB to 380.9 MB.
Total: 9.391791 ms (FindLiveObjects: 0.177417 ms CreateObjectMapping: 0.080916 ms MarkObjects: 8.631667 ms  DeleteObjects: 0.501167 ms)

Prepare: number of updated asset objects reloaded= 0
========================================================================
Received Import Request.
  Time since last request: 136.155205 seconds.
  path: Assets/Scripts/Dreamcar01Track.cs
  artifactKey: Guid(27815e1d3f27a63479653a67f57edd8c) Importer(815301076,1909f56bfc062723c751e8b465ee728b)
Start importing Assets/Scripts/Dreamcar01Track.cs using Guid(27815e1d3f27a63479653a67f57edd8c) Importer(815301076,1909f56bfc062723c751e8b465ee728b) (PreviewImporter) -> (artifact id: '067b6c650f0e002abc13c61985876bf6') in 0.013921708 seconds
Number of updated asset objects reloaded before import = 0Number of asset objects unloaded after import = 0

========================================================================
Received Prepare
Begin MonoManager ReloadAssembly
Thread 0x16d13b000 may have been prematurely finalized
Symbol file LoadedFromMemory is not a mono symbol file
- Loaded All Assemblies, in  0.651 seconds
Refreshing native plugins compatible for Editor in 1.56 ms, found 2 plugins.
Native extension for OSXStandalone target not found
Refreshing native plugins compatible for Editor in 1.62 ms, found 2 plugins.
Mono: successfully reloaded assembly
- Finished resetting the current domain, in  1.024 seconds
Domain Reload Profiling: 1677ms
	BeginReloadAssembly (231ms)
		ExecutionOrderSort (0ms)
		DisableScriptedObjects (16ms)
		BackupInstance (0ms)
		ReleaseScriptingObjects (0ms)
		CreateAndSetChildDomain (107ms)
	RebuildCommonClasses (45ms)
	RebuildNativeTypeToScriptingClass (14ms)
	initialDomainReloadingComplete (28ms)
	LoadAllAssembliesAndSetupDomain (334ms)
		LoadAssemblies (287ms)
		RebuildTransferFunctionScriptingTraits (0ms)
		AnalyzeDomain (109ms)
			TypeCache.Refresh (9ms)
				TypeCache.ScanAssembly (0ms)
			BuildScriptInfoCaches (92ms)
			ResolveRequiredComponents (3ms)
	FinalizeReload (1025ms)
		ReleaseScriptCaches (0ms)
		RebuildScriptCaches (0ms)
		SetupLoadedEditorAssemblies (833ms)
			LogAssemblyErrors (0ms)
			InitializePlatformSupportModulesInManaged (3ms)
			SetLoadedEditorAssemblies (5ms)
			BeforeProcessingInitializeOnLoad (57ms)
			ProcessInitializeOnLoadAttributes (599ms)
			ProcessInitializeOnLoadMethodAttributes (165ms)
			AfterProcessingInitializeOnLoad (4ms)
			EditorAssembliesLoaded (0ms)
		ExecutionOrderSort2 (0ms)
		AwakeInstancesAfterBackupRestoration (3ms)
Refreshing native plugins compatible for Editor in 1.40 ms, found 2 plugins.
Preloading 0 native plugins for Editor in 0.00 ms.
Unloading 0 Unused Serialized files (Serialized files now loaded: 0)
Unloading 2733 unused Assets / (0.5 MB). Loaded Objects now: 3402.
Memory consumption went from 387.0 MB to 386.5 MB.
Total: 9.900708 ms (FindLiveObjects: 0.166042 ms CreateObjectMapping: 0.083333 ms MarkObjects: 9.069875 ms  DeleteObjects: 0.580875 ms)

Prepare: number of updated asset objects reloaded= 0
========================================================================
Received Prepare
Begin MonoManager ReloadAssembly
Thread 0x16d13b000 may have been prematurely finalized
Symbol file LoadedFromMemory is not a mono symbol file
- Loaded All Assemblies, in  0.699 seconds
Refreshing native plugins compatible for Editor in 1.69 ms, found 2 plugins.
Native extension for OSXStandalone target not found
Refreshing native plugins compatible for Editor in 1.77 ms, found 2 plugins.
Mono: successfully reloaded assembly
- Finished resetting the current domain, in  1.070 seconds
Domain Reload Profiling: 1770ms
	BeginReloadAssembly (290ms)
		ExecutionOrderSort (0ms)
		DisableScriptedObjects (10ms)
		BackupInstance (0ms)
		ReleaseScriptingObjects (0ms)
		CreateAndSetChildDomain (101ms)
	RebuildCommonClasses (44ms)
	RebuildNativeTypeToScriptingClass (14ms)
	initialDomainReloadingComplete (22ms)
	LoadAllAssembliesAndSetupDomain (331ms)
		LoadAssemblies (334ms)
		RebuildTransferFunctionScriptingTraits (0ms)
		AnalyzeDomain (111ms)
			TypeCache.Refresh (7ms)
				TypeCache.ScanAssembly (0ms)
			BuildScriptInfoCaches (99ms)
			ResolveRequiredComponents (3ms)
	FinalizeReload (1070ms)
		ReleaseScriptCaches (0ms)
		RebuildScriptCaches (0ms)
		SetupLoadedEditorAssemblies (852ms)
			LogAssemblyErrors (0ms)
			InitializePlatformSupportModulesInManaged (3ms)
			SetLoadedEditorAssemblies (5ms)
			BeforeProcessingInitializeOnLoad (58ms)
			ProcessInitializeOnLoadAttributes (623ms)
			ProcessInitializeOnLoadMethodAttributes (160ms)
			AfterProcessingInitializeOnLoad (4ms)
			EditorAssembliesLoaded (0ms)
		ExecutionOrderSort2 (0ms)
		AwakeInstancesAfterBackupRestoration (4ms)
Refreshing native plugins compatible for Editor in 1.50 ms, found 2 plugins.
Preloading 0 native plugins for Editor in 0.00 ms.
Unloading 0 Unused Serialized files (Serialized files now loaded: 0)
Unloading 2733 unused Assets / (214.5 KB). Loaded Objects now: 3402.
Memory consumption went from 393.0 MB to 392.8 MB.
Total: 10.901625 ms (FindLiveObjects: 0.172417 ms CreateObjectMapping: 0.085750 ms MarkObjects: 10.097542 ms  DeleteObjects: 0.545416 ms)

Prepare: number of updated asset objects reloaded= 0
========================================================================
Received Prepare
Begin MonoManager ReloadAssembly
Thread 0x16d13b000 may have been prematurely finalized
Symbol file LoadedFromMemory is not a mono symbol file
- Loaded All Assemblies, in  0.617 seconds
Refreshing native plugins compatible for Editor in 10.61 ms, found 2 plugins.
Native extension for OSXStandalone target not found
Refreshing native plugins compatible for Editor in 1.51 ms, found 2 plugins.
Mono: successfully reloaded assembly
- Finished resetting the current domain, in  1.008 seconds
Domain Reload Profiling: 1627ms
	BeginReloadAssembly (217ms)
		ExecutionOrderSort (0ms)
		DisableScriptedObjects (12ms)
		BackupInstance (0ms)
		ReleaseScriptingObjects (0ms)
		CreateAndSetChildDomain (95ms)
	RebuildCommonClasses (46ms)
	RebuildNativeTypeToScriptingClass (14ms)
	initialDomainReloadingComplete (21ms)
	LoadAllAssembliesAndSetupDomain (320ms)
		LoadAssemblies (283ms)
		RebuildTransferFunctionScriptingTraits (0ms)
		AnalyzeDomain (104ms)
			TypeCache.Refresh (11ms)
				TypeCache.ScanAssembly (0ms)
			BuildScriptInfoCaches (88ms)
			ResolveRequiredComponents (3ms)
	FinalizeReload (1009ms)
		ReleaseScriptCaches (0ms)
		RebuildScriptCaches (0ms)
		SetupLoadedEditorAssemblies (815ms)
			LogAssemblyErrors (0ms)
			InitializePlatformSupportModulesInManaged (5ms)
			SetLoadedEditorAssemblies (5ms)
			BeforeProcessingInitializeOnLoad (56ms)
			ProcessInitializeOnLoadAttributes (587ms)
			ProcessInitializeOnLoadMethodAttributes (158ms)
			AfterProcessingInitializeOnLoad (4ms)
			EditorAssembliesLoaded (0ms)
		ExecutionOrderSort2 (0ms)
		AwakeInstancesAfterBackupRestoration (3ms)
Refreshing native plugins compatible for Editor in 1.40 ms, found 2 plugins.
Preloading 0 native plugins for Editor in 0.00 ms.
Unloading 0 Unused Serialized files (Serialized files now loaded: 0)
Unloading 2733 unused Assets / (158.4 KB). Loaded Objects now: 3402.
Memory consumption went from 399.0 MB to 398.9 MB.
Total: 9.866625 ms (FindLiveObjects: 0.166458 ms CreateObjectMapping: 0.078458 ms MarkObjects: 9.136208 ms  DeleteObjects: 0.484458 ms)

Prepare: number of updated asset objects reloaded= 0
========================================================================
Received Prepare
Begin MonoManager ReloadAssembly
Thread 0x16d13b000 may have been prematurely finalized
Symbol file LoadedFromMemory is not a mono symbol file
- Loaded All Assemblies, in  0.645 seconds
Refreshing native plugins compatible for Editor in 1.54 ms, found 2 plugins.
Native extension for OSXStandalone target not found
Refreshing native plugins compatible for Editor in 1.88 ms, found 2 plugins.
Mono: successfully reloaded assembly
- Finished resetting the current domain, in  1.005 seconds
Domain Reload Profiling: 1651ms
	BeginReloadAssembly (235ms)
		ExecutionOrderSort (0ms)
		DisableScriptedObjects (9ms)
		BackupInstance (0ms)
		ReleaseScriptingObjects (0ms)
		CreateAndSetChildDomain (107ms)
	RebuildCommonClasses (46ms)
	RebuildNativeTypeToScriptingClass (16ms)
	initialDomainReloadingComplete (21ms)
	LoadAllAssembliesAndSetupDomain (329ms)
		LoadAssemblies (295ms)
		RebuildTransferFunctionScriptingTraits (0ms)
		AnalyzeDomain (104ms)
			TypeCache.Refresh (7ms)
				TypeCache.ScanAssembly (0ms)
			BuildScriptInfoCaches (92ms)
			ResolveRequiredComponents (3ms)
	FinalizeReload (1005ms)
		ReleaseScriptCaches (0ms)
		RebuildScriptCaches (0ms)
		SetupLoadedEditorAssemblies (816ms)
			LogAssemblyErrors (0ms)
			InitializePlatformSupportModulesInManaged (3ms)
			SetLoadedEditorAssemblies (5ms)
			BeforeProcessingInitializeOnLoad (54ms)
			ProcessInitializeOnLoadAttributes (593ms)
			ProcessInitializeOnLoadMethodAttributes (158ms)
			AfterProcessingInitializeOnLoad (4ms)
			EditorAssembliesLoaded (0ms)
		ExecutionOrderSort2 (0ms)
		AwakeInstancesAfterBackupRestoration (3ms)
Refreshing native plugins compatible for Editor in 1.45 ms, found 2 plugins.
Preloading 0 native plugins for Editor in 0.00 ms.
Unloading 0 Unused Serialized files (Serialized files now loaded: 0)
Unloading 2733 unused Assets / (0.5 MB). Loaded Objects now: 3402.
Memory consumption went from 405.0 MB to 404.5 MB.
Total: 10.039958 ms (FindLiveObjects: 0.160292 ms CreateObjectMapping: 0.080375 ms MarkObjects: 9.294041 ms  DeleteObjects: 0.504417 ms)

Prepare: number of updated asset objects reloaded= 0
========================================================================
Received Prepare
Begin MonoManager ReloadAssembly
Thread 0x16d13b000 may have been prematurely finalized
Symbol file LoadedFromMemory is not a mono symbol file
- Loaded All Assemblies, in  0.592 seconds
Refreshing native plugins compatible for Editor in 4.02 ms, found 2 plugins.
Native extension for OSXStandalone target not found
Refreshing native plugins compatible for Editor in 1.52 ms, found 2 plugins.
Mono: successfully reloaded assembly
- Finished resetting the current domain, in  1.019 seconds
Domain Reload Profiling: 1613ms
	BeginReloadAssembly (216ms)
		ExecutionOrderSort (0ms)
		DisableScriptedObjects (14ms)
		BackupInstance (0ms)
		ReleaseScriptingObjects (0ms)
		CreateAndSetChildDomain (96ms)
	RebuildCommonClasses (52ms)
	RebuildNativeTypeToScriptingClass (14ms)
	initialDomainReloadingComplete (23ms)
	LoadAllAssembliesAndSetupDomain (288ms)
		LoadAssemblies (247ms)
		RebuildTransferFunctionScriptingTraits (0ms)
		AnalyzeDomain (102ms)
			TypeCache.Refresh (7ms)
				TypeCache.ScanAssembly (0ms)
			BuildScriptInfoCaches (89ms)
			ResolveRequiredComponents (3ms)
	FinalizeReload (1019ms)
		ReleaseScriptCaches (0ms)
		RebuildScriptCaches (0ms)
		SetupLoadedEditorAssemblies (819ms)
			LogAssemblyErrors (0ms)
			InitializePlatformSupportModulesInManaged (3ms)
			SetLoadedEditorAssemblies (7ms)
			BeforeProcessingInitializeOnLoad (61ms)
			ProcessInitializeOnLoadAttributes (585ms)
			ProcessInitializeOnLoadMethodAttributes (159ms)
			AfterProcessingInitializeOnLoad (4ms)
			EditorAssembliesLoaded (0ms)
		ExecutionOrderSort2 (0ms)
		AwakeInstancesAfterBackupRestoration (3ms)
Refreshing native plugins compatible for Editor in 1.55 ms, found 2 plugins.
Preloading 0 native plugins for Editor in 0.00 ms.
Unloading 0 Unused Serialized files (Serialized files now loaded: 0)
Unloading 2733 unused Assets / (1.0 MB). Loaded Objects now: 3402.
Memory consumption went from 411.0 MB to 410.0 MB.
Total: 10.593084 ms (FindLiveObjects: 0.171083 ms CreateObjectMapping: 0.080167 ms MarkObjects: 9.399083 ms  DeleteObjects: 0.942209 ms)

Prepare: number of updated asset objects reloaded= 0
========================================================================
Received Prepare
Begin MonoManager ReloadAssembly
Thread 0x16d13b000 may have been prematurely finalized
Symbol file LoadedFromMemory is not a mono symbol file
- Loaded All Assemblies, in  0.698 seconds
Refreshing native plugins compatible for Editor in 1.32 ms, found 2 plugins.
Native extension for OSXStandalone target not found
Refreshing native plugins compatible for Editor in 1.51 ms, found 2 plugins.
Mono: successfully reloaded assembly
- Finished resetting the current domain, in  1.011 seconds
Domain Reload Profiling: 1710ms
	BeginReloadAssembly (231ms)
		ExecutionOrderSort (0ms)
		DisableScriptedObjects (12ms)
		BackupInstance (0ms)
		ReleaseScriptingObjects (0ms)
		CreateAndSetChildDomain (96ms)
	RebuildCommonClasses (45ms)
	RebuildNativeTypeToScriptingClass (14ms)
	initialDomainReloadingComplete (21ms)
	LoadAllAssembliesAndSetupDomain (388ms)
		LoadAssemblies (318ms)
		RebuildTransferFunctionScriptingTraits (0ms)
		AnalyzeDomain (145ms)
			TypeCache.Refresh (8ms)
				TypeCache.ScanAssembly (0ms)
			BuildScriptInfoCaches (125ms)
			ResolveRequiredComponents (5ms)
	FinalizeReload (1011ms)
		ReleaseScriptCaches (0ms)
		RebuildScriptCaches (0ms)
		SetupLoadedEditorAssemblies (828ms)
			LogAssemblyErrors (0ms)
			InitializePlatformSupportModulesInManaged (3ms)
			SetLoadedEditorAssemblies (5ms)
			BeforeProcessingInitializeOnLoad (54ms)
			ProcessInitializeOnLoadAttributes (602ms)
			ProcessInitializeOnLoadMethodAttributes (160ms)
			AfterProcessingInitializeOnLoad (4ms)
			EditorAssembliesLoaded (0ms)
		ExecutionOrderSort2 (0ms)
		AwakeInstancesAfterBackupRestoration (4ms)
Refreshing native plugins compatible for Editor in 1.41 ms, found 2 plugins.
Preloading 0 native plugins for Editor in 0.00 ms.
Unloading 0 Unused Serialized files (Serialized files now loaded: 0)
Unloading 2733 unused Assets / (1.4 MB). Loaded Objects now: 3402.
Memory consumption went from 416.9 MB to 415.5 MB.
Total: 10.587709 ms (FindLiveObjects: 0.189958 ms CreateObjectMapping: 0.092792 ms MarkObjects: 8.844125 ms  DeleteObjects: 1.460083 ms)

Prepare: number of updated asset objects reloaded= 0
========================================================================
Received Prepare
Begin MonoManager ReloadAssembly
Thread 0x16d13b000 may have been prematurely finalized
Symbol file LoadedFromMemory is not a mono symbol file
- Loaded All Assemblies, in  0.762 seconds
Refreshing native plugins compatible for Editor in 1.40 ms, found 2 plugins.
Native extension for OSXStandalone target not found
Refreshing native plugins compatible for Editor in 1.49 ms, found 2 plugins.
Mono: successfully reloaded assembly
- Finished resetting the current domain, in  1.005 seconds
Domain Reload Profiling: 1768ms
	BeginReloadAssembly (299ms)
		ExecutionOrderSort (0ms)
		DisableScriptedObjects (18ms)
		BackupInstance (0ms)
		ReleaseScriptingObjects (1ms)
		CreateAndSetChildDomain (109ms)
	RebuildCommonClasses (44ms)
	RebuildNativeTypeToScriptingClass (13ms)
	initialDomainReloadingComplete (27ms)
	LoadAllAssembliesAndSetupDomain (379ms)
		LoadAssemblies (357ms)
		RebuildTransferFunctionScriptingTraits (0ms)
		AnalyzeDomain (139ms)
			TypeCache.Refresh (16ms)
				TypeCache.ScanAssembly (0ms)
			BuildScriptInfoCaches (116ms)
			ResolveRequiredComponents (3ms)
	FinalizeReload (1006ms)
		ReleaseScriptCaches (0ms)
		RebuildScriptCaches (0ms)
		SetupLoadedEditorAssemblies (819ms)
			LogAssemblyErrors (0ms)
			InitializePlatformSupportModulesInManaged (3ms)
			SetLoadedEditorAssemblies (5ms)
			BeforeProcessingInitializeOnLoad (50ms)
			ProcessInitializeOnLoadAttributes (597ms)
			ProcessInitializeOnLoadMethodAttributes (160ms)
			AfterProcessingInitializeOnLoad (4ms)
			EditorAssembliesLoaded (0ms)
		ExecutionOrderSort2 (0ms)
		AwakeInstancesAfterBackupRestoration (3ms)
Refreshing native plugins compatible for Editor in 1.44 ms, found 2 plugins.
Preloading 0 native plugins for Editor in 0.00 ms.
Unloading 0 Unused Serialized files (Serialized files now loaded: 0)
Unloading 2733 unused Assets / (0.8 MB). Loaded Objects now: 3402.
Memory consumption went from 422.9 MB to 422.1 MB.
Total: 10.457250 ms (FindLiveObjects: 0.162958 ms CreateObjectMapping: 0.082250 ms MarkObjects: 9.182917 ms  DeleteObjects: 1.028750 ms)

Prepare: number of updated asset objects reloaded= 0
========================================================================
Received Import Request.
  Time since last request: 644.427101 seconds.
  path: Assets/Scripts/LapComplete.cs
  artifactKey: Guid(cab843a1f967ca94f8b68e12839e6834) Importer(815301076,1909f56bfc062723c751e8b465ee728b)
Start importing Assets/Scripts/LapComplete.cs using Guid(cab843a1f967ca94f8b68e12839e6834) Importer(815301076,1909f56bfc062723c751e8b465ee728b) (PreviewImporter) -> (artifact id: 'a0b0840430e9bfbebbca08e0de0a2a2b') in 0.014634875 seconds
Number of updated asset objects reloaded before import = 0Number of asset objects unloaded after import = 0

========================================================================
Received Prepare
Begin MonoManager ReloadAssembly
Thread 0x16d13b000 may have been prematurely finalized
Symbol file LoadedFromMemory is not a mono symbol file
- Loaded All Assemblies, in  0.922 seconds
Refreshing native plugins compatible for Editor in 1.46 ms, found 2 plugins.
Native extension for OSXStandalone target not found
Refreshing native plugins compatible for Editor in 1.52 ms, found 2 plugins.
Mono: successfully reloaded assembly
- Finished resetting the current domain, in  0.971 seconds
Domain Reload Profiling: 1894ms
	BeginReloadAssembly (217ms)
		ExecutionOrderSort (0ms)
		DisableScriptedObjects (18ms)
		BackupInstance (0ms)
		ReleaseScriptingObjects (0ms)
		CreateAndSetChildDomain (90ms)
	RebuildCommonClasses (42ms)
	RebuildNativeTypeToScriptingClass (13ms)
	initialDomainReloadingComplete (26ms)
	LoadAllAssembliesAndSetupDomain (624ms)
		LoadAssemblies (552ms)
		RebuildTransferFunctionScriptingTraits (0ms)
		AnalyzeDomain (130ms)
			TypeCache.Refresh (22ms)
				TypeCache.ScanAssembly (0ms)
			BuildScriptInfoCaches (103ms)
			ResolveRequiredComponents (3ms)
	FinalizeReload (971ms)
		ReleaseScriptCaches (0ms)
		RebuildScriptCaches (0ms)
		SetupLoadedEditorAssemblies (775ms)
			LogAssemblyErrors (0ms)
			InitializePlatformSupportModulesInManaged (3ms)
			SetLoadedEditorAssemblies (6ms)
			BeforeProcessingInitializeOnLoad (54ms)
			ProcessInitializeOnLoadAttributes (555ms)
			ProcessInitializeOnLoadMethodAttributes (154ms)
			AfterProcessingInitializeOnLoad (4ms)
			EditorAssembliesLoaded (0ms)
		ExecutionOrderSort2 (0ms)
		AwakeInstancesAfterBackupRestoration (4ms)
Refreshing native plugins compatible for Editor in 1.46 ms, found 2 plugins.
Preloading 0 native plugins for Editor in 0.00 ms.
Unloading 0 Unused Serialized files (Serialized files now loaded: 0)
Unloading 2733 unused Assets / (1.0 MB). Loaded Objects now: 3402.
Memory consumption went from 428.9 MB to 428.0 MB.
Total: 10.484000 ms (FindLiveObjects: 0.162292 ms CreateObjectMapping: 0.113667 ms MarkObjects: 9.124125 ms  DeleteObjects: 1.080166 ms)

Prepare: number of updated asset objects reloaded= 0
========================================================================
Received Prepare
Begin MonoManager ReloadAssembly
Thread 0x16d13b000 may have been prematurely finalized
Symbol file LoadedFromMemory is not a mono symbol file
- Loaded All Assemblies, in  0.516 seconds
Refreshing native plugins compatible for Editor in 1.42 ms, found 2 plugins.
Native extension for OSXStandalone target not found
Refreshing native plugins compatible for Editor in 1.49 ms, found 2 plugins.
Mono: successfully reloaded assembly
- Finished resetting the current domain, in  0.988 seconds
Domain Reload Profiling: 1506ms
	BeginReloadAssembly (140ms)
		ExecutionOrderSort (0ms)
		DisableScriptedObjects (6ms)
		BackupInstance (0ms)
		ReleaseScriptingObjects (0ms)
		CreateAndSetChildDomain (58ms)
	RebuildCommonClasses (42ms)
	RebuildNativeTypeToScriptingClass (13ms)
	initialDomainReloadingComplete (19ms)
	LoadAllAssembliesAndSetupDomain (303ms)
		LoadAssemblies (235ms)
		RebuildTransferFunctionScriptingTraits (0ms)
		AnalyzeDomain (113ms)
			TypeCache.Refresh (15ms)
				TypeCache.ScanAssembly (0ms)
			BuildScriptInfoCaches (93ms)
			ResolveRequiredComponents (3ms)
	FinalizeReload (989ms)
		ReleaseScriptCaches (0ms)
		RebuildScriptCaches (0ms)
		SetupLoadedEditorAssemblies (808ms)
			LogAssemblyErrors (0ms)
			InitializePlatformSupportModulesInManaged (3ms)
			SetLoadedEditorAssemblies (5ms)
			BeforeProcessingInitializeOnLoad (47ms)
			ProcessInitializeOnLoadAttributes (587ms)
			ProcessInitializeOnLoadMethodAttributes (163ms)
			AfterProcessingInitializeOnLoad (4ms)
			EditorAssembliesLoaded (0ms)
		ExecutionOrderSort2 (0ms)
		AwakeInstancesAfterBackupRestoration (4ms)
Refreshing native plugins compatible for Editor in 1.37 ms, found 2 plugins.
Preloading 0 native plugins for Editor in 0.00 ms.
Unloading 0 Unused Serialized files (Serialized files now loaded: 0)
Unloading 2733 unused Assets / (0.6 MB). Loaded Objects now: 3402.
Memory consumption went from 434.9 MB to 434.3 MB.
Total: 10.288458 ms (FindLiveObjects: 0.169542 ms CreateObjectMapping: 0.084875 ms MarkObjects: 9.100583 ms  DeleteObjects: 0.932791 ms)

Prepare: number of updated asset objects reloaded= 0
========================================================================
Received Prepare
Begin MonoManager ReloadAssembly
Thread 0x16d13b000 may have been prematurely finalized
Symbol file LoadedFromMemory is not a mono symbol file
- Loaded All Assemblies, in  0.667 seconds
Refreshing native plugins compatible for Editor in 1.41 ms, found 2 plugins.
Native extension for OSXStandalone target not found
Refreshing native plugins compatible for Editor in 1.54 ms, found 2 plugins.
Mono: successfully reloaded assembly
- Finished resetting the current domain, in  1.041 seconds
Domain Reload Profiling: 1709ms
	BeginReloadAssembly (237ms)
		ExecutionOrderSort (0ms)
		DisableScriptedObjects (13ms)
		BackupInstance (0ms)
		ReleaseScriptingObjects (0ms)
		CreateAndSetChildDomain (104ms)
	RebuildCommonClasses (52ms)
	RebuildNativeTypeToScriptingClass (14ms)
	initialDomainReloadingComplete (25ms)
	LoadAllAssembliesAndSetupDomain (339ms)
		LoadAssemblies (273ms)
		RebuildTransferFunctionScriptingTraits (0ms)
		AnalyzeDomain (132ms)
			TypeCache.Refresh (16ms)
				TypeCache.ScanAssembly (0ms)
			BuildScriptInfoCaches (111ms)
			ResolveRequiredComponents (3ms)
	FinalizeReload (1042ms)
		ReleaseScriptCaches (0ms)
		RebuildScriptCaches (0ms)
		SetupLoadedEditorAssemblies (839ms)
			LogAssemblyErrors (0ms)
			InitializePlatformSupportModulesInManaged (3ms)
			SetLoadedEditorAssemblies (5ms)
			BeforeProcessingInitializeOnLoad (74ms)
			ProcessInitializeOnLoadAttributes (592ms)
			ProcessInitializeOnLoadMethodAttributes (162ms)
			AfterProcessingInitializeOnLoad (4ms)
			EditorAssembliesLoaded (0ms)
		ExecutionOrderSort2 (0ms)
		AwakeInstancesAfterBackupRestoration (3ms)
Refreshing native plugins compatible for Editor in 1.40 ms, found 2 plugins.
Preloading 0 native plugins for Editor in 0.00 ms.
Unloading 0 Unused Serialized files (Serialized files now loaded: 0)
Unloading 2733 unused Assets / (1.1 MB). Loaded Objects now: 3402.
Memory consumption went from 440.9 MB to 439.9 MB.
Total: 10.513458 ms (FindLiveObjects: 0.163375 ms CreateObjectMapping: 0.082833 ms MarkObjects: 9.294250 ms  DeleteObjects: 0.972458 ms)

Prepare: number of updated asset objects reloaded= 0
========================================================================
Received Prepare
Begin MonoManager ReloadAssembly
Thread 0x16d13b000 may have been prematurely finalized
Symbol file LoadedFromMemory is not a mono symbol file
- Loaded All Assemblies, in  0.651 seconds
Refreshing native plugins compatible for Editor in 1.45 ms, found 2 plugins.
Native extension for OSXStandalone target not found
Refreshing native plugins compatible for Editor in 1.77 ms, found 2 plugins.
Mono: successfully reloaded assembly
- Finished resetting the current domain, in  0.995 seconds
Domain Reload Profiling: 1648ms
	BeginReloadAssembly (219ms)
		ExecutionOrderSort (0ms)
		DisableScriptedObjects (8ms)
		BackupInstance (0ms)
		ReleaseScriptingObjects (0ms)
		CreateAndSetChildDomain (99ms)
	RebuildCommonClasses (45ms)
	RebuildNativeTypeToScriptingClass (13ms)
	initialDomainReloadingComplete (23ms)
	LoadAllAssembliesAndSetupDomain (352ms)
		LoadAssemblies (308ms)
		RebuildTransferFunctionScriptingTraits (0ms)
		AnalyzeDomain (107ms)
			TypeCache.Refresh (9ms)
				TypeCache.ScanAssembly (0ms)
			BuildScriptInfoCaches (93ms)
			ResolveRequiredComponents (3ms)
	FinalizeReload (996ms)
		ReleaseScriptCaches (0ms)
		RebuildScriptCaches (0ms)
		SetupLoadedEditorAssemblies (804ms)
			LogAssemblyErrors (0ms)
			InitializePlatformSupportModulesInManaged (2ms)
			SetLoadedEditorAssemblies (5ms)
			BeforeProcessingInitializeOnLoad (50ms)
			ProcessInitializeOnLoadAttributes (586ms)
			ProcessInitializeOnLoadMethodAttributes (157ms)
			AfterProcessingInitializeOnLoad (4ms)
			EditorAssembliesLoaded (0ms)
		ExecutionOrderSort2 (0ms)
		AwakeInstancesAfterBackupRestoration (4ms)
Refreshing native plugins compatible for Editor in 1.39 ms, found 2 plugins.
Preloading 0 native plugins for Editor in 0.00 ms.
Unloading 0 Unused Serialized files (Serialized files now loaded: 0)
Unloading 2733 unused Assets / (1.0 MB). Loaded Objects now: 3402.
Memory consumption went from 446.7 MB to 445.7 MB.
Total: 10.013000 ms (FindLiveObjects: 0.171459 ms CreateObjectMapping: 0.086125 ms MarkObjects: 8.981792 ms  DeleteObjects: 0.773042 ms)

Prepare: number of updated asset objects reloaded= 0
========================================================================
Received Import Request.
  Time since last request: 365.259290 seconds.
  path: Assets/Scenes/RaceArea02.unity
  artifactKey: Guid(2c9ed9fd7a307074881e30ffe168e4ac) Importer(815301076,1909f56bfc062723c751e8b465ee728b)
Start importing Assets/Scenes/RaceArea02.unity using Guid(2c9ed9fd7a307074881e30ffe168e4ac) Importer(815301076,1909f56bfc062723c751e8b465ee728b) (PreviewImporter) -> (artifact id: 'e926eb481a8282c4ad6e1634b1965845') in 0.02638925 seconds
Number of updated asset objects reloaded before import = 0Number of asset objects unloaded after import = 0

========================================================================
Received Prepare
Begin MonoManager ReloadAssembly
Thread 0x16d13b000 may have been prematurely finalized
Symbol file LoadedFromMemory is not a mono symbol file
- Loaded All Assemblies, in  0.694 seconds
Refreshing native plugins compatible for Editor in 1.35 ms, found 2 plugins.
Native extension for OSXStandalone target not found
Refreshing native plugins compatible for Editor in 1.58 ms, found 2 plugins.
Mono: successfully reloaded assembly
- Finished resetting the current domain, in  0.953 seconds
Domain Reload Profiling: 1649ms
	BeginReloadAssembly (272ms)
		ExecutionOrderSort (0ms)
		DisableScriptedObjects (13ms)
		BackupInstance (0ms)
		ReleaseScriptingObjects (1ms)
		CreateAndSetChildDomain (102ms)
	RebuildCommonClasses (46ms)
	RebuildNativeTypeToScriptingClass (14ms)
	initialDomainReloadingComplete (24ms)
	LoadAllAssembliesAndSetupDomain (339ms)
		LoadAssemblies (308ms)
		RebuildTransferFunctionScriptingTraits (0ms)
		AnalyzeDomain (126ms)
			TypeCache.Refresh (12ms)
				TypeCache.ScanAssembly (0ms)
			BuildScriptInfoCaches (109ms)
			ResolveRequiredComponents (3ms)
	FinalizeReload (954ms)
		ReleaseScriptCaches (0ms)
		RebuildScriptCaches (0ms)
		SetupLoadedEditorAssemblies (770ms)
			LogAssemblyErrors (0ms)
			InitializePlatformSupportModulesInManaged (4ms)
			SetLoadedEditorAssemblies (5ms)
			BeforeProcessingInitializeOnLoad (48ms)
			ProcessInitializeOnLoadAttributes (552ms)
			ProcessInitializeOnLoadMethodAttributes (158ms)
			AfterProcessingInitializeOnLoad (4ms)
			EditorAssembliesLoaded (0ms)
		ExecutionOrderSort2 (0ms)
		AwakeInstancesAfterBackupRestoration (3ms)
Refreshing native plugins compatible for Editor in 1.37 ms, found 2 plugins.
Preloading 0 native plugins for Editor in 0.00 ms.
Unloading 0 Unused Serialized files (Serialized files now loaded: 0)
Unloading 2733 unused Assets / (1.1 MB). Loaded Objects now: 3402.
Memory consumption went from 452.8 MB to 451.7 MB.
Total: 10.080333 ms (FindLiveObjects: 0.154792 ms CreateObjectMapping: 0.079375 ms MarkObjects: 8.978959 ms  DeleteObjects: 0.866041 ms)

Prepare: number of updated asset objects reloaded= 0
========================================================================
Received Prepare
Begin MonoManager ReloadAssembly
Thread 0x16d13b000 may have been prematurely finalized
Symbol file LoadedFromMemory is not a mono symbol file
- Loaded All Assemblies, in  0.520 seconds
Refreshing native plugins compatible for Editor in 1.90 ms, found 2 plugins.
Native extension for OSXStandalone target not found
Refreshing native plugins compatible for Editor in 1.81 ms, found 2 plugins.
Mono: successfully reloaded assembly
- Finished resetting the current domain, in  1.133 seconds
Domain Reload Profiling: 1658ms
	BeginReloadAssembly (145ms)
		ExecutionOrderSort (0ms)
		DisableScriptedObjects (6ms)
		BackupInstance (0ms)
		ReleaseScriptingObjects (0ms)
		CreateAndSetChildDomain (59ms)
	RebuildCommonClasses (43ms)
	RebuildNativeTypeToScriptingClass (14ms)
	initialDomainReloadingComplete (19ms)
	LoadAllAssembliesAndSetupDomain (301ms)
		LoadAssemblies (241ms)
		RebuildTransferFunctionScriptingTraits (0ms)
		AnalyzeDomain (105ms)
			TypeCache.Refresh (7ms)
				TypeCache.ScanAssembly (0ms)
			BuildScriptInfoCaches (91ms)
			ResolveRequiredComponents (4ms)
	FinalizeReload (1136ms)
		ReleaseScriptCaches (0ms)
		RebuildScriptCaches (0ms)
		SetupLoadedEditorAssemblies (948ms)
			LogAssemblyErrors (0ms)
			InitializePlatformSupportModulesInManaged (3ms)
			SetLoadedEditorAssemblies (5ms)
			BeforeProcessingInitializeOnLoad (49ms)
			ProcessInitializeOnLoadAttributes (708ms)
			ProcessInitializeOnLoadMethodAttributes (178ms)
			AfterProcessingInitializeOnLoad (4ms)
			EditorAssembliesLoaded (0ms)
		ExecutionOrderSort2 (0ms)
		AwakeInstancesAfterBackupRestoration (3ms)
Refreshing native plugins compatible for Editor in 1.69 ms, found 2 plugins.
Preloading 0 native plugins for Editor in 0.00 ms.
Unloading 0 Unused Serialized files (Serialized files now loaded: 0)
Unloading 2733 unused Assets / (0.8 MB). Loaded Objects now: 3402.
Memory consumption went from 458.8 MB to 458.0 MB.
Total: 9.777959 ms (FindLiveObjects: 0.175916 ms CreateObjectMapping: 0.080417 ms MarkObjects: 8.706333 ms  DeleteObjects: 0.814625 ms)

Prepare: number of updated asset objects reloaded= 0
========================================================================
Received Import Request.
  Time since last request: 699.975653 seconds.
  path: Assets/Scripts/CameraChange.cs
  artifactKey: Guid(1eea9b89e06997c4e9df5288a98a08c9) Importer(815301076,1909f56bfc062723c751e8b465ee728b)
Start importing Assets/Scripts/CameraChange.cs using Guid(1eea9b89e06997c4e9df5288a98a08c9) Importer(815301076,1909f56bfc062723c751e8b465ee728b) (PreviewImporter) -> (artifact id: 'f6acde5f8a3402202d8cb72038d4426a') in 0.0133315 seconds
Number of updated asset objects reloaded before import = 0Number of asset objects unloaded after import = 0

========================================================================
Received Import Request.
  Time since last request: 0.854589 seconds.
  path: Assets/Scripts/CameraStable.cs
  artifactKey: Guid(5f11156ad341c0a4cb12349f67405c6c) Importer(815301076,1909f56bfc062723c751e8b465ee728b)
Start importing Assets/Scripts/CameraStable.cs using Guid(5f11156ad341c0a4cb12349f67405c6c) Importer(815301076,1909f56bfc062723c751e8b465ee728b) (PreviewImporter) -> (artifact id: 'd5e2edf878c0aa336c9ee2999064e264') in 0.000614458 seconds
Number of updated asset objects reloaded before import = 0Number of asset objects unloaded after import = 0

========================================================================
Received Import Request.
  Time since last request: 74.124215 seconds.
  path: Assets/Scenes/MainMenu.unity
  artifactKey: Guid(a4d5067153844ec42b450de2f4fa2cb6) Importer(815301076,1909f56bfc062723c751e8b465ee728b)
Start importing Assets/Scenes/MainMenu.unity using Guid(a4d5067153844ec42b450de2f4fa2cb6) Importer(815301076,1909f56bfc062723c751e8b465ee728b) (PreviewImporter) -> (artifact id: '515c299c751c46def02f46cf5706e4ee') in 0.004664625 seconds
Number of updated asset objects reloaded before import = 0Number of asset objects unloaded after import = 0

========================================================================
Received Import Request.
  Time since last request: 12.664371 seconds.
  path: Assets/Scripts/RaceFinish.cs
  artifactKey: Guid(2babaf956835cff4a8e7f14924f75498) Importer(815301076,1909f56bfc062723c751e8b465ee728b)
Start importing Assets/Scripts/RaceFinish.cs using Guid(2babaf956835cff4a8e7f14924f75498) Importer(815301076,1909f56bfc062723c751e8b465ee728b) (PreviewImporter) -> (artifact id: '2fb70f935b10f44e807ca28070c8039b') in 0.00050575 seconds
Number of updated asset objects reloaded before import = 0Number of asset objects unloaded after import = 0

========================================================================
Received Import Request.
  Time since last request: 2.810815 seconds.
  path: Assets/Scripts/LoadLapTime.cs
  artifactKey: Guid(144b66b30f8eab041a50ace2828a0572) Importer(815301076,1909f56bfc062723c751e8b465ee728b)
Start importing Assets/Scripts/LoadLapTime.cs using Guid(144b66b30f8eab041a50ace2828a0572) Importer(815301076,1909f56bfc062723c751e8b465ee728b) (PreviewImporter) -> (artifact id: 'ad8ea221bff6388871d137ff2d722925') in 0.00109725 seconds
Number of updated asset objects reloaded before import = 0Number of asset objects unloaded after import = 0

========================================================================
Received Import Request.
  Time since last request: 411.393363 seconds.
  path: Assets/Scenes/NewBrush.brush
  artifactKey: Guid(9396c0f37df8c413b994f0065c60cba6) Importer(815301076,1909f56bfc062723c751e8b465ee728b)
Start importing Assets/Scenes/NewBrush.brush using Guid(9396c0f37df8c413b994f0065c60cba6) Importer(815301076,1909f56bfc062723c751e8b465ee728b) (PreviewImporter) -> (artifact id: '40f2db3dc0867d535492b399ce0ca88b') in 0.315672791 seconds
Number of updated asset objects reloaded before import = 0Number of asset objects unloaded after import = 2

========================================================================
Received Import Request.
  Time since last request: 10.102922 seconds.
  path: Assets/Objects/Tree01/BroadLeaf01a3.prefab
  artifactKey: Guid(6e6795000f6196845ac9df7712ff0edf) Importer(815301076,1909f56bfc062723c751e8b465ee728b)
Start importing Assets/Objects/Tree01/BroadLeaf01a3.prefab using Guid(6e6795000f6196845ac9df7712ff0edf) Importer(815301076,1909f56bfc062723c751e8b465ee728b) (PreviewImporter) -> (artifact id: 'c273efeb788accae709df2f01cd436e9') in 0.736554416 seconds
Number of updated asset objects reloaded before import = 0Number of asset objects unloaded after import = 16

========================================================================
Received Import Request.
  Time since last request: 0.000042 seconds.
  path: Assets/Objects/Bush01/Bush.prefab
  artifactKey: Guid(558ed0da307a22949bfed6a2f580e7d6) Importer(815301076,1909f56bfc062723c751e8b465ee728b)
Start importing Assets/Objects/Bush01/Bush.prefab using Guid(558ed0da307a22949bfed6a2f580e7d6) Importer(815301076,1909f56bfc062723c751e8b465ee728b) (PreviewImporter) -> (artifact id: 'e55430eeded54bf6d609361032922ebb') in 0.034963958 seconds
Number of updated asset objects reloaded before import = 0Number of asset objects unloaded after import = 15

========================================================================
Received Import Request.
  Time since last request: 41.218669 seconds.
  path: Assets/Scenes/RaceArea02.unity
  artifactKey: Guid(2c9ed9fd7a307074881e30ffe168e4ac) Importer(815301076,1909f56bfc062723c751e8b465ee728b)
Start importing Assets/Scenes/RaceArea02.unity using Guid(2c9ed9fd7a307074881e30ffe168e4ac) Importer(815301076,1909f56bfc062723c751e8b465ee728b) (PreviewImporter) -> (artifact id: '112e2bfdacdba9896fd8111fd11aa274') in 0.004282292 seconds
Number of updated asset objects reloaded before import = 0Number of asset objects unloaded after import = 0

========================================================================
Received Import Request.
  Time since last request: 495.027407 seconds.
  path: Assets/Scenes/RaceArea02.unity
  artifactKey: Guid(2c9ed9fd7a307074881e30ffe168e4ac) Importer(815301076,1909f56bfc062723c751e8b465ee728b)
Start importing Assets/Scenes/RaceArea02.unity using Guid(2c9ed9fd7a307074881e30ffe168e4ac) Importer(815301076,1909f56bfc062723c751e8b465ee728b) (PreviewImporter) -> (artifact id: 'beb387985f5ebe03b43c6e086d0384e0') in 0.004524458 seconds
Number of updated asset objects reloaded before import = 0Number of asset objects unloaded after import = 0

========================================================================
Received Prepare
Begin MonoManager ReloadAssembly
Thread 0x16d13b000 may have been prematurely finalized
Symbol file LoadedFromMemory is not a mono symbol file
- Loaded All Assemblies, in  0.801 seconds
Refreshing native plugins compatible for Editor in 1.58 ms, found 2 plugins.
Native extension for OSXStandalone target not found
Refreshing native plugins compatible for Editor in 1.48 ms, found 2 plugins.
Mono: successfully reloaded assembly
- Finished resetting the current domain, in  1.030 seconds
Domain Reload Profiling: 1833ms
	BeginReloadAssembly (313ms)
		ExecutionOrderSort (0ms)
		DisableScriptedObjects (15ms)
		BackupInstance (0ms)
		ReleaseScriptingObjects (0ms)
		CreateAndSetChildDomain (153ms)
	RebuildCommonClasses (45ms)
	RebuildNativeTypeToScriptingClass (14ms)
	initialDomainReloadingComplete (26ms)
	LoadAllAssembliesAndSetupDomain (404ms)
		LoadAssemblies (326ms)
		RebuildTransferFunctionScriptingTraits (0ms)
		AnalyzeDomain (159ms)
			TypeCache.Refresh (19ms)
				TypeCache.ScanAssembly (0ms)
			BuildScriptInfoCaches (134ms)
			ResolveRequiredComponents (3ms)
	FinalizeReload (1030ms)
		ReleaseScriptCaches (0ms)
		RebuildScriptCaches (0ms)
		SetupLoadedEditorAssemblies (843ms)
			LogAssemblyErrors (0ms)
			InitializePlatformSupportModulesInManaged (3ms)
			SetLoadedEditorAssemblies (5ms)
			BeforeProcessingInitializeOnLoad (50ms)
			ProcessInitializeOnLoadAttributes (623ms)
			ProcessInitializeOnLoadMethodAttributes (159ms)
			AfterProcessingInitializeOnLoad (4ms)
			EditorAssembliesLoaded (0ms)
		ExecutionOrderSort2 (0ms)
		AwakeInstancesAfterBackupRestoration (3ms)
Refreshing native plugins compatible for Editor in 1.72 ms, found 2 plugins.
Preloading 0 native plugins for Editor in 0.00 ms.
Unloading 0 Unused Serialized files (Serialized files now loaded: 0)
Unloading 2733 unused Assets / (0.9 MB). Loaded Objects now: 3408.
Memory consumption went from 465.8 MB to 464.9 MB.
Total: 10.090792 ms (FindLiveObjects: 0.172125 ms CreateObjectMapping: 0.084333 ms MarkObjects: 9.002250 ms  DeleteObjects: 0.831291 ms)

Prepare: number of updated asset objects reloaded= 0
========================================================================
Received Prepare
Begin MonoManager ReloadAssembly
Thread 0x16d13b000 may have been prematurely finalized
Symbol file LoadedFromMemory is not a mono symbol file
- Loaded All Assemblies, in  0.555 seconds
Refreshing native plugins compatible for Editor in 1.25 ms, found 2 plugins.
Native extension for OSXStandalone target not found
Refreshing native plugins compatible for Editor in 1.69 ms, found 2 plugins.
Mono: successfully reloaded assembly
- Finished resetting the current domain, in  1.046 seconds
Domain Reload Profiling: 1602ms
	BeginReloadAssembly (187ms)
		ExecutionOrderSort (0ms)
		DisableScriptedObjects (8ms)
		BackupInstance (0ms)
		ReleaseScriptingObjects (0ms)
		CreateAndSetChildDomain (87ms)
	RebuildCommonClasses (43ms)
	RebuildNativeTypeToScriptingClass (13ms)
	initialDomainReloadingComplete (23ms)
	LoadAllAssembliesAndSetupDomain (289ms)
		LoadAssemblies (236ms)
		RebuildTransferFunctionScriptingTraits (0ms)
		AnalyzeDomain (100ms)
			TypeCache.Refresh (7ms)
				TypeCache.ScanAssembly (0ms)
			BuildScriptInfoCaches (88ms)
			ResolveRequiredComponents (3ms)
	FinalizeReload (1047ms)
		ReleaseScriptCaches (0ms)
		RebuildScriptCaches (0ms)
		SetupLoadedEditorAssemblies (847ms)
			LogAssemblyErrors (0ms)
			InitializePlatformSupportModulesInManaged (3ms)
			SetLoadedEditorAssemblies (5ms)
			BeforeProcessingInitializeOnLoad (63ms)
			ProcessInitializeOnLoadAttributes (610ms)
			ProcessInitializeOnLoadMethodAttributes (163ms)
			AfterProcessingInitializeOnLoad (4ms)
			EditorAssembliesLoaded (0ms)
		ExecutionOrderSort2 (0ms)
		AwakeInstancesAfterBackupRestoration (4ms)
Refreshing native plugins compatible for Editor in 1.45 ms, found 2 plugins.
Preloading 0 native plugins for Editor in 0.00 ms.
Unloading 0 Unused Serialized files (Serialized files now loaded: 0)
Unloading 2733 unused Assets / (0.8 MB). Loaded Objects now: 3408.
Memory consumption went from 471.8 MB to 471.0 MB.
Total: 10.246500 ms (FindLiveObjects: 0.165125 ms CreateObjectMapping: 0.090916 ms MarkObjects: 9.243959 ms  DeleteObjects: 0.745750 ms)

Prepare: number of updated asset objects reloaded= 0
========================================================================
Received Import Request.
  Time since last request: 1558.558496 seconds.
  path: Assets/Standard Assets/Vehicles/Car/Materials/SkyCarBodyGreen.mat
  artifactKey: Guid(432d7c22b8ed14b69b99e90dcc8c2307) Importer(815301076,1909f56bfc062723c751e8b465ee728b)
Start importing Assets/Standard Assets/Vehicles/Car/Materials/SkyCarBodyGreen.mat using Guid(432d7c22b8ed14b69b99e90dcc8c2307) Importer(815301076,1909f56bfc062723c751e8b465ee728b) (PreviewImporter) -> (artifact id: '705ebb193ced63b035e135eb3832daef') in 0.2543385 seconds
Number of updated asset objects reloaded before import = 0Number of asset objects unloaded after import = 3

========================================================================
Received Import Request.
  Time since last request: 5.952625 seconds.
  path: Assets/Standard Assets/Vehicles/Car/Materials/SkyCarBodyGreen 1.mat
  artifactKey: Guid(c9f0d35c49a7443e29fb7dc9383e9ec4) Importer(815301076,1909f56bfc062723c751e8b465ee728b)
Start importing Assets/Standard Assets/Vehicles/Car/Materials/SkyCarBodyGreen 1.mat using Guid(c9f0d35c49a7443e29fb7dc9383e9ec4) Importer(815301076,1909f56bfc062723c751e8b465ee728b) (PreviewImporter) -> (artifact id: '8cdddbb83e015d9ddf111512decfa6ac') in 0.0174785 seconds
Number of updated asset objects reloaded before import = 0Number of asset objects unloaded after import = 3

========================================================================
Received Import Request.
  Time since last request: 14.753036 seconds.
  path: Assets/Standard Assets/Vehicles/Car/Materials/SkyCarBodyBlue.mat
  artifactKey: Guid(c9f0d35c49a7443e29fb7dc9383e9ec4) Importer(815301076,1909f56bfc062723c751e8b465ee728b)
Start importing Assets/Standard Assets/Vehicles/Car/Materials/SkyCarBodyBlue.mat using Guid(c9f0d35c49a7443e29fb7dc9383e9ec4) Importer(815301076,1909f56bfc062723c751e8b465ee728b) (PreviewImporter) -> (artifact id: '240491685340f9b57a04b14efc738a8b') in 0.027936 seconds
Number of updated asset objects reloaded before import = 0Number of asset objects unloaded after import = 3

========================================================================
Received Import Request.
  Time since last request: 162.760152 seconds.
  path: Assets/Scenes/RaceArea02.unity
  artifactKey: Guid(2c9ed9fd7a307074881e30ffe168e4ac) Importer(815301076,1909f56bfc062723c751e8b465ee728b)
Start importing Assets/Scenes/RaceArea02.unity using Guid(2c9ed9fd7a307074881e30ffe168e4ac) Importer(815301076,1909f56bfc062723c751e8b465ee728b) (PreviewImporter) -> (artifact id: '5135f23fa7b5adbc2f06240ce21f00ae') in 0.003963792 seconds
Number of updated asset objects reloaded before import = 0Number of asset objects unloaded after import = 0

========================================================================
Received Import Request.
  Time since last request: 6.977522 seconds.
  path: Assets/Standard Assets/Vehicles/Car/Materials/SkyCarBodyBlue.mat
  artifactKey: Guid(c9f0d35c49a7443e29fb7dc9383e9ec4) Importer(815301076,1909f56bfc062723c751e8b465ee728b)
Start importing Assets/Standard Assets/Vehicles/Car/Materials/SkyCarBodyBlue.mat using Guid(c9f0d35c49a7443e29fb7dc9383e9ec4) Importer(815301076,1909f56bfc062723c751e8b465ee728b) (PreviewImporter) -> (artifact id: '8d618e85cc696ce7528250ac4df00ffd') in 0.035836916 seconds
Number of updated asset objects reloaded before import = 0Number of asset objects unloaded after import = 3

========================================================================
Received Import Request.
  Time since last request: 17.619622 seconds.
  path: Assets/Scenes/RaceArea01.unity
  artifactKey: Guid(2922f1561851bb74488cc275440583aa) Importer(815301076,1909f56bfc062723c751e8b465ee728b)
Start importing Assets/Scenes/RaceArea01.unity using Guid(2922f1561851bb74488cc275440583aa) Importer(815301076,1909f56bfc062723c751e8b465ee728b) (PreviewImporter) -> (artifact id: '9a197e3d1c0565b844466d4f1f9c6ecc') in 0.006088833 seconds
Number of updated asset objects reloaded before import = 0Number of asset objects unloaded after import = 0

========================================================================
Received Import Request.
  Time since last request: 306.724954 seconds.
  path: Assets/Scenes/RaceArea02.unity
  artifactKey: Guid(2c9ed9fd7a307074881e30ffe168e4ac) Importer(815301076,1909f56bfc062723c751e8b465ee728b)
Start importing Assets/Scenes/RaceArea02.unity using Guid(2c9ed9fd7a307074881e30ffe168e4ac) Importer(815301076,1909f56bfc062723c751e8b465ee728b) (PreviewImporter) -> (artifact id: '2f53e0e36355642634cc1c256968f053') in 0.017732917 seconds
Number of updated asset objects reloaded before import = 0Number of asset objects unloaded after import = 0

========================================================================
Received Import Request.
  Time since last request: 55.689016 seconds.
  path: Assets/Scenes/RaceArea01.unity
  artifactKey: Guid(2922f1561851bb74488cc275440583aa) Importer(815301076,1909f56bfc062723c751e8b465ee728b)
Start importing Assets/Scenes/RaceArea01.unity using Guid(2922f1561851bb74488cc275440583aa) Importer(815301076,1909f56bfc062723c751e8b465ee728b) (PreviewImporter) -> (artifact id: '84d3c2e53eb205b59ef1efb9e4fa75c8') in 0.006385791 seconds
Number of updated asset objects reloaded before import = 0Number of asset objects unloaded after import = 0

========================================================================
Received Prepare
Begin MonoManager ReloadAssembly
Thread 0x16d13b000 may have been prematurely finalized
Symbol file LoadedFromMemory is not a mono symbol file
- Loaded All Assemblies, in  0.956 seconds
Refreshing native plugins compatible for Editor in 1.87 ms, found 2 plugins.
Native extension for OSXStandalone target not found
Refreshing native plugins compatible for Editor in 1.51 ms, found 2 plugins.
Mono: successfully reloaded assembly
- Finished resetting the current domain, in  0.991 seconds
Domain Reload Profiling: 1948ms
	BeginReloadAssembly (335ms)
		ExecutionOrderSort (0ms)
		DisableScriptedObjects (11ms)
		BackupInstance (0ms)
		ReleaseScriptingObjects (0ms)
		CreateAndSetChildDomain (114ms)
	RebuildCommonClasses (51ms)
	RebuildNativeTypeToScriptingClass (14ms)
	initialDomainReloadingComplete (25ms)
	LoadAllAssembliesAndSetupDomain (532ms)
		LoadAssemblies (552ms)
		RebuildTransferFunctionScriptingTraits (0ms)
		AnalyzeDomain (142ms)
			TypeCache.Refresh (17ms)
				TypeCache.ScanAssembly (0ms)
			BuildScriptInfoCaches (116ms)
			ResolveRequiredComponents (4ms)
	FinalizeReload (991ms)
		ReleaseScriptCaches (0ms)
		RebuildScriptCaches (0ms)
		SetupLoadedEditorAssemblies (804ms)
			LogAssemblyErrors (0ms)
			InitializePlatformSupportModulesInManaged (2ms)
			SetLoadedEditorAssemblies (5ms)
			BeforeProcessingInitializeOnLoad (51ms)
			ProcessInitializeOnLoadAttributes (585ms)
			ProcessInitializeOnLoadMethodAttributes (158ms)
			AfterProcessingInitializeOnLoad (4ms)
			EditorAssembliesLoaded (0ms)
		ExecutionOrderSort2 (0ms)
		AwakeInstancesAfterBackupRestoration (3ms)
Refreshing native plugins compatible for Editor in 1.54 ms, found 2 plugins.
Preloading 0 native plugins for Editor in 0.00 ms.
Unloading 0 Unused Serialized files (Serialized files now loaded: 0)
Unloading 2733 unused Assets / (1.2 MB). Loaded Objects now: 3408.
Memory consumption went from 478.5 MB to 477.3 MB.
Total: 11.120000 ms (FindLiveObjects: 0.196084 ms CreateObjectMapping: 0.097167 ms MarkObjects: 9.324625 ms  DeleteObjects: 1.501375 ms)

Prepare: number of updated asset objects reloaded= 0
========================================================================
Received Import Request.
  Time since last request: 99.683026 seconds.
  path: Assets/Scenes/RaceArea02.unity
  artifactKey: Guid(2c9ed9fd7a307074881e30ffe168e4ac) Importer(815301076,1909f56bfc062723c751e8b465ee728b)
Start importing Assets/Scenes/RaceArea02.unity using Guid(2c9ed9fd7a307074881e30ffe168e4ac) Importer(815301076,1909f56bfc062723c751e8b465ee728b) (PreviewImporter) -> (artifact id: '1b2fbbe9121f0dadbb208f7d885623eb') in 0.0252155 seconds
Number of updated asset objects reloaded before import = 0Number of asset objects unloaded after import = 0

========================================================================
Received Import Request.
  Time since last request: 498.697787 seconds.
  path: Assets/Scripts/LapTimeManager.cs
  artifactKey: Guid(a602fe0cacc903045bcc391ba8cb7277) Importer(815301076,1909f56bfc062723c751e8b465ee728b)
Start importing Assets/Scripts/LapTimeManager.cs using Guid(a602fe0cacc903045bcc391ba8cb7277) Importer(815301076,1909f56bfc062723c751e8b465ee728b) (PreviewImporter) -> (artifact id: '767f318620a03d15fc57332a481163de') in 0.002313625 seconds
Number of updated asset objects reloaded before import = 0Number of asset objects unloaded after import = 0

========================================================================
Received Import Request.
  Time since last request: 4.088798 seconds.
  path: Assets/Scripts/HalfPointTrigger.cs
  artifactKey: Guid(a1bd1460bbefe4e45ae5f5a1aa5c004a) Importer(815301076,1909f56bfc062723c751e8b465ee728b)
Start importing Assets/Scripts/HalfPointTrigger.cs using Guid(a1bd1460bbefe4e45ae5f5a1aa5c004a) Importer(815301076,1909f56bfc062723c751e8b465ee728b) (PreviewImporter) -> (artifact id: 'ce622571a8e271345358bf530f6dcdc7') in 0.001456291 seconds
Number of updated asset objects reloaded before import = 0Number of asset objects unloaded after import = 0

